2026-07-29 12:51:12.670 INFO  c.f.springboot.app.Application - Starting Application using Java 21.0.2 with PID 27236 (C:\my projects\flashColorCardsApi\target\classes started by aleonmer in C:\my projects\flashColorCardsApi)
2026-07-29 12:51:12.671 DEBUG c.f.springboot.app.Application - Running with Spring Boot v4.1.0, Spring v7.0.8
2026-07-29 12:51:12.671 INFO  c.f.springboot.app.Application - The following 1 profile is active: "dev"
2026-07-29 12:51:13.188 INFO  o.s.d.r.c.RepositoryConfigurationDelegate - Bootstrapping Spring Data JPA repositories in DEFAULT mode.
2026-07-29 12:51:13.239 INFO  o.s.d.r.c.RepositoryConfigurationDelegate - Finished Spring Data repository scanning in 45 ms. Found 3 JPA repository interfaces.
2026-07-29 12:51:13.435 INFO  o.s.boot.tomcat.TomcatWebServer - Tomcat initialized with port 8080 (http)
2026-07-29 12:51:13.437 INFO  o.a.catalina.core.StandardService - Starting service [Tomcat]
2026-07-29 12:51:13.438 INFO  o.a.catalina.core.StandardEngine - Starting Servlet engine: [Apache Tomcat/11.0.22]
2026-07-29 12:51:13.535 INFO  o.s.b.w.c.s.WebApplicationContextInitializer - Root WebApplicationContext: initialization completed in 861 ms
2026-07-29 12:51:13.615 INFO  org.hibernate.orm.jpa - HHH008540: Processing PersistenceUnitInfo [name: default]
2026-07-29 12:51:13.681 INFO  o.s.o.j.p.SpringPersistenceUnitInfo - No LoadTimeWeaver setup: ignoring JPA class transformer
2026-07-29 12:51:13.685 INFO  com.zaxxer.hikari.HikariDataSource - HikariPool-25 - Starting...
2026-07-29 12:51:14.318 INFO  com.zaxxer.hikari.pool.HikariPool - HikariPool-25 - Added connection org.postgresql.jdbc.PgConnection@5b679c29
2026-07-29 12:51:14.319 INFO  com.zaxxer.hikari.HikariDataSource - HikariPool-25 - Start completed.
2026-07-29 12:51:14.368 WARN  org.hibernate.orm.deprecation - HHH90000025: PostgreSQLDialect does not need to be specified explicitly using 'hibernate.dialect' (remove the property setting and it will be selected by default)
2026-07-29 12:51:14.557 INFO  o.hibernate.orm.connections.pooling - HHH10001005: Database info:
	Database JDBC URL [jdbc:postgresql://ep-super-river-ab15ua67-pooler.eu-west-2.aws.neon.tech/neondb]
	Database driver: PostgreSQL JDBC Driver
	Database dialect: PostgreSQLDialect
	Database version: 18.4
	Default catalog/schema: neondb/public
	Autocommit mode: undefined/unknown
	Isolation level: READ_COMMITTED [default READ_COMMITTED]
	JDBC fetch size: none
	Pool: DataSourceConnectionProvider
	Minimum pool size: undefined/unknown
	Maximum pool size: undefined/unknown
2026-07-29 12:51:14.749 INFO  org.hibernate.orm.core - HHH000489: No JTA platform available (set 'hibernate.transaction.jta.platform' to enable JTA platform integration)
2026-07-29 12:51:14.752 INFO  o.s.o.j.LocalContainerEntityManagerFactoryBean - Initialized JPA EntityManagerFactory for persistence unit 'default'
2026-07-29 12:51:14.886 INFO  o.s.s.c.a.a.c.InitializeUserDetailsBeanManagerConfigurer$InitializeUserDetailsManagerConfigurer - Global AuthenticationManager configured with UserDetailsService bean with name userDetailsService
2026-07-29 12:51:15.041 WARN  o.s.b.j.a.JpaBaseConfiguration$JpaWebConfiguration - spring.jpa.open-in-view is enabled by default. Therefore, database queries may be performed during view rendering. Explicitly configure spring.jpa.open-in-view to disable this warning
2026-07-29 12:51:15.294 INFO  o.s.boot.tomcat.TomcatWebServer - Tomcat started on port 8080 (http) with context path '/'
2026-07-29 12:51:15.298 INFO  c.f.springboot.app.Application - Started Application in 3.041 seconds (process running for 4365.041)
2026-07-29 12:51:15.299 WARN  o.s.c.events.SpringDocAppInitializer - SpringDoc /v3/api-docs endpoint is enabled by default. To disable it in production, set the property 'springdoc.api-docs.enabled=false'
2026-07-29 12:51:15.299 WARN  o.s.c.events.SpringDocAppInitializer - SpringDoc /swagger-ui.html endpoint is enabled by default. To disable it in production, set the property 'springdoc.swagger-ui.enabled=false'
2026-07-29 12:51:15.301 INFO  o.s.b.d.a.ConditionEvaluationDeltaLoggingListener - Condition evaluation unchanged
2026-07-29 12:54:13.927 INFO  o.a.c.c.C.[Tomcat-2].[localhost].[/] - Initializing Spring DispatcherServlet 'dispatcherServlet'
2026-07-29 12:54:13.927 INFO  o.s.web.servlet.DispatcherServlet - Initializing Servlet 'dispatcherServlet'
2026-07-29 12:54:13.930 INFO  o.s.web.servlet.DispatcherServlet - Completed initialization in 2 ms
2026-07-29 12:54:14.980 INFO  o.s.api.AbstractOpenApiResource - Init duration for springdoc-openapi is: 277 ms
2026-07-29 12:56:25.761 INFO  c.f.s.app.controllers.CardController - Recibida la petición create card {}Card(id=null, idSet=4, title=string42, review=2, forgotten=20, date=2026-07-29, answer=string, delay=0, color=string)
2026-07-29 12:56:25.823 WARN  org.hibernate.orm.jdbc.error - HHH000247: ErrorCode: 0, SQLState: 23503
2026-07-29 12:56:25.823 WARN  org.hibernate.orm.jdbc.error - ERROR: insert or update on table "card" violates foreign key constraint "fk_card_set"
  Detail: Key (id_set)=(4) is not present in table "set".
2026-07-29 12:56:25.923 WARN  o.s.w.s.m.m.a.ExceptionHandlerExceptionResolver - Resolved [org.springframework.dao.DataIntegrityViolationException: could not execute statement [ERROR: insert or update on table "card" violates foreign key constraint "fk_card_set"<EOL>  Detail: Key (id_set)=(4) is not present in table "set".] [insert into card (answer,color,date,delay,forgotten,id_set,review,title) values (?,?,?,?,?,?,?,?)]; SQL [insert into card (answer,color,date,delay,forgotten,id_set,review,title) values (?,?,?,?,?,?,?,?)]; constraint [fk_card_set]]
2026-07-29 12:56:58.077 INFO  c.f.s.app.controllers.CardController - Recibida la petición create card {}Card(id=null, idSet=2, title=string42, review=2, forgotten=20, date=2026-07-29, answer=string, delay=0, color=string)
2026-07-29 13:00:56.682 WARN  com.zaxxer.hikari.pool.PoolBase - HikariPool-25 - Failed to validate connection org.postgresql.jdbc.PgConnection@7532bcc3 (This connection has been closed.). Possibly consider using a shorter maxLifetime value.
2026-07-29 13:00:57.913 WARN  com.zaxxer.hikari.pool.PoolBase - HikariPool-25 - Failed to validate connection org.postgresql.jdbc.PgConnection@340fb6f8 (This connection has been closed.). Possibly consider using a shorter maxLifetime value.
2026-07-29 13:01:00.903 WARN  com.zaxxer.hikari.pool.PoolBase - HikariPool-25 - Failed to validate connection org.postgresql.jdbc.PgConnection@5b679c29 (This connection has been closed.). Possibly consider using a shorter maxLifetime value.
2026-07-29 13:01:01.852 WARN  com.zaxxer.hikari.pool.PoolBase - HikariPool-25 - Failed to validate connection org.postgresql.jdbc.PgConnection@65451e91 (This connection has been closed.). Possibly consider using a shorter maxLifetime value.
2026-07-29 13:01:02.853 WARN  com.zaxxer.hikari.pool.PoolBase - HikariPool-25 - Failed to validate connection org.postgresql.jdbc.PgConnection@5f1625e (This connection has been closed.). Possibly consider using a shorter maxLifetime value.
2026-07-29 13:01:21.936 WARN  com.zaxxer.hikari.pool.PoolBase - HikariPool-25 - Failed to validate connection org.postgresql.jdbc.PgConnection@1d519493 (This connection has been closed.). Possibly consider using a shorter maxLifetime value.
2026-07-29 13:01:45.377 WARN  com.zaxxer.hikari.pool.PoolBase - HikariPool-25 - Failed to validate connection org.postgresql.jdbc.PgConnection@19dc6434 (This connection has been closed.). Possibly consider using a shorter maxLifetime value.
2026-07-29 13:01:48.636 WARN  com.zaxxer.hikari.pool.PoolBase - HikariPool-25 - Failed to validate connection org.postgresql.jdbc.PgConnection@655fdaa (This connection has been closed.). Possibly consider using a shorter maxLifetime value.
2026-07-29 13:02:00.880 WARN  com.zaxxer.hikari.pool.PoolBase - HikariPool-25 - Failed to validate connection org.postgresql.jdbc.PgConnection@506e7126 (This connection has been closed.). Possibly consider using a shorter maxLifetime value.
2026-07-29 13:02:09.843 WARN  com.zaxxer.hikari.pool.PoolBase - HikariPool-25 - Failed to validate connection org.postgresql.jdbc.PgConnection@35715e5b (This connection has been closed.). Possibly consider using a shorter maxLifetime value.
2026-07-29 13:29:15.728 INFO  o.s.b.d.a.LocalDevToolsAutoConfiguration$RestartingClassPathChangeChangedEventListener - Restarting due to 1 class path change (0 additions, 1 deletion, 0 modifications)
2026-07-29 13:29:15.733 INFO  o.s.boot.tomcat.GracefulShutdown - Commencing graceful shutdown. Waiting for active requests to complete
2026-07-29 13:29:15.755 INFO  o.s.boot.tomcat.GracefulShutdown - Graceful shutdown complete
2026-07-29 13:29:15.760 INFO  o.s.o.j.LocalContainerEntityManagerFactoryBean - Closing JPA EntityManagerFactory for persistence unit 'default'
2026-07-29 13:29:15.762 INFO  com.zaxxer.hikari.HikariDataSource - HikariPool-25 - Shutdown initiated...
2026-07-29 13:29:16.185 INFO  com.zaxxer.hikari.HikariDataSource - HikariPool-25 - Shutdown completed.
2026-07-29 13:29:16.790 INFO  c.f.springboot.app.Application - Starting Application using Java 21.0.2 with PID 27236 (C:\my projects\flashColorCardsApi\target\classes started by aleonmer in C:\my projects\flashColorCardsApi)
2026-07-29 13:29:16.792 DEBUG c.f.springboot.app.Application - Running with Spring Boot v4.1.0, Spring v7.0.8
2026-07-29 13:29:16.792 INFO  c.f.springboot.app.Application - The following 1 profile is active: "dev"
2026-07-29 13:29:17.546 INFO  o.s.d.r.c.RepositoryConfigurationDelegate - Bootstrapping Spring Data JPA repositories in DEFAULT mode.
2026-07-29 13:29:17.588 WARN  o.s.b.w.s.s.c.AnnotationConfigServletWebServerApplicationContext - Exception encountered during context initialization - cancelling refresh attempt: java.lang.TypeNotPresentException: Type com.flashcolorcard.springboot.app.entities.Set not present
2026-07-29 13:29:17.598 INFO  o.s.b.a.l.ConditionEvaluationReportLogger - 

Error starting ApplicationContext. To display the condition evaluation report re-run your application with 'debug' enabled.
2026-07-29 13:29:17.606 ERROR o.s.boot.SpringApplication - Application run failed
java.lang.TypeNotPresentException: Type com.flashcolorcard.springboot.app.entities.Set not present
	at java.base/sun.reflect.generics.factory.CoreReflectionFactory.makeNamedType(CoreReflectionFactory.java:117)
	at java.base/sun.reflect.generics.visitor.Reifier.visitClassTypeSignature(Reifier.java:125)
	at java.base/sun.reflect.generics.tree.ClassTypeSignature.accept(ClassTypeSignature.java:49)
	at java.base/sun.reflect.generics.visitor.Reifier.reifyTypeArguments(Reifier.java:68)
	at java.base/sun.reflect.generics.visitor.Reifier.visitClassTypeSignature(Reifier.java:138)
	at java.base/sun.reflect.generics.tree.ClassTypeSignature.accept(ClassTypeSignature.java:49)
	at java.base/sun.reflect.generics.repository.ClassRepository.computeSuperInterfaces(ClassRepository.java:117)
	at java.base/sun.reflect.generics.repository.ClassRepository.getSuperInterfaces(ClassRepository.java:95)
	at java.base/java.lang.Class.getGenericInterfaces(Class.java:1296)
	at org.springframework.core.ResolvableType.getInterfaces(ResolvableType.java:544)
	at org.springframework.core.ResolvableType.as(ResolvableType.java:492)
	at org.springframework.data.core.TypeDiscoverer.getSuperTypeInformation(TypeDiscoverer.java:266)
	at org.springframework.data.core.TypeInformation.getRequiredSuperTypeInformation(TypeInformation.java:328)
	at org.springframework.data.repository.core.support.DefaultRepositoryMetadata.<init>(DefaultRepositoryMetadata.java:55)
	at org.springframework.data.repository.core.support.AbstractRepositoryMetadata.getMetadata(AbstractRepositoryMetadata.java:79)
	at org.springframework.data.repository.config.RepositoryConfigurationExtensionSupport.getRepositoryConfigurations(RepositoryConfigurationExtensionSupport.java:93)
	at org.springframework.data.repository.config.RepositoryConfigurationDelegate.registerRepositoriesIn(RepositoryConfigurationDelegate.java:170)
	at org.springframework.boot.autoconfigure.data.AbstractRepositoryConfigurationSourceSupport.registerBeanDefinitions(AbstractRepositoryConfigurationSourceSupport.java:67)
	at org.springframework.context.annotation.ConfigurationClassBeanDefinitionReader.lambda$loadBeanDefinitionsFromImportBeanDefinitionRegistrars$0(ConfigurationClassBeanDefinitionReader.java:422)
	at java.base/java.util.LinkedHashMap.forEach(LinkedHashMap.java:986)
	at org.springframework.context.annotation.ConfigurationClassBeanDefinitionReader.loadBeanDefinitionsFromImportBeanDefinitionRegistrars(ConfigurationClassBeanDefinitionReader.java:421)
	at org.springframework.context.annotation.ConfigurationClassBeanDefinitionReader.loadBeanDefinitionsForConfigurationClass(ConfigurationClassBeanDefinitionReader.java:152)
	at org.springframework.context.annotation.ConfigurationClassBeanDefinitionReader.loadBeanDefinitions(ConfigurationClassBeanDefinitionReader.java:124)
	at org.springframework.context.annotation.ConfigurationClassPostProcessor.processConfigBeanDefinitions(ConfigurationClassPostProcessor.java:464)
	at org.springframework.context.annotation.ConfigurationClassPostProcessor.postProcessBeanDefinitionRegistry(ConfigurationClassPostProcessor.java:316)
	at org.springframework.context.support.PostProcessorRegistrationDelegate.invokeBeanDefinitionRegistryPostProcessors(PostProcessorRegistrationDelegate.java:349)
	at org.springframework.context.support.PostProcessorRegistrationDelegate.invokeBeanFactoryPostProcessors(PostProcessorRegistrationDelegate.java:118)
	at org.springframework.context.support.AbstractApplicationContext.invokeBeanFactoryPostProcessors(AbstractApplicationContext.java:795)
	at org.springframework.context.support.AbstractApplicationContext.refresh(AbstractApplicationContext.java:603)
	at org.springframework.boot.web.server.servlet.context.ServletWebServerApplicationContext.refresh(ServletWebServerApplicationContext.java:143)
	at org.springframework.boot.SpringApplication.refresh(SpringApplication.java:756)
	at org.springframework.boot.SpringApplication.refreshContext(SpringApplication.java:445)
	at org.springframework.boot.SpringApplication.run(SpringApplication.java:321)
	at org.springframework.boot.SpringApplication.run(SpringApplication.java:1365)
	at org.springframework.boot.SpringApplication.run(SpringApplication.java:1354)
	at com.flashcolorcard.springboot.app.Application.main(Application.java:10)
	at java.base/jdk.internal.reflect.DirectMethodHandleAccessor.invoke(DirectMethodHandleAccessor.java:103)
	at java.base/java.lang.reflect.Method.invoke(Method.java:580)
	at org.springframework.boot.devtools.restart.RestartLauncher.run(RestartLauncher.java:52)
Caused by: java.lang.ClassNotFoundException: com.flashcolorcard.springboot.app.entities.Set
	at java.base/jdk.internal.loader.BuiltinClassLoader.loadClass(BuiltinClassLoader.java:641)
	at java.base/jdk.internal.loader.ClassLoaders$AppClassLoader.loadClass(ClassLoaders.java:188)
	at java.base/java.lang.ClassLoader.loadClass(ClassLoader.java:526)
	at java.base/java.lang.Class.forName0(Native Method)
	at java.base/java.lang.Class.forName(Class.java:534)
	at java.base/java.lang.Class.forName(Class.java:513)
	at org.springframework.boot.devtools.restart.classloader.RestartClassLoader.loadClass(RestartClassLoader.java:123)
	at java.base/java.lang.ClassLoader.loadClass(ClassLoader.java:526)
	at java.base/java.lang.Class.forName0(Native Method)
	at java.base/java.lang.Class.forName(Class.java:534)
	at java.base/java.lang.Class.forName(Class.java:513)
	at java.base/sun.reflect.generics.factory.CoreReflectionFactory.makeNamedType(CoreReflectionFactory.java:114)
	... 38 common frames omitted
2026-07-29 13:32:05.876 INFO  c.f.springboot.app.Application - Starting Application using Java 21.0.2 with PID 27236 (C:\my projects\flashColorCardsApi\target\classes started by aleonmer in C:\my projects\flashColorCardsApi)
2026-07-29 13:32:05.877 DEBUG c.f.springboot.app.Application - Running with Spring Boot v4.1.0, Spring v7.0.8
2026-07-29 13:32:05.878 INFO  c.f.springboot.app.Application - The following 1 profile is active: "dev"
2026-07-29 13:32:07.160 INFO  o.s.d.r.c.RepositoryConfigurationDelegate - Bootstrapping Spring Data JPA repositories in DEFAULT mode.
2026-07-29 13:32:07.205 WARN  o.s.b.w.s.s.c.AnnotationConfigServletWebServerApplicationContext - Exception encountered during context initialization - cancelling refresh attempt: java.lang.TypeNotPresentException: Type com.flashcolorcard.springboot.app.entities.Card not present
2026-07-29 13:32:07.209 INFO  o.s.b.a.l.ConditionEvaluationReportLogger - 

Error starting ApplicationContext. To display the condition evaluation report re-run your application with 'debug' enabled.
2026-07-29 13:32:07.220 ERROR o.s.boot.SpringApplication - Application run failed
java.lang.TypeNotPresentException: Type com.flashcolorcard.springboot.app.entities.Card not present
	at java.base/sun.reflect.generics.factory.CoreReflectionFactory.makeNamedType(CoreReflectionFactory.java:117)
	at java.base/sun.reflect.generics.visitor.Reifier.visitClassTypeSignature(Reifier.java:125)
	at java.base/sun.reflect.generics.tree.ClassTypeSignature.accept(ClassTypeSignature.java:49)
	at java.base/sun.reflect.generics.visitor.Reifier.reifyTypeArguments(Reifier.java:68)
	at java.base/sun.reflect.generics.visitor.Reifier.visitClassTypeSignature(Reifier.java:138)
	at java.base/sun.reflect.generics.tree.ClassTypeSignature.accept(ClassTypeSignature.java:49)
	at java.base/sun.reflect.generics.repository.ClassRepository.computeSuperInterfaces(ClassRepository.java:117)
	at java.base/sun.reflect.generics.repository.ClassRepository.getSuperInterfaces(ClassRepository.java:95)
	at java.base/java.lang.Class.getGenericInterfaces(Class.java:1296)
	at org.springframework.core.ResolvableType.getInterfaces(ResolvableType.java:544)
	at org.springframework.core.ResolvableType.as(ResolvableType.java:492)
	at org.springframework.data.core.TypeDiscoverer.getSuperTypeInformation(TypeDiscoverer.java:266)
	at org.springframework.data.core.TypeInformation.getRequiredSuperTypeInformation(TypeInformation.java:328)
	at org.springframework.data.repository.core.support.DefaultRepositoryMetadata.<init>(DefaultRepositoryMetadata.java:55)
	at org.springframework.data.repository.core.support.AbstractRepositoryMetadata.getMetadata(AbstractRepositoryMetadata.java:79)
	at org.springframework.data.repository.config.RepositoryConfigurationExtensionSupport.getRepositoryConfigurations(RepositoryConfigurationExtensionSupport.java:93)
	at org.springframework.data.repository.config.RepositoryConfigurationDelegate.registerRepositoriesIn(RepositoryConfigurationDelegate.java:170)
	at org.springframework.boot.autoconfigure.data.AbstractRepositoryConfigurationSourceSupport.registerBeanDefinitions(AbstractRepositoryConfigurationSourceSupport.java:67)
	at org.springframework.context.annotation.ConfigurationClassBeanDefinitionReader.lambda$loadBeanDefinitionsFromImportBeanDefinitionRegistrars$0(ConfigurationClassBeanDefinitionReader.java:422)
	at java.base/java.util.LinkedHashMap.forEach(LinkedHashMap.java:986)
	at org.springframework.context.annotation.ConfigurationClassBeanDefinitionReader.loadBeanDefinitionsFromImportBeanDefinitionRegistrars(ConfigurationClassBeanDefinitionReader.java:421)
	at org.springframework.context.annotation.ConfigurationClassBeanDefinitionReader.loadBeanDefinitionsForConfigurationClass(ConfigurationClassBeanDefinitionReader.java:152)
	at org.springframework.context.annotation.ConfigurationClassBeanDefinitionReader.loadBeanDefinitions(ConfigurationClassBeanDefinitionReader.java:124)
	at org.springframework.context.annotation.ConfigurationClassPostProcessor.processConfigBeanDefinitions(ConfigurationClassPostProcessor.java:464)
	at org.springframework.context.annotation.ConfigurationClassPostProcessor.postProcessBeanDefinitionRegistry(ConfigurationClassPostProcessor.java:316)
	at org.springframework.context.support.PostProcessorRegistrationDelegate.invokeBeanDefinitionRegistryPostProcessors(PostProcessorRegistrationDelegate.java:349)
	at org.springframework.context.support.PostProcessorRegistrationDelegate.invokeBeanFactoryPostProcessors(PostProcessorRegistrationDelegate.java:118)
	at org.springframework.context.support.AbstractApplicationContext.invokeBeanFactoryPostProcessors(AbstractApplicationContext.java:795)
	at org.springframework.context.support.AbstractApplicationContext.refresh(AbstractApplicationContext.java:603)
	at org.springframework.boot.web.server.servlet.context.ServletWebServerApplicationContext.refresh(ServletWebServerApplicationContext.java:143)
	at org.springframework.boot.SpringApplication.refresh(SpringApplication.java:756)
	at org.springframework.boot.SpringApplication.refreshContext(SpringApplication.java:445)
	at org.springframework.boot.SpringApplication.run(SpringApplication.java:321)
	at org.springframework.boot.SpringApplication.run(SpringApplication.java:1365)
	at org.springframework.boot.SpringApplication.run(SpringApplication.java:1354)
	at com.flashcolorcard.springboot.app.Application.main(Application.java:10)
	at java.base/jdk.internal.reflect.DirectMethodHandleAccessor.invoke(DirectMethodHandleAccessor.java:103)
	at java.base/java.lang.reflect.Method.invoke(Method.java:580)
	at org.springframework.boot.devtools.restart.RestartLauncher.run(RestartLauncher.java:52)
Caused by: java.lang.ClassNotFoundException: com.flashcolorcard.springboot.app.entities.Card
	at java.base/jdk.internal.loader.BuiltinClassLoader.loadClass(BuiltinClassLoader.java:641)
	at java.base/jdk.internal.loader.ClassLoaders$AppClassLoader.loadClass(ClassLoaders.java:188)
	at java.base/java.lang.ClassLoader.loadClass(ClassLoader.java:526)
	at java.base/java.lang.Class.forName0(Native Method)
	at java.base/java.lang.Class.forName(Class.java:534)
	at java.base/java.lang.Class.forName(Class.java:513)
	at org.springframework.boot.devtools.restart.classloader.RestartClassLoader.loadClass(RestartClassLoader.java:123)
	at java.base/java.lang.ClassLoader.loadClass(ClassLoader.java:526)
	at java.base/java.lang.Class.forName0(Native Method)
	at java.base/java.lang.Class.forName(Class.java:534)
	at java.base/java.lang.Class.forName(Class.java:513)
	at java.base/sun.reflect.generics.factory.CoreReflectionFactory.makeNamedType(CoreReflectionFactory.java:114)
	... 38 common frames omitted
2026-07-29 13:32:17.800 INFO  c.f.springboot.app.Application - Starting Application using Java 21.0.2 with PID 27236 (C:\my projects\flashColorCardsApi\target\classes started by aleonmer in C:\my projects\flashColorCardsApi)
2026-07-29 13:32:17.801 DEBUG c.f.springboot.app.Application - Running with Spring Boot v4.1.0, Spring v7.0.8
2026-07-29 13:32:17.802 INFO  c.f.springboot.app.Application - The following 1 profile is active: "dev"
2026-07-29 13:32:19.623 INFO  o.s.d.r.c.RepositoryConfigurationDelegate - Bootstrapping Spring Data JPA repositories in DEFAULT mode.
2026-07-29 13:32:19.734 INFO  o.s.d.r.c.RepositoryConfigurationDelegate - Finished Spring Data repository scanning in 102 ms. Found 3 JPA repository interfaces.
2026-07-29 13:32:20.478 INFO  o.s.boot.tomcat.TomcatWebServer - Tomcat initialized with port 8080 (http)
2026-07-29 13:32:20.480 INFO  o.a.catalina.core.StandardService - Starting service [Tomcat]
2026-07-29 13:32:20.481 INFO  o.a.catalina.core.StandardEngine - Starting Servlet engine: [Apache Tomcat/11.0.22]
2026-07-29 13:32:20.621 INFO  o.s.b.w.c.s.WebApplicationContextInitializer - Root WebApplicationContext: initialization completed in 2814 ms
2026-07-29 13:32:20.818 INFO  org.hibernate.orm.jpa - HHH008540: Processing PersistenceUnitInfo [name: default]
2026-07-29 13:32:21.053 INFO  o.s.o.j.p.SpringPersistenceUnitInfo - No LoadTimeWeaver setup: ignoring JPA class transformer
2026-07-29 13:32:21.063 INFO  com.zaxxer.hikari.HikariDataSource - HikariPool-26 - Starting...
2026-07-29 13:32:21.591 INFO  com.zaxxer.hikari.pool.HikariPool - HikariPool-26 - Added connection org.postgresql.jdbc.PgConnection@117b8afc
2026-07-29 13:32:21.592 INFO  com.zaxxer.hikari.HikariDataSource - HikariPool-26 - Start completed.
2026-07-29 13:32:21.649 WARN  org.hibernate.orm.deprecation - HHH90000025: PostgreSQLDialect does not need to be specified explicitly using 'hibernate.dialect' (remove the property setting and it will be selected by default)
2026-07-29 13:32:21.823 INFO  o.hibernate.orm.connections.pooling - HHH10001005: Database info:
	Database JDBC URL [jdbc:postgresql://ep-super-river-ab15ua67-pooler.eu-west-2.aws.neon.tech/neondb]
	Database driver: PostgreSQL JDBC Driver
	Database dialect: PostgreSQLDialect
	Database version: 18.4
	Default catalog/schema: neondb/public
	Autocommit mode: undefined/unknown
	Isolation level: READ_COMMITTED [default READ_COMMITTED]
	JDBC fetch size: none
	Pool: DataSourceConnectionProvider
	Minimum pool size: undefined/unknown
	Maximum pool size: undefined/unknown
2026-07-29 13:32:22.022 ERROR o.s.o.j.LocalContainerEntityManagerFactoryBean - Failed to initialize JPA EntityManagerFactory: Collection 'com.flashcolorcard.springboot.app.entities.Card.sets' is 'mappedBy' a property named 'fk_card_set' which does not exist in the target entity 'com.flashcolorcard.springboot.app.entities.Card'
2026-07-29 13:32:22.023 WARN  o.s.b.w.s.s.c.AnnotationConfigServletWebServerApplicationContext - Exception encountered during context initialization - cancelling refresh attempt: org.springframework.beans.factory.BeanCreationException: Error creating bean with name 'entityManagerFactory' defined in class path resource [org/springframework/boot/hibernate/autoconfigure/HibernateJpaConfiguration.class]: Collection 'com.flashcolorcard.springboot.app.entities.Card.sets' is 'mappedBy' a property named 'fk_card_set' which does not exist in the target entity 'com.flashcolorcard.springboot.app.entities.Card'
2026-07-29 13:32:22.024 INFO  com.zaxxer.hikari.HikariDataSource - HikariPool-26 - Shutdown initiated...
2026-07-29 13:32:22.106 INFO  com.zaxxer.hikari.HikariDataSource - HikariPool-26 - Shutdown completed.
2026-07-29 13:32:22.108 INFO  o.a.catalina.core.StandardService - Stopping service [Tomcat]
2026-07-29 13:32:22.155 INFO  o.s.b.a.l.ConditionEvaluationReportLogger - 

Error starting ApplicationContext. To display the condition evaluation report re-run your application with 'debug' enabled.
2026-07-29 13:32:22.169 ERROR o.s.boot.SpringApplication - Application run failed
org.springframework.beans.factory.BeanCreationException: Error creating bean with name 'entityManagerFactory' defined in class path resource [org/springframework/boot/hibernate/autoconfigure/HibernateJpaConfiguration.class]: Collection 'com.flashcolorcard.springboot.app.entities.Card.sets' is 'mappedBy' a property named 'fk_card_set' which does not exist in the target entity 'com.flashcolorcard.springboot.app.entities.Card'
	at org.springframework.beans.factory.support.AbstractAutowireCapableBeanFactory.initializeBean(AbstractAutowireCapableBeanFactory.java:1815)
	at org.springframework.beans.factory.support.AbstractAutowireCapableBeanFactory.doCreateBean(AbstractAutowireCapableBeanFactory.java:603)
	at org.springframework.beans.factory.support.AbstractAutowireCapableBeanFactory.createBean(AbstractAutowireCapableBeanFactory.java:525)
	at org.springframework.beans.factory.support.AbstractBeanFactory.lambda$doGetBean$0(AbstractBeanFactory.java:333)
	at org.springframework.beans.factory.support.DefaultSingletonBeanRegistry.getSingleton(DefaultSingletonBeanRegistry.java:371)
	at org.springframework.beans.factory.support.AbstractBeanFactory.doGetBean(AbstractBeanFactory.java:331)
	at org.springframework.beans.factory.support.AbstractBeanFactory.getBean(AbstractBeanFactory.java:201)
	at org.springframework.context.support.AbstractApplicationContext.finishBeanFactoryInitialization(AbstractApplicationContext.java:977)
	at org.springframework.context.support.AbstractApplicationContext.refresh(AbstractApplicationContext.java:621)
	at org.springframework.boot.web.server.servlet.context.ServletWebServerApplicationContext.refresh(ServletWebServerApplicationContext.java:143)
	at org.springframework.boot.SpringApplication.refresh(SpringApplication.java:756)
	at org.springframework.boot.SpringApplication.refreshContext(SpringApplication.java:445)
	at org.springframework.boot.SpringApplication.run(SpringApplication.java:321)
	at org.springframework.boot.SpringApplication.run(SpringApplication.java:1365)
	at org.springframework.boot.SpringApplication.run(SpringApplication.java:1354)
	at com.flashcolorcard.springboot.app.Application.main(Application.java:10)
	at java.base/jdk.internal.reflect.DirectMethodHandleAccessor.invoke(DirectMethodHandleAccessor.java:103)
	at java.base/java.lang.reflect.Method.invoke(Method.java:580)
	at org.springframework.boot.devtools.restart.RestartLauncher.run(RestartLauncher.java:52)
Caused by: org.hibernate.AnnotationException: Collection 'com.flashcolorcard.springboot.app.entities.Card.sets' is 'mappedBy' a property named 'fk_card_set' which does not exist in the target entity 'com.flashcolorcard.springboot.app.entities.Card'
	at org.hibernate.boot.model.internal.CollectionBinder.getMappedByProperty(CollectionBinder.java:1507)
	at org.hibernate.boot.model.internal.CollectionBinder.isReversePropertyInJoin(CollectionBinder.java:1490)
	at org.hibernate.boot.model.internal.CollectionBinder.noAssociationTable(CollectionBinder.java:1515)
	at org.hibernate.boot.model.internal.CollectionBinder.bindStarToManySecondPass(CollectionBinder.java:1473)
	at org.hibernate.boot.model.internal.CollectionBinder$1.secondPass(CollectionBinder.java:1464)
	at org.hibernate.boot.model.internal.CollectionSecondPass.doSecondPass(CollectionSecondPass.java:39)
	at org.hibernate.boot.internal.InFlightMetadataCollectorImpl.processSecondPasses(InFlightMetadataCollectorImpl.java:1769)
	at org.hibernate.boot.internal.InFlightMetadataCollectorImpl.processSecondPasses(InFlightMetadataCollectorImpl.java:1735)
	at org.hibernate.boot.model.process.spi.MetadataBuildingProcess.coordinateProcessors(MetadataBuildingProcess.java:361)
	at org.hibernate.boot.model.process.spi.MetadataBuildingProcess.complete(MetadataBuildingProcess.java:209)
	at org.hibernate.jpa.boot.internal.EntityManagerFactoryBuilderImpl.metadata(EntityManagerFactoryBuilderImpl.java:1388)
	at org.hibernate.jpa.boot.internal.EntityManagerFactoryBuilderImpl.populateSessionFactoryBuilder(EntityManagerFactoryBuilderImpl.java:1468)
	at org.hibernate.jpa.boot.internal.EntityManagerFactoryBuilderImpl.build(EntityManagerFactoryBuilderImpl.java:1450)
	at org.springframework.orm.jpa.vendor.SpringHibernateJpaPersistenceProvider.createContainerEntityManagerFactory(SpringHibernateJpaPersistenceProvider.java:93)
	at org.springframework.orm.jpa.LocalContainerEntityManagerFactoryBean.createNativeEntityManagerFactory(LocalContainerEntityManagerFactoryBean.java:443)
	at org.springframework.orm.jpa.AbstractEntityManagerFactoryBean.buildNativeEntityManagerFactory(AbstractEntityManagerFactoryBean.java:436)
	at org.springframework.orm.jpa.AbstractEntityManagerFactoryBean.afterPropertiesSet(AbstractEntityManagerFactoryBean.java:411)
	at org.springframework.orm.jpa.LocalContainerEntityManagerFactoryBean.afterPropertiesSet(LocalContainerEntityManagerFactoryBean.java:419)
	at org.springframework.beans.factory.support.AbstractAutowireCapableBeanFactory.invokeInitMethods(AbstractAutowireCapableBeanFactory.java:1862)
	at org.springframework.beans.factory.support.AbstractAutowireCapableBeanFactory.initializeBean(AbstractAutowireCapableBeanFactory.java:1811)
	... 18 common frames omitted
2026-07-29 13:33:59.621 INFO  c.f.springboot.app.Application - Starting Application using Java 21.0.2 with PID 27236 (C:\my projects\flashColorCardsApi\target\classes started by aleonmer in C:\my projects\flashColorCardsApi)
2026-07-29 13:33:59.622 DEBUG c.f.springboot.app.Application - Running with Spring Boot v4.1.0, Spring v7.0.8
2026-07-29 13:33:59.622 INFO  c.f.springboot.app.Application - The following 1 profile is active: "dev"
2026-07-29 13:34:00.469 INFO  o.s.d.r.c.RepositoryConfigurationDelegate - Bootstrapping Spring Data JPA repositories in DEFAULT mode.
2026-07-29 13:34:00.507 WARN  o.s.b.w.s.s.c.AnnotationConfigServletWebServerApplicationContext - Exception encountered during context initialization - cancelling refresh attempt: java.lang.TypeNotPresentException: Type com.flashcolorcard.springboot.app.entities.Card not present
2026-07-29 13:34:00.510 INFO  o.s.b.a.l.ConditionEvaluationReportLogger - 

Error starting ApplicationContext. To display the condition evaluation report re-run your application with 'debug' enabled.
2026-07-29 13:34:00.519 ERROR o.s.boot.SpringApplication - Application run failed
java.lang.TypeNotPresentException: Type com.flashcolorcard.springboot.app.entities.Card not present
	at java.base/sun.reflect.generics.factory.CoreReflectionFactory.makeNamedType(CoreReflectionFactory.java:117)
	at java.base/sun.reflect.generics.visitor.Reifier.visitClassTypeSignature(Reifier.java:125)
	at java.base/sun.reflect.generics.tree.ClassTypeSignature.accept(ClassTypeSignature.java:49)
	at java.base/sun.reflect.generics.visitor.Reifier.reifyTypeArguments(Reifier.java:68)
	at java.base/sun.reflect.generics.visitor.Reifier.visitClassTypeSignature(Reifier.java:138)
	at java.base/sun.reflect.generics.tree.ClassTypeSignature.accept(ClassTypeSignature.java:49)
	at java.base/sun.reflect.generics.repository.ClassRepository.computeSuperInterfaces(ClassRepository.java:117)
	at java.base/sun.reflect.generics.repository.ClassRepository.getSuperInterfaces(ClassRepository.java:95)
	at java.base/java.lang.Class.getGenericInterfaces(Class.java:1296)
	at org.springframework.core.ResolvableType.getInterfaces(ResolvableType.java:544)
	at org.springframework.core.ResolvableType.as(ResolvableType.java:492)
	at org.springframework.data.core.TypeDiscoverer.getSuperTypeInformation(TypeDiscoverer.java:266)
	at org.springframework.data.core.TypeInformation.getRequiredSuperTypeInformation(TypeInformation.java:328)
	at org.springframework.data.repository.core.support.DefaultRepositoryMetadata.<init>(DefaultRepositoryMetadata.java:55)
	at org.springframework.data.repository.core.support.AbstractRepositoryMetadata.getMetadata(AbstractRepositoryMetadata.java:79)
	at org.springframework.data.repository.config.RepositoryConfigurationExtensionSupport.getRepositoryConfigurations(RepositoryConfigurationExtensionSupport.java:93)
	at org.springframework.data.repository.config.RepositoryConfigurationDelegate.registerRepositoriesIn(RepositoryConfigurationDelegate.java:170)
	at org.springframework.boot.autoconfigure.data.AbstractRepositoryConfigurationSourceSupport.registerBeanDefinitions(AbstractRepositoryConfigurationSourceSupport.java:67)
	at org.springframework.context.annotation.ConfigurationClassBeanDefinitionReader.lambda$loadBeanDefinitionsFromImportBeanDefinitionRegistrars$0(ConfigurationClassBeanDefinitionReader.java:422)
	at java.base/java.util.LinkedHashMap.forEach(LinkedHashMap.java:986)
	at org.springframework.context.annotation.ConfigurationClassBeanDefinitionReader.loadBeanDefinitionsFromImportBeanDefinitionRegistrars(ConfigurationClassBeanDefinitionReader.java:421)
	at org.springframework.context.annotation.ConfigurationClassBeanDefinitionReader.loadBeanDefinitionsForConfigurationClass(ConfigurationClassBeanDefinitionReader.java:152)
	at org.springframework.context.annotation.ConfigurationClassBeanDefinitionReader.loadBeanDefinitions(ConfigurationClassBeanDefinitionReader.java:124)
	at org.springframework.context.annotation.ConfigurationClassPostProcessor.processConfigBeanDefinitions(ConfigurationClassPostProcessor.java:464)
	at org.springframework.context.annotation.ConfigurationClassPostProcessor.postProcessBeanDefinitionRegistry(ConfigurationClassPostProcessor.java:316)
	at org.springframework.context.support.PostProcessorRegistrationDelegate.invokeBeanDefinitionRegistryPostProcessors(PostProcessorRegistrationDelegate.java:349)
	at org.springframework.context.support.PostProcessorRegistrationDelegate.invokeBeanFactoryPostProcessors(PostProcessorRegistrationDelegate.java:118)
	at org.springframework.context.support.AbstractApplicationContext.invokeBeanFactoryPostProcessors(AbstractApplicationContext.java:795)
	at org.springframework.context.support.AbstractApplicationContext.refresh(AbstractApplicationContext.java:603)
	at org.springframework.boot.web.server.servlet.context.ServletWebServerApplicationContext.refresh(ServletWebServerApplicationContext.java:143)
	at org.springframework.boot.SpringApplication.refresh(SpringApplication.java:756)
	at org.springframework.boot.SpringApplication.refreshContext(SpringApplication.java:445)
	at org.springframework.boot.SpringApplication.run(SpringApplication.java:321)
	at org.springframework.boot.SpringApplication.run(SpringApplication.java:1365)
	at org.springframework.boot.SpringApplication.run(SpringApplication.java:1354)
	at com.flashcolorcard.springboot.app.Application.main(Application.java:10)
	at java.base/jdk.internal.reflect.DirectMethodHandleAccessor.invoke(DirectMethodHandleAccessor.java:103)
	at java.base/java.lang.reflect.Method.invoke(Method.java:580)
	at org.springframework.boot.devtools.restart.RestartLauncher.run(RestartLauncher.java:52)
Caused by: java.lang.ClassNotFoundException: com.flashcolorcard.springboot.app.entities.Card
	at java.base/jdk.internal.loader.BuiltinClassLoader.loadClass(BuiltinClassLoader.java:641)
	at java.base/jdk.internal.loader.ClassLoaders$AppClassLoader.loadClass(ClassLoaders.java:188)
	at java.base/java.lang.ClassLoader.loadClass(ClassLoader.java:526)
	at java.base/java.lang.Class.forName0(Native Method)
	at java.base/java.lang.Class.forName(Class.java:534)
	at java.base/java.lang.Class.forName(Class.java:513)
	at org.springframework.boot.devtools.restart.classloader.RestartClassLoader.loadClass(RestartClassLoader.java:123)
	at java.base/java.lang.ClassLoader.loadClass(ClassLoader.java:526)
	at java.base/java.lang.Class.forName0(Native Method)
	at java.base/java.lang.Class.forName(Class.java:534)
	at java.base/java.lang.Class.forName(Class.java:513)
	at java.base/sun.reflect.generics.factory.CoreReflectionFactory.makeNamedType(CoreReflectionFactory.java:114)
	... 38 common frames omitted
2026-07-29 13:34:15.431 INFO  c.f.springboot.app.Application - Starting Application using Java 21.0.2 with PID 27236 (C:\my projects\flashColorCardsApi\target\classes started by aleonmer in C:\my projects\flashColorCardsApi)
2026-07-29 13:34:15.432 DEBUG c.f.springboot.app.Application - Running with Spring Boot v4.1.0, Spring v7.0.8
2026-07-29 13:34:15.432 INFO  c.f.springboot.app.Application - The following 1 profile is active: "dev"
2026-07-29 13:34:16.088 INFO  o.s.d.r.c.RepositoryConfigurationDelegate - Bootstrapping Spring Data JPA repositories in DEFAULT mode.
2026-07-29 13:34:16.149 INFO  o.s.d.r.c.RepositoryConfigurationDelegate - Finished Spring Data repository scanning in 55 ms. Found 3 JPA repository interfaces.
2026-07-29 13:34:16.485 INFO  o.s.boot.tomcat.TomcatWebServer - Tomcat initialized with port 8080 (http)
2026-07-29 13:34:16.488 INFO  o.a.catalina.core.StandardService - Starting service [Tomcat]
2026-07-29 13:34:16.489 INFO  o.a.catalina.core.StandardEngine - Starting Servlet engine: [Apache Tomcat/11.0.22]
2026-07-29 13:34:16.631 INFO  o.s.b.w.c.s.WebApplicationContextInitializer - Root WebApplicationContext: initialization completed in 1194 ms
2026-07-29 13:34:16.759 INFO  org.hibernate.orm.jpa - HHH008540: Processing PersistenceUnitInfo [name: default]
2026-07-29 13:34:16.911 INFO  o.s.o.j.p.SpringPersistenceUnitInfo - No LoadTimeWeaver setup: ignoring JPA class transformer
2026-07-29 13:34:16.913 INFO  com.zaxxer.hikari.HikariDataSource - HikariPool-27 - Starting...
2026-07-29 13:34:17.373 INFO  com.zaxxer.hikari.pool.HikariPool - HikariPool-27 - Added connection org.postgresql.jdbc.PgConnection@3d992c6a
2026-07-29 13:34:17.373 INFO  com.zaxxer.hikari.HikariDataSource - HikariPool-27 - Start completed.
2026-07-29 13:34:17.421 WARN  org.hibernate.orm.deprecation - HHH90000025: PostgreSQLDialect does not need to be specified explicitly using 'hibernate.dialect' (remove the property setting and it will be selected by default)
2026-07-29 13:34:17.630 INFO  o.hibernate.orm.connections.pooling - HHH10001005: Database info:
	Database JDBC URL [jdbc:postgresql://ep-super-river-ab15ua67-pooler.eu-west-2.aws.neon.tech/neondb]
	Database driver: PostgreSQL JDBC Driver
	Database dialect: PostgreSQLDialect
	Database version: 18.4
	Default catalog/schema: neondb/public
	Autocommit mode: undefined/unknown
	Isolation level: READ_COMMITTED [default READ_COMMITTED]
	JDBC fetch size: none
	Pool: DataSourceConnectionProvider
	Minimum pool size: undefined/unknown
	Maximum pool size: undefined/unknown
2026-07-29 13:34:17.691 ERROR o.s.o.j.LocalContainerEntityManagerFactoryBean - Failed to initialize JPA EntityManagerFactory: Collection 'com.flashcolorcard.springboot.app.entities.Card.sets' is 'mappedBy' a property named 'fk_card_set' which does not exist in the target entity 'com.flashcolorcard.springboot.app.entities.Set'
2026-07-29 13:34:17.692 WARN  o.s.b.w.s.s.c.AnnotationConfigServletWebServerApplicationContext - Exception encountered during context initialization - cancelling refresh attempt: org.springframework.beans.factory.BeanCreationException: Error creating bean with name 'entityManagerFactory' defined in class path resource [org/springframework/boot/hibernate/autoconfigure/HibernateJpaConfiguration.class]: Collection 'com.flashcolorcard.springboot.app.entities.Card.sets' is 'mappedBy' a property named 'fk_card_set' which does not exist in the target entity 'com.flashcolorcard.springboot.app.entities.Set'
2026-07-29 13:34:17.692 INFO  com.zaxxer.hikari.HikariDataSource - HikariPool-27 - Shutdown initiated...
2026-07-29 13:34:17.934 INFO  com.zaxxer.hikari.HikariDataSource - HikariPool-27 - Shutdown completed.
2026-07-29 13:34:17.937 INFO  o.a.catalina.core.StandardService - Stopping service [Tomcat]
2026-07-29 13:34:17.971 INFO  o.s.b.a.l.ConditionEvaluationReportLogger - 

Error starting ApplicationContext. To display the condition evaluation report re-run your application with 'debug' enabled.
2026-07-29 13:34:17.986 ERROR o.s.boot.SpringApplication - Application run failed
org.springframework.beans.factory.BeanCreationException: Error creating bean with name 'entityManagerFactory' defined in class path resource [org/springframework/boot/hibernate/autoconfigure/HibernateJpaConfiguration.class]: Collection 'com.flashcolorcard.springboot.app.entities.Card.sets' is 'mappedBy' a property named 'fk_card_set' which does not exist in the target entity 'com.flashcolorcard.springboot.app.entities.Set'
	at org.springframework.beans.factory.support.AbstractAutowireCapableBeanFactory.initializeBean(AbstractAutowireCapableBeanFactory.java:1815)
	at org.springframework.beans.factory.support.AbstractAutowireCapableBeanFactory.doCreateBean(AbstractAutowireCapableBeanFactory.java:603)
	at org.springframework.beans.factory.support.AbstractAutowireCapableBeanFactory.createBean(AbstractAutowireCapableBeanFactory.java:525)
	at org.springframework.beans.factory.support.AbstractBeanFactory.lambda$doGetBean$0(AbstractBeanFactory.java:333)
	at org.springframework.beans.factory.support.DefaultSingletonBeanRegistry.getSingleton(DefaultSingletonBeanRegistry.java:371)
	at org.springframework.beans.factory.support.AbstractBeanFactory.doGetBean(AbstractBeanFactory.java:331)
	at org.springframework.beans.factory.support.AbstractBeanFactory.getBean(AbstractBeanFactory.java:201)
	at org.springframework.context.support.AbstractApplicationContext.finishBeanFactoryInitialization(AbstractApplicationContext.java:977)
	at org.springframework.context.support.AbstractApplicationContext.refresh(AbstractApplicationContext.java:621)
	at org.springframework.boot.web.server.servlet.context.ServletWebServerApplicationContext.refresh(ServletWebServerApplicationContext.java:143)
	at org.springframework.boot.SpringApplication.refresh(SpringApplication.java:756)
	at org.springframework.boot.SpringApplication.refreshContext(SpringApplication.java:445)
	at org.springframework.boot.SpringApplication.run(SpringApplication.java:321)
	at org.springframework.boot.SpringApplication.run(SpringApplication.java:1365)
	at org.springframework.boot.SpringApplication.run(SpringApplication.java:1354)
	at com.flashcolorcard.springboot.app.Application.main(Application.java:10)
	at java.base/jdk.internal.reflect.DirectMethodHandleAccessor.invoke(DirectMethodHandleAccessor.java:103)
	at java.base/java.lang.reflect.Method.invoke(Method.java:580)
	at org.springframework.boot.devtools.restart.RestartLauncher.run(RestartLauncher.java:52)
Caused by: org.hibernate.AnnotationException: Collection 'com.flashcolorcard.springboot.app.entities.Card.sets' is 'mappedBy' a property named 'fk_card_set' which does not exist in the target entity 'com.flashcolorcard.springboot.app.entities.Set'
	at org.hibernate.boot.model.internal.CollectionBinder.getMappedByProperty(CollectionBinder.java:1507)
	at org.hibernate.boot.model.internal.CollectionBinder.isReversePropertyInJoin(CollectionBinder.java:1490)
	at org.hibernate.boot.model.internal.CollectionBinder.noAssociationTable(CollectionBinder.java:1515)
	at org.hibernate.boot.model.internal.CollectionBinder.bindStarToManySecondPass(CollectionBinder.java:1473)
	at org.hibernate.boot.model.internal.CollectionBinder$1.secondPass(CollectionBinder.java:1464)
	at org.hibernate.boot.model.internal.CollectionSecondPass.doSecondPass(CollectionSecondPass.java:39)
	at org.hibernate.boot.internal.InFlightMetadataCollectorImpl.processSecondPasses(InFlightMetadataCollectorImpl.java:1769)
	at org.hibernate.boot.internal.InFlightMetadataCollectorImpl.processSecondPasses(InFlightMetadataCollectorImpl.java:1735)
	at org.hibernate.boot.model.process.spi.MetadataBuildingProcess.coordinateProcessors(MetadataBuildingProcess.java:361)
	at org.hibernate.boot.model.process.spi.MetadataBuildingProcess.complete(MetadataBuildingProcess.java:209)
	at org.hibernate.jpa.boot.internal.EntityManagerFactoryBuilderImpl.metadata(EntityManagerFactoryBuilderImpl.java:1388)
	at org.hibernate.jpa.boot.internal.EntityManagerFactoryBuilderImpl.populateSessionFactoryBuilder(EntityManagerFactoryBuilderImpl.java:1468)
	at org.hibernate.jpa.boot.internal.EntityManagerFactoryBuilderImpl.build(EntityManagerFactoryBuilderImpl.java:1450)
	at org.springframework.orm.jpa.vendor.SpringHibernateJpaPersistenceProvider.createContainerEntityManagerFactory(SpringHibernateJpaPersistenceProvider.java:93)
	at org.springframework.orm.jpa.LocalContainerEntityManagerFactoryBean.createNativeEntityManagerFactory(LocalContainerEntityManagerFactoryBean.java:443)
	at org.springframework.orm.jpa.AbstractEntityManagerFactoryBean.buildNativeEntityManagerFactory(AbstractEntityManagerFactoryBean.java:436)
	at org.springframework.orm.jpa.AbstractEntityManagerFactoryBean.afterPropertiesSet(AbstractEntityManagerFactoryBean.java:411)
	at org.springframework.orm.jpa.LocalContainerEntityManagerFactoryBean.afterPropertiesSet(LocalContainerEntityManagerFactoryBean.java:419)
	at org.springframework.beans.factory.support.AbstractAutowireCapableBeanFactory.invokeInitMethods(AbstractAutowireCapableBeanFactory.java:1862)
	at org.springframework.beans.factory.support.AbstractAutowireCapableBeanFactory.initializeBean(AbstractAutowireCapableBeanFactory.java:1811)
	... 18 common frames omitted
2026-07-29 13:34:36.996 INFO  c.f.springboot.app.Application - Starting Application using Java 21.0.2 with PID 27236 (C:\my projects\flashColorCardsApi\target\classes started by aleonmer in C:\my projects\flashColorCardsApi)
2026-07-29 13:34:36.997 DEBUG c.f.springboot.app.Application - Running with Spring Boot v4.1.0, Spring v7.0.8
2026-07-29 13:34:36.997 INFO  c.f.springboot.app.Application - The following 1 profile is active: "dev"
2026-07-29 13:34:37.999 INFO  o.s.d.r.c.RepositoryConfigurationDelegate - Bootstrapping Spring Data JPA repositories in DEFAULT mode.
2026-07-29 13:34:38.053 WARN  o.s.b.w.s.s.c.AnnotationConfigServletWebServerApplicationContext - Exception encountered during context initialization - cancelling refresh attempt: java.lang.TypeNotPresentException: Type com.flashcolorcard.springboot.app.entities.Card not present
2026-07-29 13:34:38.055 INFO  o.s.b.a.l.ConditionEvaluationReportLogger - 

Error starting ApplicationContext. To display the condition evaluation report re-run your application with 'debug' enabled.
2026-07-29 13:34:38.063 ERROR o.s.boot.SpringApplication - Application run failed
java.lang.TypeNotPresentException: Type com.flashcolorcard.springboot.app.entities.Card not present
	at java.base/sun.reflect.generics.factory.CoreReflectionFactory.makeNamedType(CoreReflectionFactory.java:117)
	at java.base/sun.reflect.generics.visitor.Reifier.visitClassTypeSignature(Reifier.java:125)
	at java.base/sun.reflect.generics.tree.ClassTypeSignature.accept(ClassTypeSignature.java:49)
	at java.base/sun.reflect.generics.visitor.Reifier.reifyTypeArguments(Reifier.java:68)
	at java.base/sun.reflect.generics.visitor.Reifier.visitClassTypeSignature(Reifier.java:138)
	at java.base/sun.reflect.generics.tree.ClassTypeSignature.accept(ClassTypeSignature.java:49)
	at java.base/sun.reflect.generics.repository.ClassRepository.computeSuperInterfaces(ClassRepository.java:117)
	at java.base/sun.reflect.generics.repository.ClassRepository.getSuperInterfaces(ClassRepository.java:95)
	at java.base/java.lang.Class.getGenericInterfaces(Class.java:1296)
	at org.springframework.core.ResolvableType.getInterfaces(ResolvableType.java:544)
	at org.springframework.core.ResolvableType.as(ResolvableType.java:492)
	at org.springframework.data.core.TypeDiscoverer.getSuperTypeInformation(TypeDiscoverer.java:266)
	at org.springframework.data.core.TypeInformation.getRequiredSuperTypeInformation(TypeInformation.java:328)
	at org.springframework.data.repository.core.support.DefaultRepositoryMetadata.<init>(DefaultRepositoryMetadata.java:55)
	at org.springframework.data.repository.core.support.AbstractRepositoryMetadata.getMetadata(AbstractRepositoryMetadata.java:79)
	at org.springframework.data.repository.config.RepositoryConfigurationExtensionSupport.getRepositoryConfigurations(RepositoryConfigurationExtensionSupport.java:93)
	at org.springframework.data.repository.config.RepositoryConfigurationDelegate.registerRepositoriesIn(RepositoryConfigurationDelegate.java:170)
	at org.springframework.boot.autoconfigure.data.AbstractRepositoryConfigurationSourceSupport.registerBeanDefinitions(AbstractRepositoryConfigurationSourceSupport.java:67)
	at org.springframework.context.annotation.ConfigurationClassBeanDefinitionReader.lambda$loadBeanDefinitionsFromImportBeanDefinitionRegistrars$0(ConfigurationClassBeanDefinitionReader.java:422)
	at java.base/java.util.LinkedHashMap.forEach(LinkedHashMap.java:986)
	at org.springframework.context.annotation.ConfigurationClassBeanDefinitionReader.loadBeanDefinitionsFromImportBeanDefinitionRegistrars(ConfigurationClassBeanDefinitionReader.java:421)
	at org.springframework.context.annotation.ConfigurationClassBeanDefinitionReader.loadBeanDefinitionsForConfigurationClass(ConfigurationClassBeanDefinitionReader.java:152)
	at org.springframework.context.annotation.ConfigurationClassBeanDefinitionReader.loadBeanDefinitions(ConfigurationClassBeanDefinitionReader.java:124)
	at org.springframework.context.annotation.ConfigurationClassPostProcessor.processConfigBeanDefinitions(ConfigurationClassPostProcessor.java:464)
	at org.springframework.context.annotation.ConfigurationClassPostProcessor.postProcessBeanDefinitionRegistry(ConfigurationClassPostProcessor.java:316)
	at org.springframework.context.support.PostProcessorRegistrationDelegate.invokeBeanDefinitionRegistryPostProcessors(PostProcessorRegistrationDelegate.java:349)
	at org.springframework.context.support.PostProcessorRegistrationDelegate.invokeBeanFactoryPostProcessors(PostProcessorRegistrationDelegate.java:118)
	at org.springframework.context.support.AbstractApplicationContext.invokeBeanFactoryPostProcessors(AbstractApplicationContext.java:795)
	at org.springframework.context.support.AbstractApplicationContext.refresh(AbstractApplicationContext.java:603)
	at org.springframework.boot.web.server.servlet.context.ServletWebServerApplicationContext.refresh(ServletWebServerApplicationContext.java:143)
	at org.springframework.boot.SpringApplication.refresh(SpringApplication.java:756)
	at org.springframework.boot.SpringApplication.refreshContext(SpringApplication.java:445)
	at org.springframework.boot.SpringApplication.run(SpringApplication.java:321)
	at org.springframework.boot.SpringApplication.run(SpringApplication.java:1365)
	at org.springframework.boot.SpringApplication.run(SpringApplication.java:1354)
	at com.flashcolorcard.springboot.app.Application.main(Application.java:10)
	at java.base/jdk.internal.reflect.DirectMethodHandleAccessor.invoke(DirectMethodHandleAccessor.java:103)
	at java.base/java.lang.reflect.Method.invoke(Method.java:580)
	at org.springframework.boot.devtools.restart.RestartLauncher.run(RestartLauncher.java:52)
Caused by: java.lang.ClassNotFoundException: com.flashcolorcard.springboot.app.entities.Card
	at java.base/jdk.internal.loader.BuiltinClassLoader.loadClass(BuiltinClassLoader.java:641)
	at java.base/jdk.internal.loader.ClassLoaders$AppClassLoader.loadClass(ClassLoaders.java:188)
	at java.base/java.lang.ClassLoader.loadClass(ClassLoader.java:526)
	at java.base/java.lang.Class.forName0(Native Method)
	at java.base/java.lang.Class.forName(Class.java:534)
	at java.base/java.lang.Class.forName(Class.java:513)
	at org.springframework.boot.devtools.restart.classloader.RestartClassLoader.loadClass(RestartClassLoader.java:123)
	at java.base/java.lang.ClassLoader.loadClass(ClassLoader.java:526)
	at java.base/java.lang.Class.forName0(Native Method)
	at java.base/java.lang.Class.forName(Class.java:534)
	at java.base/java.lang.Class.forName(Class.java:513)
	at java.base/sun.reflect.generics.factory.CoreReflectionFactory.makeNamedType(CoreReflectionFactory.java:114)
	... 38 common frames omitted
2026-07-29 13:34:55.691 INFO  c.f.springboot.app.Application - Starting Application using Java 21.0.2 with PID 27236 (C:\my projects\flashColorCardsApi\target\classes started by aleonmer in C:\my projects\flashColorCardsApi)
2026-07-29 13:34:55.691 DEBUG c.f.springboot.app.Application - Running with Spring Boot v4.1.0, Spring v7.0.8
2026-07-29 13:34:55.691 INFO  c.f.springboot.app.Application - The following 1 profile is active: "dev"
2026-07-29 13:34:56.664 INFO  o.s.d.r.c.RepositoryConfigurationDelegate - Bootstrapping Spring Data JPA repositories in DEFAULT mode.
2026-07-29 13:34:56.763 INFO  o.s.d.r.c.RepositoryConfigurationDelegate - Finished Spring Data repository scanning in 88 ms. Found 3 JPA repository interfaces.
2026-07-29 13:34:57.213 INFO  o.s.boot.tomcat.TomcatWebServer - Tomcat initialized with port 8080 (http)
2026-07-29 13:34:57.218 INFO  o.a.catalina.core.StandardService - Starting service [Tomcat]
2026-07-29 13:34:57.219 INFO  o.a.catalina.core.StandardEngine - Starting Servlet engine: [Apache Tomcat/11.0.22]
2026-07-29 13:34:57.433 INFO  o.s.b.w.c.s.WebApplicationContextInitializer - Root WebApplicationContext: initialization completed in 1735 ms
2026-07-29 13:34:57.562 INFO  org.hibernate.orm.jpa - HHH008540: Processing PersistenceUnitInfo [name: default]
2026-07-29 13:34:57.747 INFO  o.s.o.j.p.SpringPersistenceUnitInfo - No LoadTimeWeaver setup: ignoring JPA class transformer
2026-07-29 13:34:57.751 INFO  com.zaxxer.hikari.HikariDataSource - HikariPool-28 - Starting...
2026-07-29 13:34:58.186 INFO  com.zaxxer.hikari.pool.HikariPool - HikariPool-28 - Added connection org.postgresql.jdbc.PgConnection@d53ae6a
2026-07-29 13:34:58.187 INFO  com.zaxxer.hikari.HikariDataSource - HikariPool-28 - Start completed.
2026-07-29 13:34:58.235 WARN  org.hibernate.orm.deprecation - HHH90000025: PostgreSQLDialect does not need to be specified explicitly using 'hibernate.dialect' (remove the property setting and it will be selected by default)
2026-07-29 13:34:58.405 INFO  o.hibernate.orm.connections.pooling - HHH10001005: Database info:
	Database JDBC URL [jdbc:postgresql://ep-super-river-ab15ua67-pooler.eu-west-2.aws.neon.tech/neondb]
	Database driver: PostgreSQL JDBC Driver
	Database dialect: PostgreSQLDialect
	Database version: 18.4
	Default catalog/schema: neondb/public
	Autocommit mode: undefined/unknown
	Isolation level: READ_COMMITTED [default READ_COMMITTED]
	JDBC fetch size: none
	Pool: DataSourceConnectionProvider
	Minimum pool size: undefined/unknown
	Maximum pool size: undefined/unknown
2026-07-29 13:34:58.547 ERROR o.s.o.j.LocalContainerEntityManagerFactoryBean - Failed to initialize JPA EntityManagerFactory: Collection 'com.flashcolorcard.springboot.app.entities.Set.cards' is 'mappedBy' a property named 'fk_card_set' which does not exist in the target entity 'com.flashcolorcard.springboot.app.entities.Card'
2026-07-29 13:34:58.548 WARN  o.s.b.w.s.s.c.AnnotationConfigServletWebServerApplicationContext - Exception encountered during context initialization - cancelling refresh attempt: org.springframework.beans.factory.BeanCreationException: Error creating bean with name 'entityManagerFactory' defined in class path resource [org/springframework/boot/hibernate/autoconfigure/HibernateJpaConfiguration.class]: Collection 'com.flashcolorcard.springboot.app.entities.Set.cards' is 'mappedBy' a property named 'fk_card_set' which does not exist in the target entity 'com.flashcolorcard.springboot.app.entities.Card'
2026-07-29 13:34:58.548 INFO  com.zaxxer.hikari.HikariDataSource - HikariPool-28 - Shutdown initiated...
2026-07-29 13:34:58.708 INFO  com.zaxxer.hikari.HikariDataSource - HikariPool-28 - Shutdown completed.
2026-07-29 13:34:58.711 INFO  o.a.catalina.core.StandardService - Stopping service [Tomcat]
2026-07-29 13:34:58.760 INFO  o.s.b.a.l.ConditionEvaluationReportLogger - 

Error starting ApplicationContext. To display the condition evaluation report re-run your application with 'debug' enabled.
2026-07-29 13:34:58.776 ERROR o.s.boot.SpringApplication - Application run failed
org.springframework.beans.factory.BeanCreationException: Error creating bean with name 'entityManagerFactory' defined in class path resource [org/springframework/boot/hibernate/autoconfigure/HibernateJpaConfiguration.class]: Collection 'com.flashcolorcard.springboot.app.entities.Set.cards' is 'mappedBy' a property named 'fk_card_set' which does not exist in the target entity 'com.flashcolorcard.springboot.app.entities.Card'
	at org.springframework.beans.factory.support.AbstractAutowireCapableBeanFactory.initializeBean(AbstractAutowireCapableBeanFactory.java:1815)
	at org.springframework.beans.factory.support.AbstractAutowireCapableBeanFactory.doCreateBean(AbstractAutowireCapableBeanFactory.java:603)
	at org.springframework.beans.factory.support.AbstractAutowireCapableBeanFactory.createBean(AbstractAutowireCapableBeanFactory.java:525)
	at org.springframework.beans.factory.support.AbstractBeanFactory.lambda$doGetBean$0(AbstractBeanFactory.java:333)
	at org.springframework.beans.factory.support.DefaultSingletonBeanRegistry.getSingleton(DefaultSingletonBeanRegistry.java:371)
	at org.springframework.beans.factory.support.AbstractBeanFactory.doGetBean(AbstractBeanFactory.java:331)
	at org.springframework.beans.factory.support.AbstractBeanFactory.getBean(AbstractBeanFactory.java:201)
	at org.springframework.context.support.AbstractApplicationContext.finishBeanFactoryInitialization(AbstractApplicationContext.java:977)
	at org.springframework.context.support.AbstractApplicationContext.refresh(AbstractApplicationContext.java:621)
	at org.springframework.boot.web.server.servlet.context.ServletWebServerApplicationContext.refresh(ServletWebServerApplicationContext.java:143)
	at org.springframework.boot.SpringApplication.refresh(SpringApplication.java:756)
	at org.springframework.boot.SpringApplication.refreshContext(SpringApplication.java:445)
	at org.springframework.boot.SpringApplication.run(SpringApplication.java:321)
	at org.springframework.boot.SpringApplication.run(SpringApplication.java:1365)
	at org.springframework.boot.SpringApplication.run(SpringApplication.java:1354)
	at com.flashcolorcard.springboot.app.Application.main(Application.java:10)
	at java.base/jdk.internal.reflect.DirectMethodHandleAccessor.invoke(DirectMethodHandleAccessor.java:103)
	at java.base/java.lang.reflect.Method.invoke(Method.java:580)
	at org.springframework.boot.devtools.restart.RestartLauncher.run(RestartLauncher.java:52)
Caused by: org.hibernate.AnnotationException: Collection 'com.flashcolorcard.springboot.app.entities.Set.cards' is 'mappedBy' a property named 'fk_card_set' which does not exist in the target entity 'com.flashcolorcard.springboot.app.entities.Card'
	at org.hibernate.boot.model.internal.CollectionBinder.getMappedByProperty(CollectionBinder.java:1507)
	at org.hibernate.boot.model.internal.CollectionBinder.isReversePropertyInJoin(CollectionBinder.java:1490)
	at org.hibernate.boot.model.internal.CollectionBinder.noAssociationTable(CollectionBinder.java:1515)
	at org.hibernate.boot.model.internal.CollectionBinder.bindStarToManySecondPass(CollectionBinder.java:1473)
	at org.hibernate.boot.model.internal.CollectionBinder$1.secondPass(CollectionBinder.java:1464)
	at org.hibernate.boot.model.internal.CollectionSecondPass.doSecondPass(CollectionSecondPass.java:39)
	at org.hibernate.boot.internal.InFlightMetadataCollectorImpl.processSecondPasses(InFlightMetadataCollectorImpl.java:1769)
	at org.hibernate.boot.internal.InFlightMetadataCollectorImpl.processSecondPasses(InFlightMetadataCollectorImpl.java:1735)
	at org.hibernate.boot.model.process.spi.MetadataBuildingProcess.coordinateProcessors(MetadataBuildingProcess.java:361)
	at org.hibernate.boot.model.process.spi.MetadataBuildingProcess.complete(MetadataBuildingProcess.java:209)
	at org.hibernate.jpa.boot.internal.EntityManagerFactoryBuilderImpl.metadata(EntityManagerFactoryBuilderImpl.java:1388)
	at org.hibernate.jpa.boot.internal.EntityManagerFactoryBuilderImpl.populateSessionFactoryBuilder(EntityManagerFactoryBuilderImpl.java:1468)
	at org.hibernate.jpa.boot.internal.EntityManagerFactoryBuilderImpl.build(EntityManagerFactoryBuilderImpl.java:1450)
	at org.springframework.orm.jpa.vendor.SpringHibernateJpaPersistenceProvider.createContainerEntityManagerFactory(SpringHibernateJpaPersistenceProvider.java:93)
	at org.springframework.orm.jpa.LocalContainerEntityManagerFactoryBean.createNativeEntityManagerFactory(LocalContainerEntityManagerFactoryBean.java:443)
	at org.springframework.orm.jpa.AbstractEntityManagerFactoryBean.buildNativeEntityManagerFactory(AbstractEntityManagerFactoryBean.java:436)
	at org.springframework.orm.jpa.AbstractEntityManagerFactoryBean.afterPropertiesSet(AbstractEntityManagerFactoryBean.java:411)
	at org.springframework.orm.jpa.LocalContainerEntityManagerFactoryBean.afterPropertiesSet(LocalContainerEntityManagerFactoryBean.java:419)
	at org.springframework.beans.factory.support.AbstractAutowireCapableBeanFactory.invokeInitMethods(AbstractAutowireCapableBeanFactory.java:1862)
	at org.springframework.beans.factory.support.AbstractAutowireCapableBeanFactory.initializeBean(AbstractAutowireCapableBeanFactory.java:1811)
	... 18 common frames omitted
2026-07-29 13:36:20.752 INFO  c.f.springboot.app.Application - Starting Application using Java 21.0.2 with PID 27236 (C:\my projects\flashColorCardsApi\target\classes started by aleonmer in C:\my projects\flashColorCardsApi)
2026-07-29 13:36:20.754 DEBUG c.f.springboot.app.Application - Running with Spring Boot v4.1.0, Spring v7.0.8
2026-07-29 13:36:20.754 INFO  c.f.springboot.app.Application - The following 1 profile is active: "dev"
2026-07-29 13:36:21.604 INFO  o.s.d.r.c.RepositoryConfigurationDelegate - Bootstrapping Spring Data JPA repositories in DEFAULT mode.
2026-07-29 13:36:21.661 WARN  o.s.b.w.s.s.c.AnnotationConfigServletWebServerApplicationContext - Exception encountered during context initialization - cancelling refresh attempt: java.lang.TypeNotPresentException: Type com.flashcolorcard.springboot.app.entities.Set not present
2026-07-29 13:36:21.664 INFO  o.s.b.a.l.ConditionEvaluationReportLogger - 

Error starting ApplicationContext. To display the condition evaluation report re-run your application with 'debug' enabled.
2026-07-29 13:36:21.673 ERROR o.s.boot.SpringApplication - Application run failed
java.lang.TypeNotPresentException: Type com.flashcolorcard.springboot.app.entities.Set not present
	at java.base/sun.reflect.generics.factory.CoreReflectionFactory.makeNamedType(CoreReflectionFactory.java:117)
	at java.base/sun.reflect.generics.visitor.Reifier.visitClassTypeSignature(Reifier.java:125)
	at java.base/sun.reflect.generics.tree.ClassTypeSignature.accept(ClassTypeSignature.java:49)
	at java.base/sun.reflect.generics.visitor.Reifier.reifyTypeArguments(Reifier.java:68)
	at java.base/sun.reflect.generics.visitor.Reifier.visitClassTypeSignature(Reifier.java:138)
	at java.base/sun.reflect.generics.tree.ClassTypeSignature.accept(ClassTypeSignature.java:49)
	at java.base/sun.reflect.generics.repository.ClassRepository.computeSuperInterfaces(ClassRepository.java:117)
	at java.base/sun.reflect.generics.repository.ClassRepository.getSuperInterfaces(ClassRepository.java:95)
	at java.base/java.lang.Class.getGenericInterfaces(Class.java:1296)
	at org.springframework.core.ResolvableType.getInterfaces(ResolvableType.java:544)
	at org.springframework.core.ResolvableType.as(ResolvableType.java:492)
	at org.springframework.data.core.TypeDiscoverer.getSuperTypeInformation(TypeDiscoverer.java:266)
	at org.springframework.data.core.TypeInformation.getRequiredSuperTypeInformation(TypeInformation.java:328)
	at org.springframework.data.repository.core.support.DefaultRepositoryMetadata.<init>(DefaultRepositoryMetadata.java:55)
	at org.springframework.data.repository.core.support.AbstractRepositoryMetadata.getMetadata(AbstractRepositoryMetadata.java:79)
	at org.springframework.data.repository.config.RepositoryConfigurationExtensionSupport.getRepositoryConfigurations(RepositoryConfigurationExtensionSupport.java:93)
	at org.springframework.data.repository.config.RepositoryConfigurationDelegate.registerRepositoriesIn(RepositoryConfigurationDelegate.java:170)
	at org.springframework.boot.autoconfigure.data.AbstractRepositoryConfigurationSourceSupport.registerBeanDefinitions(AbstractRepositoryConfigurationSourceSupport.java:67)
	at org.springframework.context.annotation.ConfigurationClassBeanDefinitionReader.lambda$loadBeanDefinitionsFromImportBeanDefinitionRegistrars$0(ConfigurationClassBeanDefinitionReader.java:422)
	at java.base/java.util.LinkedHashMap.forEach(LinkedHashMap.java:986)
	at org.springframework.context.annotation.ConfigurationClassBeanDefinitionReader.loadBeanDefinitionsFromImportBeanDefinitionRegistrars(ConfigurationClassBeanDefinitionReader.java:421)
	at org.springframework.context.annotation.ConfigurationClassBeanDefinitionReader.loadBeanDefinitionsForConfigurationClass(ConfigurationClassBeanDefinitionReader.java:152)
	at org.springframework.context.annotation.ConfigurationClassBeanDefinitionReader.loadBeanDefinitions(ConfigurationClassBeanDefinitionReader.java:124)
	at org.springframework.context.annotation.ConfigurationClassPostProcessor.processConfigBeanDefinitions(ConfigurationClassPostProcessor.java:464)
	at org.springframework.context.annotation.ConfigurationClassPostProcessor.postProcessBeanDefinitionRegistry(ConfigurationClassPostProcessor.java:316)
	at org.springframework.context.support.PostProcessorRegistrationDelegate.invokeBeanDefinitionRegistryPostProcessors(PostProcessorRegistrationDelegate.java:349)
	at org.springframework.context.support.PostProcessorRegistrationDelegate.invokeBeanFactoryPostProcessors(PostProcessorRegistrationDelegate.java:118)
	at org.springframework.context.support.AbstractApplicationContext.invokeBeanFactoryPostProcessors(AbstractApplicationContext.java:795)
	at org.springframework.context.support.AbstractApplicationContext.refresh(AbstractApplicationContext.java:603)
	at org.springframework.boot.web.server.servlet.context.ServletWebServerApplicationContext.refresh(ServletWebServerApplicationContext.java:143)
	at org.springframework.boot.SpringApplication.refresh(SpringApplication.java:756)
	at org.springframework.boot.SpringApplication.refreshContext(SpringApplication.java:445)
	at org.springframework.boot.SpringApplication.run(SpringApplication.java:321)
	at org.springframework.boot.SpringApplication.run(SpringApplication.java:1365)
	at org.springframework.boot.SpringApplication.run(SpringApplication.java:1354)
	at com.flashcolorcard.springboot.app.Application.main(Application.java:10)
	at java.base/jdk.internal.reflect.DirectMethodHandleAccessor.invoke(DirectMethodHandleAccessor.java:103)
	at java.base/java.lang.reflect.Method.invoke(Method.java:580)
	at org.springframework.boot.devtools.restart.RestartLauncher.run(RestartLauncher.java:52)
Caused by: java.lang.ClassNotFoundException: com.flashcolorcard.springboot.app.entities.Set
	at java.base/jdk.internal.loader.BuiltinClassLoader.loadClass(BuiltinClassLoader.java:641)
	at java.base/jdk.internal.loader.ClassLoaders$AppClassLoader.loadClass(ClassLoaders.java:188)
	at java.base/java.lang.ClassLoader.loadClass(ClassLoader.java:526)
	at java.base/java.lang.Class.forName0(Native Method)
	at java.base/java.lang.Class.forName(Class.java:534)
	at java.base/java.lang.Class.forName(Class.java:513)
	at org.springframework.boot.devtools.restart.classloader.RestartClassLoader.loadClass(RestartClassLoader.java:123)
	at java.base/java.lang.ClassLoader.loadClass(ClassLoader.java:526)
	at java.base/java.lang.Class.forName0(Native Method)
	at java.base/java.lang.Class.forName(Class.java:534)
	at java.base/java.lang.Class.forName(Class.java:513)
	at java.base/sun.reflect.generics.factory.CoreReflectionFactory.makeNamedType(CoreReflectionFactory.java:114)
	... 38 common frames omitted
2026-07-29 13:36:29.982 INFO  c.f.springboot.app.Application - Starting Application using Java 21.0.2 with PID 27236 (C:\my projects\flashColorCardsApi\target\classes started by aleonmer in C:\my projects\flashColorCardsApi)
2026-07-29 13:36:29.983 DEBUG c.f.springboot.app.Application - Running with Spring Boot v4.1.0, Spring v7.0.8
2026-07-29 13:36:29.983 INFO  c.f.springboot.app.Application - The following 1 profile is active: "dev"
2026-07-29 13:36:31.022 INFO  o.s.d.r.c.RepositoryConfigurationDelegate - Bootstrapping Spring Data JPA repositories in DEFAULT mode.
2026-07-29 13:36:31.111 INFO  o.s.d.r.c.RepositoryConfigurationDelegate - Finished Spring Data repository scanning in 80 ms. Found 3 JPA repository interfaces.
2026-07-29 13:36:31.501 INFO  o.s.boot.tomcat.TomcatWebServer - Tomcat initialized with port 8080 (http)
2026-07-29 13:36:31.504 INFO  o.a.catalina.core.StandardService - Starting service [Tomcat]
2026-07-29 13:36:31.505 INFO  o.a.catalina.core.StandardEngine - Starting Servlet engine: [Apache Tomcat/11.0.22]
2026-07-29 13:36:31.659 INFO  o.s.b.w.c.s.WebApplicationContextInitializer - Root WebApplicationContext: initialization completed in 1670 ms
2026-07-29 13:36:31.772 INFO  org.hibernate.orm.jpa - HHH008540: Processing PersistenceUnitInfo [name: default]
2026-07-29 13:36:31.928 INFO  o.s.o.j.p.SpringPersistenceUnitInfo - No LoadTimeWeaver setup: ignoring JPA class transformer
2026-07-29 13:36:31.933 INFO  com.zaxxer.hikari.HikariDataSource - HikariPool-29 - Starting...
2026-07-29 13:36:32.358 INFO  com.zaxxer.hikari.pool.HikariPool - HikariPool-29 - Added connection org.postgresql.jdbc.PgConnection@21a0cfb7
2026-07-29 13:36:32.359 INFO  com.zaxxer.hikari.HikariDataSource - HikariPool-29 - Start completed.
2026-07-29 13:36:32.413 WARN  org.hibernate.orm.deprecation - HHH90000025: PostgreSQLDialect does not need to be specified explicitly using 'hibernate.dialect' (remove the property setting and it will be selected by default)
2026-07-29 13:36:32.579 INFO  o.hibernate.orm.connections.pooling - HHH10001005: Database info:
	Database JDBC URL [jdbc:postgresql://ep-super-river-ab15ua67-pooler.eu-west-2.aws.neon.tech/neondb]
	Database driver: PostgreSQL JDBC Driver
	Database dialect: PostgreSQLDialect
	Database version: 18.4
	Default catalog/schema: neondb/public
	Autocommit mode: undefined/unknown
	Isolation level: READ_COMMITTED [default READ_COMMITTED]
	JDBC fetch size: none
	Pool: DataSourceConnectionProvider
	Minimum pool size: undefined/unknown
	Maximum pool size: undefined/unknown
2026-07-29 13:36:32.639 ERROR o.s.o.j.LocalContainerEntityManagerFactoryBean - Failed to initialize JPA EntityManagerFactory: Collection 'com.flashcolorcard.springboot.app.entities.Set.cards' is 'mappedBy' a property named 'id_set' which does not exist in the target entity 'com.flashcolorcard.springboot.app.entities.Card'
2026-07-29 13:36:32.641 WARN  o.s.b.w.s.s.c.AnnotationConfigServletWebServerApplicationContext - Exception encountered during context initialization - cancelling refresh attempt: org.springframework.beans.factory.BeanCreationException: Error creating bean with name 'entityManagerFactory' defined in class path resource [org/springframework/boot/hibernate/autoconfigure/HibernateJpaConfiguration.class]: Collection 'com.flashcolorcard.springboot.app.entities.Set.cards' is 'mappedBy' a property named 'id_set' which does not exist in the target entity 'com.flashcolorcard.springboot.app.entities.Card'
2026-07-29 13:36:32.641 INFO  com.zaxxer.hikari.HikariDataSource - HikariPool-29 - Shutdown initiated...
2026-07-29 13:36:32.889 INFO  com.zaxxer.hikari.HikariDataSource - HikariPool-29 - Shutdown completed.
2026-07-29 13:36:32.891 INFO  o.a.catalina.core.StandardService - Stopping service [Tomcat]
2026-07-29 13:36:32.914 INFO  o.s.b.a.l.ConditionEvaluationReportLogger - 

Error starting ApplicationContext. To display the condition evaluation report re-run your application with 'debug' enabled.
2026-07-29 13:36:32.923 ERROR o.s.boot.SpringApplication - Application run failed
org.springframework.beans.factory.BeanCreationException: Error creating bean with name 'entityManagerFactory' defined in class path resource [org/springframework/boot/hibernate/autoconfigure/HibernateJpaConfiguration.class]: Collection 'com.flashcolorcard.springboot.app.entities.Set.cards' is 'mappedBy' a property named 'id_set' which does not exist in the target entity 'com.flashcolorcard.springboot.app.entities.Card'
	at org.springframework.beans.factory.support.AbstractAutowireCapableBeanFactory.initializeBean(AbstractAutowireCapableBeanFactory.java:1815)
	at org.springframework.beans.factory.support.AbstractAutowireCapableBeanFactory.doCreateBean(AbstractAutowireCapableBeanFactory.java:603)
	at org.springframework.beans.factory.support.AbstractAutowireCapableBeanFactory.createBean(AbstractAutowireCapableBeanFactory.java:525)
	at org.springframework.beans.factory.support.AbstractBeanFactory.lambda$doGetBean$0(AbstractBeanFactory.java:333)
	at org.springframework.beans.factory.support.DefaultSingletonBeanRegistry.getSingleton(DefaultSingletonBeanRegistry.java:371)
	at org.springframework.beans.factory.support.AbstractBeanFactory.doGetBean(AbstractBeanFactory.java:331)
	at org.springframework.beans.factory.support.AbstractBeanFactory.getBean(AbstractBeanFactory.java:201)
	at org.springframework.context.support.AbstractApplicationContext.finishBeanFactoryInitialization(AbstractApplicationContext.java:977)
	at org.springframework.context.support.AbstractApplicationContext.refresh(AbstractApplicationContext.java:621)
	at org.springframework.boot.web.server.servlet.context.ServletWebServerApplicationContext.refresh(ServletWebServerApplicationContext.java:143)
	at org.springframework.boot.SpringApplication.refresh(SpringApplication.java:756)
	at org.springframework.boot.SpringApplication.refreshContext(SpringApplication.java:445)
	at org.springframework.boot.SpringApplication.run(SpringApplication.java:321)
	at org.springframework.boot.SpringApplication.run(SpringApplication.java:1365)
	at org.springframework.boot.SpringApplication.run(SpringApplication.java:1354)
	at com.flashcolorcard.springboot.app.Application.main(Application.java:10)
	at java.base/jdk.internal.reflect.DirectMethodHandleAccessor.invoke(DirectMethodHandleAccessor.java:103)
	at java.base/java.lang.reflect.Method.invoke(Method.java:580)
	at org.springframework.boot.devtools.restart.RestartLauncher.run(RestartLauncher.java:52)
Caused by: org.hibernate.AnnotationException: Collection 'com.flashcolorcard.springboot.app.entities.Set.cards' is 'mappedBy' a property named 'id_set' which does not exist in the target entity 'com.flashcolorcard.springboot.app.entities.Card'
	at org.hibernate.boot.model.internal.CollectionBinder.getMappedByProperty(CollectionBinder.java:1507)
	at org.hibernate.boot.model.internal.CollectionBinder.isReversePropertyInJoin(CollectionBinder.java:1490)
	at org.hibernate.boot.model.internal.CollectionBinder.noAssociationTable(CollectionBinder.java:1515)
	at org.hibernate.boot.model.internal.CollectionBinder.bindStarToManySecondPass(CollectionBinder.java:1473)
	at org.hibernate.boot.model.internal.CollectionBinder$1.secondPass(CollectionBinder.java:1464)
	at org.hibernate.boot.model.internal.CollectionSecondPass.doSecondPass(CollectionSecondPass.java:39)
	at org.hibernate.boot.internal.InFlightMetadataCollectorImpl.processSecondPasses(InFlightMetadataCollectorImpl.java:1769)
	at org.hibernate.boot.internal.InFlightMetadataCollectorImpl.processSecondPasses(InFlightMetadataCollectorImpl.java:1735)
	at org.hibernate.boot.model.process.spi.MetadataBuildingProcess.coordinateProcessors(MetadataBuildingProcess.java:361)
	at org.hibernate.boot.model.process.spi.MetadataBuildingProcess.complete(MetadataBuildingProcess.java:209)
	at org.hibernate.jpa.boot.internal.EntityManagerFactoryBuilderImpl.metadata(EntityManagerFactoryBuilderImpl.java:1388)
	at org.hibernate.jpa.boot.internal.EntityManagerFactoryBuilderImpl.populateSessionFactoryBuilder(EntityManagerFactoryBuilderImpl.java:1468)
	at org.hibernate.jpa.boot.internal.EntityManagerFactoryBuilderImpl.build(EntityManagerFactoryBuilderImpl.java:1450)
	at org.springframework.orm.jpa.vendor.SpringHibernateJpaPersistenceProvider.createContainerEntityManagerFactory(SpringHibernateJpaPersistenceProvider.java:93)
	at org.springframework.orm.jpa.LocalContainerEntityManagerFactoryBean.createNativeEntityManagerFactory(LocalContainerEntityManagerFactoryBean.java:443)
	at org.springframework.orm.jpa.AbstractEntityManagerFactoryBean.buildNativeEntityManagerFactory(AbstractEntityManagerFactoryBean.java:436)
	at org.springframework.orm.jpa.AbstractEntityManagerFactoryBean.afterPropertiesSet(AbstractEntityManagerFactoryBean.java:411)
	at org.springframework.orm.jpa.LocalContainerEntityManagerFactoryBean.afterPropertiesSet(LocalContainerEntityManagerFactoryBean.java:419)
	at org.springframework.beans.factory.support.AbstractAutowireCapableBeanFactory.invokeInitMethods(AbstractAutowireCapableBeanFactory.java:1862)
	at org.springframework.beans.factory.support.AbstractAutowireCapableBeanFactory.initializeBean(AbstractAutowireCapableBeanFactory.java:1811)
	... 18 common frames omitted
2026-07-29 13:37:23.666 INFO  c.f.springboot.app.Application - Starting Application using Java 21.0.2 with PID 27236 (C:\my projects\flashColorCardsApi\target\classes started by aleonmer in C:\my projects\flashColorCardsApi)
2026-07-29 13:37:23.667 DEBUG c.f.springboot.app.Application - Running with Spring Boot v4.1.0, Spring v7.0.8
2026-07-29 13:37:23.667 INFO  c.f.springboot.app.Application - The following 1 profile is active: "dev"
2026-07-29 13:37:24.170 INFO  o.s.d.r.c.RepositoryConfigurationDelegate - Bootstrapping Spring Data JPA repositories in DEFAULT mode.
2026-07-29 13:37:24.212 WARN  o.s.b.w.s.s.c.AnnotationConfigServletWebServerApplicationContext - Exception encountered during context initialization - cancelling refresh attempt: java.lang.TypeNotPresentException: Type com.flashcolorcard.springboot.app.entities.Set not present
2026-07-29 13:37:24.214 INFO  o.s.b.a.l.ConditionEvaluationReportLogger - 

Error starting ApplicationContext. To display the condition evaluation report re-run your application with 'debug' enabled.
2026-07-29 13:37:24.220 ERROR o.s.boot.SpringApplication - Application run failed
java.lang.TypeNotPresentException: Type com.flashcolorcard.springboot.app.entities.Set not present
	at java.base/sun.reflect.generics.factory.CoreReflectionFactory.makeNamedType(CoreReflectionFactory.java:117)
	at java.base/sun.reflect.generics.visitor.Reifier.visitClassTypeSignature(Reifier.java:125)
	at java.base/sun.reflect.generics.tree.ClassTypeSignature.accept(ClassTypeSignature.java:49)
	at java.base/sun.reflect.generics.visitor.Reifier.reifyTypeArguments(Reifier.java:68)
	at java.base/sun.reflect.generics.visitor.Reifier.visitClassTypeSignature(Reifier.java:138)
	at java.base/sun.reflect.generics.tree.ClassTypeSignature.accept(ClassTypeSignature.java:49)
	at java.base/sun.reflect.generics.repository.ClassRepository.computeSuperInterfaces(ClassRepository.java:117)
	at java.base/sun.reflect.generics.repository.ClassRepository.getSuperInterfaces(ClassRepository.java:95)
	at java.base/java.lang.Class.getGenericInterfaces(Class.java:1296)
	at org.springframework.core.ResolvableType.getInterfaces(ResolvableType.java:544)
	at org.springframework.core.ResolvableType.as(ResolvableType.java:492)
	at org.springframework.data.core.TypeDiscoverer.getSuperTypeInformation(TypeDiscoverer.java:266)
	at org.springframework.data.core.TypeInformation.getRequiredSuperTypeInformation(TypeInformation.java:328)
	at org.springframework.data.repository.core.support.DefaultRepositoryMetadata.<init>(DefaultRepositoryMetadata.java:55)
	at org.springframework.data.repository.core.support.AbstractRepositoryMetadata.getMetadata(AbstractRepositoryMetadata.java:79)
	at org.springframework.data.repository.config.RepositoryConfigurationExtensionSupport.getRepositoryConfigurations(RepositoryConfigurationExtensionSupport.java:93)
	at org.springframework.data.repository.config.RepositoryConfigurationDelegate.registerRepositoriesIn(RepositoryConfigurationDelegate.java:170)
	at org.springframework.boot.autoconfigure.data.AbstractRepositoryConfigurationSourceSupport.registerBeanDefinitions(AbstractRepositoryConfigurationSourceSupport.java:67)
	at org.springframework.context.annotation.ConfigurationClassBeanDefinitionReader.lambda$loadBeanDefinitionsFromImportBeanDefinitionRegistrars$0(ConfigurationClassBeanDefinitionReader.java:422)
	at java.base/java.util.LinkedHashMap.forEach(LinkedHashMap.java:986)
	at org.springframework.context.annotation.ConfigurationClassBeanDefinitionReader.loadBeanDefinitionsFromImportBeanDefinitionRegistrars(ConfigurationClassBeanDefinitionReader.java:421)
	at org.springframework.context.annotation.ConfigurationClassBeanDefinitionReader.loadBeanDefinitionsForConfigurationClass(ConfigurationClassBeanDefinitionReader.java:152)
	at org.springframework.context.annotation.ConfigurationClassBeanDefinitionReader.loadBeanDefinitions(ConfigurationClassBeanDefinitionReader.java:124)
	at org.springframework.context.annotation.ConfigurationClassPostProcessor.processConfigBeanDefinitions(ConfigurationClassPostProcessor.java:464)
	at org.springframework.context.annotation.ConfigurationClassPostProcessor.postProcessBeanDefinitionRegistry(ConfigurationClassPostProcessor.java:316)
	at org.springframework.context.support.PostProcessorRegistrationDelegate.invokeBeanDefinitionRegistryPostProcessors(PostProcessorRegistrationDelegate.java:349)
	at org.springframework.context.support.PostProcessorRegistrationDelegate.invokeBeanFactoryPostProcessors(PostProcessorRegistrationDelegate.java:118)
	at org.springframework.context.support.AbstractApplicationContext.invokeBeanFactoryPostProcessors(AbstractApplicationContext.java:795)
	at org.springframework.context.support.AbstractApplicationContext.refresh(AbstractApplicationContext.java:603)
	at org.springframework.boot.web.server.servlet.context.ServletWebServerApplicationContext.refresh(ServletWebServerApplicationContext.java:143)
	at org.springframework.boot.SpringApplication.refresh(SpringApplication.java:756)
	at org.springframework.boot.SpringApplication.refreshContext(SpringApplication.java:445)
	at org.springframework.boot.SpringApplication.run(SpringApplication.java:321)
	at org.springframework.boot.SpringApplication.run(SpringApplication.java:1365)
	at org.springframework.boot.SpringApplication.run(SpringApplication.java:1354)
	at com.flashcolorcard.springboot.app.Application.main(Application.java:10)
	at java.base/jdk.internal.reflect.DirectMethodHandleAccessor.invoke(DirectMethodHandleAccessor.java:103)
	at java.base/java.lang.reflect.Method.invoke(Method.java:580)
	at org.springframework.boot.devtools.restart.RestartLauncher.run(RestartLauncher.java:52)
Caused by: java.lang.ClassNotFoundException: com.flashcolorcard.springboot.app.entities.Set
	at java.base/jdk.internal.loader.BuiltinClassLoader.loadClass(BuiltinClassLoader.java:641)
	at java.base/jdk.internal.loader.ClassLoaders$AppClassLoader.loadClass(ClassLoaders.java:188)
	at java.base/java.lang.ClassLoader.loadClass(ClassLoader.java:526)
	at java.base/java.lang.Class.forName0(Native Method)
	at java.base/java.lang.Class.forName(Class.java:534)
	at java.base/java.lang.Class.forName(Class.java:513)
	at org.springframework.boot.devtools.restart.classloader.RestartClassLoader.loadClass(RestartClassLoader.java:123)
	at java.base/java.lang.ClassLoader.loadClass(ClassLoader.java:526)
	at java.base/java.lang.Class.forName0(Native Method)
	at java.base/java.lang.Class.forName(Class.java:534)
	at java.base/java.lang.Class.forName(Class.java:513)
	at java.base/sun.reflect.generics.factory.CoreReflectionFactory.makeNamedType(CoreReflectionFactory.java:114)
	... 38 common frames omitted
2026-07-29 13:44:52.929 INFO  c.f.springboot.app.Application - Starting Application using Java 21.0.2 with PID 24872 (C:\my projects\flashColorCardsApi\target\classes started by aleonmer in C:\my projects\flashColorCardsApi)
2026-07-29 13:44:52.937 DEBUG c.f.springboot.app.Application - Running with Spring Boot v4.1.0, Spring v7.0.8
2026-07-29 13:44:52.938 INFO  c.f.springboot.app.Application - The following 1 profile is active: "dev"
2026-07-29 13:44:53.108 INFO  o.s.b.d.e.DevToolsPropertyDefaultsPostProcessor - Devtools property defaults active! Set 'spring.devtools.add-properties' to 'false' to disable
2026-07-29 13:44:53.109 INFO  o.s.b.d.e.DevToolsPropertyDefaultsPostProcessor - For additional web related logging consider setting the 'logging.level.web' property to 'DEBUG'
2026-07-29 13:44:54.248 INFO  o.h.validator.internal.util.Version - HV000001: Hibernate Validator 9.1.0.Final
2026-07-29 13:44:56.413 INFO  o.s.d.r.c.RepositoryConfigurationDelegate - Bootstrapping Spring Data JPA repositories in DEFAULT mode.
2026-07-29 13:44:56.663 INFO  o.s.d.r.c.RepositoryConfigurationDelegate - Finished Spring Data repository scanning in 210 ms. Found 3 JPA repository interfaces.
2026-07-29 13:44:58.832 INFO  o.s.boot.tomcat.TomcatWebServer - Tomcat initialized with port 8080 (http)
2026-07-29 13:44:58.884 INFO  o.a.coyote.http11.Http11NioProtocol - Initializing ProtocolHandler ["http-nio-8080"]
2026-07-29 13:44:58.892 INFO  o.a.catalina.core.StandardService - Starting service [Tomcat]
2026-07-29 13:44:58.893 INFO  o.a.catalina.core.StandardEngine - Starting Servlet engine: [Apache Tomcat/11.0.22]
2026-07-29 13:44:59.136 INFO  o.s.b.w.c.s.WebApplicationContextInitializer - Root WebApplicationContext: initialization completed in 6023 ms
2026-07-29 13:44:59.802 INFO  org.hibernate.orm.jpa - HHH008540: Processing PersistenceUnitInfo [name: default]
2026-07-29 13:45:00.014 INFO  org.hibernate.orm.core - HHH000001: Hibernate ORM core version 7.4.1.Final
2026-07-29 13:45:01.132 INFO  o.s.o.j.p.SpringPersistenceUnitInfo - No LoadTimeWeaver setup: ignoring JPA class transformer
2026-07-29 13:45:01.220 INFO  com.zaxxer.hikari.HikariDataSource - HikariPool-1 - Starting...
2026-07-29 13:45:03.692 INFO  com.zaxxer.hikari.pool.HikariPool - HikariPool-1 - Added connection org.postgresql.jdbc.PgConnection@4d40eff
2026-07-29 13:45:03.697 INFO  com.zaxxer.hikari.HikariDataSource - HikariPool-1 - Start completed.
2026-07-29 13:45:03.903 WARN  org.hibernate.orm.deprecation - HHH90000025: PostgreSQLDialect does not need to be specified explicitly using 'hibernate.dialect' (remove the property setting and it will be selected by default)
2026-07-29 13:45:04.162 INFO  o.hibernate.orm.connections.pooling - HHH10001005: Database info:
	Database JDBC URL [jdbc:postgresql://ep-super-river-ab15ua67-pooler.eu-west-2.aws.neon.tech/neondb]
	Database driver: PostgreSQL JDBC Driver
	Database dialect: PostgreSQLDialect
	Database version: 18.4
	Default catalog/schema: neondb/public
	Autocommit mode: undefined/unknown
	Isolation level: READ_COMMITTED [default READ_COMMITTED]
	JDBC fetch size: none
	Pool: DataSourceConnectionProvider
	Minimum pool size: undefined/unknown
	Maximum pool size: undefined/unknown
2026-07-29 13:45:04.832 ERROR o.s.o.j.LocalContainerEntityManagerFactoryBean - Failed to initialize JPA EntityManagerFactory: Collection 'com.flashcolorcard.springboot.app.entities.Sets.cards' is 'mappedBy' a property named 'id_set' which does not exist in the target entity 'com.flashcolorcard.springboot.app.entities.Card'
2026-07-29 13:45:04.834 WARN  o.s.b.w.s.s.c.AnnotationConfigServletWebServerApplicationContext - Exception encountered during context initialization - cancelling refresh attempt: org.springframework.beans.factory.BeanCreationException: Error creating bean with name 'entityManagerFactory' defined in class path resource [org/springframework/boot/hibernate/autoconfigure/HibernateJpaConfiguration.class]: Collection 'com.flashcolorcard.springboot.app.entities.Sets.cards' is 'mappedBy' a property named 'id_set' which does not exist in the target entity 'com.flashcolorcard.springboot.app.entities.Card'
2026-07-29 13:45:04.838 INFO  com.zaxxer.hikari.HikariDataSource - HikariPool-1 - Shutdown initiated...
2026-07-29 13:45:05.087 INFO  com.zaxxer.hikari.HikariDataSource - HikariPool-1 - Shutdown completed.
2026-07-29 13:45:05.095 INFO  o.a.catalina.core.StandardService - Stopping service [Tomcat]
2026-07-29 13:45:05.136 INFO  o.s.b.a.l.ConditionEvaluationReportLogger - 

Error starting ApplicationContext. To display the condition evaluation report re-run your application with 'debug' enabled.
2026-07-29 13:45:05.186 ERROR o.s.boot.SpringApplication - Application run failed
org.springframework.beans.factory.BeanCreationException: Error creating bean with name 'entityManagerFactory' defined in class path resource [org/springframework/boot/hibernate/autoconfigure/HibernateJpaConfiguration.class]: Collection 'com.flashcolorcard.springboot.app.entities.Sets.cards' is 'mappedBy' a property named 'id_set' which does not exist in the target entity 'com.flashcolorcard.springboot.app.entities.Card'
	at org.springframework.beans.factory.support.AbstractAutowireCapableBeanFactory.initializeBean(AbstractAutowireCapableBeanFactory.java:1815)
	at org.springframework.beans.factory.support.AbstractAutowireCapableBeanFactory.doCreateBean(AbstractAutowireCapableBeanFactory.java:603)
	at org.springframework.beans.factory.support.AbstractAutowireCapableBeanFactory.createBean(AbstractAutowireCapableBeanFactory.java:525)
	at org.springframework.beans.factory.support.AbstractBeanFactory.lambda$doGetBean$0(AbstractBeanFactory.java:333)
	at org.springframework.beans.factory.support.DefaultSingletonBeanRegistry.getSingleton(DefaultSingletonBeanRegistry.java:371)
	at org.springframework.beans.factory.support.AbstractBeanFactory.doGetBean(AbstractBeanFactory.java:331)
	at org.springframework.beans.factory.support.AbstractBeanFactory.getBean(AbstractBeanFactory.java:201)
	at org.springframework.context.support.AbstractApplicationContext.finishBeanFactoryInitialization(AbstractApplicationContext.java:977)
	at org.springframework.context.support.AbstractApplicationContext.refresh(AbstractApplicationContext.java:621)
	at org.springframework.boot.web.server.servlet.context.ServletWebServerApplicationContext.refresh(ServletWebServerApplicationContext.java:143)
	at org.springframework.boot.SpringApplication.refresh(SpringApplication.java:756)
	at org.springframework.boot.SpringApplication.refreshContext(SpringApplication.java:445)
	at org.springframework.boot.SpringApplication.run(SpringApplication.java:321)
	at org.springframework.boot.SpringApplication.run(SpringApplication.java:1365)
	at org.springframework.boot.SpringApplication.run(SpringApplication.java:1354)
	at com.flashcolorcard.springboot.app.Application.main(Application.java:10)
	at java.base/jdk.internal.reflect.DirectMethodHandleAccessor.invoke(DirectMethodHandleAccessor.java:103)
	at java.base/java.lang.reflect.Method.invoke(Method.java:580)
	at org.springframework.boot.devtools.restart.RestartLauncher.run(RestartLauncher.java:52)
Caused by: org.hibernate.AnnotationException: Collection 'com.flashcolorcard.springboot.app.entities.Sets.cards' is 'mappedBy' a property named 'id_set' which does not exist in the target entity 'com.flashcolorcard.springboot.app.entities.Card'
	at org.hibernate.boot.model.internal.CollectionBinder.getMappedByProperty(CollectionBinder.java:1507)
	at org.hibernate.boot.model.internal.CollectionBinder.isReversePropertyInJoin(CollectionBinder.java:1490)
	at org.hibernate.boot.model.internal.CollectionBinder.noAssociationTable(CollectionBinder.java:1515)
	at org.hibernate.boot.model.internal.CollectionBinder.bindStarToManySecondPass(CollectionBinder.java:1473)
	at org.hibernate.boot.model.internal.CollectionBinder$1.secondPass(CollectionBinder.java:1464)
	at org.hibernate.boot.model.internal.CollectionSecondPass.doSecondPass(CollectionSecondPass.java:39)
	at org.hibernate.boot.internal.InFlightMetadataCollectorImpl.processSecondPasses(InFlightMetadataCollectorImpl.java:1769)
	at org.hibernate.boot.internal.InFlightMetadataCollectorImpl.processSecondPasses(InFlightMetadataCollectorImpl.java:1735)
	at org.hibernate.boot.model.process.spi.MetadataBuildingProcess.coordinateProcessors(MetadataBuildingProcess.java:361)
	at org.hibernate.boot.model.process.spi.MetadataBuildingProcess.complete(MetadataBuildingProcess.java:209)
	at org.hibernate.jpa.boot.internal.EntityManagerFactoryBuilderImpl.metadata(EntityManagerFactoryBuilderImpl.java:1388)
	at org.hibernate.jpa.boot.internal.EntityManagerFactoryBuilderImpl.populateSessionFactoryBuilder(EntityManagerFactoryBuilderImpl.java:1468)
	at org.hibernate.jpa.boot.internal.EntityManagerFactoryBuilderImpl.build(EntityManagerFactoryBuilderImpl.java:1450)
	at org.springframework.orm.jpa.vendor.SpringHibernateJpaPersistenceProvider.createContainerEntityManagerFactory(SpringHibernateJpaPersistenceProvider.java:93)
	at org.springframework.orm.jpa.LocalContainerEntityManagerFactoryBean.createNativeEntityManagerFactory(LocalContainerEntityManagerFactoryBean.java:443)
	at org.springframework.orm.jpa.AbstractEntityManagerFactoryBean.buildNativeEntityManagerFactory(AbstractEntityManagerFactoryBean.java:436)
	at org.springframework.orm.jpa.AbstractEntityManagerFactoryBean.afterPropertiesSet(AbstractEntityManagerFactoryBean.java:411)
	at org.springframework.orm.jpa.LocalContainerEntityManagerFactoryBean.afterPropertiesSet(LocalContainerEntityManagerFactoryBean.java:419)
	at org.springframework.beans.factory.support.AbstractAutowireCapableBeanFactory.invokeInitMethods(AbstractAutowireCapableBeanFactory.java:1862)
	at org.springframework.beans.factory.support.AbstractAutowireCapableBeanFactory.initializeBean(AbstractAutowireCapableBeanFactory.java:1811)
	... 18 common frames omitted
2026-07-29 13:46:24.556 INFO  c.f.springboot.app.Application - Starting Application using Java 21.0.2 with PID 23600 (C:\my projects\flashColorCardsApi\target\classes started by aleonmer in C:\my projects\flashColorCardsApi)
2026-07-29 13:46:24.572 DEBUG c.f.springboot.app.Application - Running with Spring Boot v4.1.0, Spring v7.0.8
2026-07-29 13:46:24.575 INFO  c.f.springboot.app.Application - The following 1 profile is active: "dev"
2026-07-29 13:46:24.716 INFO  o.s.b.d.e.DevToolsPropertyDefaultsPostProcessor - Devtools property defaults active! Set 'spring.devtools.add-properties' to 'false' to disable
2026-07-29 13:46:24.716 INFO  o.s.b.d.e.DevToolsPropertyDefaultsPostProcessor - For additional web related logging consider setting the 'logging.level.web' property to 'DEBUG'
2026-07-29 13:46:25.889 INFO  o.h.validator.internal.util.Version - HV000001: Hibernate Validator 9.1.0.Final
2026-07-29 13:46:28.145 INFO  o.s.d.r.c.RepositoryConfigurationDelegate - Bootstrapping Spring Data JPA repositories in DEFAULT mode.
2026-07-29 13:46:28.344 INFO  o.s.d.r.c.RepositoryConfigurationDelegate - Finished Spring Data repository scanning in 169 ms. Found 3 JPA repository interfaces.
2026-07-29 13:46:30.517 INFO  o.s.boot.tomcat.TomcatWebServer - Tomcat initialized with port 8080 (http)
2026-07-29 13:46:30.566 INFO  o.a.coyote.http11.Http11NioProtocol - Initializing ProtocolHandler ["http-nio-8080"]
2026-07-29 13:46:30.574 INFO  o.a.catalina.core.StandardService - Starting service [Tomcat]
2026-07-29 13:46:30.576 INFO  o.a.catalina.core.StandardEngine - Starting Servlet engine: [Apache Tomcat/11.0.22]
2026-07-29 13:46:30.812 INFO  o.s.b.w.c.s.WebApplicationContextInitializer - Root WebApplicationContext: initialization completed in 6093 ms
2026-07-29 13:46:31.556 INFO  org.hibernate.orm.jpa - HHH008540: Processing PersistenceUnitInfo [name: default]
2026-07-29 13:46:31.769 INFO  org.hibernate.orm.core - HHH000001: Hibernate ORM core version 7.4.1.Final
2026-07-29 13:46:33.032 INFO  o.s.o.j.p.SpringPersistenceUnitInfo - No LoadTimeWeaver setup: ignoring JPA class transformer
2026-07-29 13:46:33.126 INFO  com.zaxxer.hikari.HikariDataSource - HikariPool-1 - Starting...
2026-07-29 13:46:34.474 INFO  com.zaxxer.hikari.pool.HikariPool - HikariPool-1 - Added connection org.postgresql.jdbc.PgConnection@6013fb8c
2026-07-29 13:46:34.479 INFO  com.zaxxer.hikari.HikariDataSource - HikariPool-1 - Start completed.
2026-07-29 13:46:34.588 WARN  org.hibernate.orm.deprecation - HHH90000025: PostgreSQLDialect does not need to be specified explicitly using 'hibernate.dialect' (remove the property setting and it will be selected by default)
2026-07-29 13:46:34.870 INFO  o.hibernate.orm.connections.pooling - HHH10001005: Database info:
	Database JDBC URL [jdbc:postgresql://ep-super-river-ab15ua67-pooler.eu-west-2.aws.neon.tech/neondb]
	Database driver: PostgreSQL JDBC Driver
	Database dialect: PostgreSQLDialect
	Database version: 18.4
	Default catalog/schema: neondb/public
	Autocommit mode: undefined/unknown
	Isolation level: READ_COMMITTED [default READ_COMMITTED]
	JDBC fetch size: none
	Pool: DataSourceConnectionProvider
	Minimum pool size: undefined/unknown
	Maximum pool size: undefined/unknown
2026-07-29 13:46:40.824 ERROR o.s.o.j.LocalContainerEntityManagerFactoryBean - Failed to initialize JPA EntityManagerFactory: Unable to build Hibernate SessionFactory  [persistence unit: default] ; nested exception is java.lang.IllegalStateException: PostInitCallback queue could not be processed...
        - PostInitCallbackEntry - PluralAttributeMapping( NavigableRole[com.flashcolorcard.springboot.app.entities.Sets.cards#{element}]) - element descriptor

2026-07-29 13:46:40.826 WARN  o.s.b.w.s.s.c.AnnotationConfigServletWebServerApplicationContext - Exception encountered during context initialization - cancelling refresh attempt: org.springframework.beans.factory.BeanCreationException: Error creating bean with name 'entityManagerFactory' defined in class path resource [org/springframework/boot/hibernate/autoconfigure/HibernateJpaConfiguration.class]: Unable to build Hibernate SessionFactory  [persistence unit: default] ; nested exception is java.lang.IllegalStateException: PostInitCallback queue could not be processed...
        - PostInitCallbackEntry - PluralAttributeMapping( NavigableRole[com.flashcolorcard.springboot.app.entities.Sets.cards#{element}]) - element descriptor

2026-07-29 13:46:40.836 INFO  com.zaxxer.hikari.HikariDataSource - HikariPool-1 - Shutdown initiated...
2026-07-29 13:46:41.261 INFO  com.zaxxer.hikari.HikariDataSource - HikariPool-1 - Shutdown completed.
2026-07-29 13:46:41.272 INFO  o.a.catalina.core.StandardService - Stopping service [Tomcat]
2026-07-29 13:46:41.339 INFO  o.s.b.a.l.ConditionEvaluationReportLogger - 

Error starting ApplicationContext. To display the condition evaluation report re-run your application with 'debug' enabled.
2026-07-29 13:46:41.426 ERROR o.s.boot.SpringApplication - Application run failed
org.springframework.beans.factory.BeanCreationException: Error creating bean with name 'entityManagerFactory' defined in class path resource [org/springframework/boot/hibernate/autoconfigure/HibernateJpaConfiguration.class]: Unable to build Hibernate SessionFactory  [persistence unit: default] ; nested exception is java.lang.IllegalStateException: PostInitCallback queue could not be processed...
        - PostInitCallbackEntry - PluralAttributeMapping( NavigableRole[com.flashcolorcard.springboot.app.entities.Sets.cards#{element}]) - element descriptor

	at org.springframework.beans.factory.support.AbstractAutowireCapableBeanFactory.initializeBean(AbstractAutowireCapableBeanFactory.java:1815)
	at org.springframework.beans.factory.support.AbstractAutowireCapableBeanFactory.doCreateBean(AbstractAutowireCapableBeanFactory.java:603)
	at org.springframework.beans.factory.support.AbstractAutowireCapableBeanFactory.createBean(AbstractAutowireCapableBeanFactory.java:525)
	at org.springframework.beans.factory.support.AbstractBeanFactory.lambda$doGetBean$0(AbstractBeanFactory.java:333)
	at org.springframework.beans.factory.support.DefaultSingletonBeanRegistry.getSingleton(DefaultSingletonBeanRegistry.java:371)
	at org.springframework.beans.factory.support.AbstractBeanFactory.doGetBean(AbstractBeanFactory.java:331)
	at org.springframework.beans.factory.support.AbstractBeanFactory.getBean(AbstractBeanFactory.java:201)
	at org.springframework.context.support.AbstractApplicationContext.finishBeanFactoryInitialization(AbstractApplicationContext.java:977)
	at org.springframework.context.support.AbstractApplicationContext.refresh(AbstractApplicationContext.java:621)
	at org.springframework.boot.web.server.servlet.context.ServletWebServerApplicationContext.refresh(ServletWebServerApplicationContext.java:143)
	at org.springframework.boot.SpringApplication.refresh(SpringApplication.java:756)
	at org.springframework.boot.SpringApplication.refreshContext(SpringApplication.java:445)
	at org.springframework.boot.SpringApplication.run(SpringApplication.java:321)
	at org.springframework.boot.SpringApplication.run(SpringApplication.java:1365)
	at org.springframework.boot.SpringApplication.run(SpringApplication.java:1354)
	at com.flashcolorcard.springboot.app.Application.main(Application.java:10)
	at java.base/jdk.internal.reflect.DirectMethodHandleAccessor.invoke(DirectMethodHandleAccessor.java:103)
	at java.base/java.lang.reflect.Method.invoke(Method.java:580)
	at org.springframework.boot.devtools.restart.RestartLauncher.run(RestartLauncher.java:52)
Caused by: jakarta.persistence.PersistenceException: Unable to build Hibernate SessionFactory  [persistence unit: default] ; nested exception is java.lang.IllegalStateException: PostInitCallback queue could not be processed...
        - PostInitCallbackEntry - PluralAttributeMapping( NavigableRole[com.flashcolorcard.springboot.app.entities.Sets.cards#{element}]) - element descriptor

	at org.springframework.orm.jpa.AbstractEntityManagerFactoryBean.buildNativeEntityManagerFactory(AbstractEntityManagerFactoryBean.java:448)
	at org.springframework.orm.jpa.AbstractEntityManagerFactoryBean.afterPropertiesSet(AbstractEntityManagerFactoryBean.java:411)
	at org.springframework.orm.jpa.LocalContainerEntityManagerFactoryBean.afterPropertiesSet(LocalContainerEntityManagerFactoryBean.java:419)
	at org.springframework.beans.factory.support.AbstractAutowireCapableBeanFactory.invokeInitMethods(AbstractAutowireCapableBeanFactory.java:1862)
	at org.springframework.beans.factory.support.AbstractAutowireCapableBeanFactory.initializeBean(AbstractAutowireCapableBeanFactory.java:1811)
	... 18 common frames omitted
Caused by: java.lang.IllegalStateException: PostInitCallback queue could not be processed...
        - PostInitCallbackEntry - PluralAttributeMapping( NavigableRole[com.flashcolorcard.springboot.app.entities.Sets.cards#{element}]) - element descriptor

	at org.hibernate.metamodel.mapping.internal.MappingModelCreationProcess.executePostInitCallbacks(MappingModelCreationProcess.java:154)
	at org.hibernate.metamodel.mapping.internal.MappingModelCreationProcess.execute(MappingModelCreationProcess.java:98)
	at org.hibernate.metamodel.mapping.internal.MappingModelCreationProcess.process(MappingModelCreationProcess.java:43)
	at org.hibernate.metamodel.model.domain.internal.MappingMetamodelImpl.finishInitialization(MappingMetamodelImpl.java:166)
	at org.hibernate.internal.SessionFactoryImpl.<init>(SessionFactoryImpl.java:287)
	at org.hibernate.internal.SessionFactoryRegistry.instantiateSessionFactory(SessionFactoryRegistry.java:64)
	at org.hibernate.boot.internal.SessionFactoryBuilderImpl.build(SessionFactoryBuilderImpl.java:458)
	at org.hibernate.jpa.boot.internal.EntityManagerFactoryBuilderImpl.build(EntityManagerFactoryBuilderImpl.java:1452)
	at org.springframework.orm.jpa.vendor.SpringHibernateJpaPersistenceProvider.createContainerEntityManagerFactory(SpringHibernateJpaPersistenceProvider.java:93)
	at org.springframework.orm.jpa.LocalContainerEntityManagerFactoryBean.createNativeEntityManagerFactory(LocalContainerEntityManagerFactoryBean.java:443)
	at org.springframework.orm.jpa.AbstractEntityManagerFactoryBean.buildNativeEntityManagerFactory(AbstractEntityManagerFactoryBean.java:436)
	... 22 common frames omitted
	Suppressed: java.lang.ClassCastException: class org.hibernate.metamodel.mapping.internal.BasicAttributeMapping cannot be cast to class org.hibernate.metamodel.mapping.PluralAttributeMapping (org.hibernate.metamodel.mapping.internal.BasicAttributeMapping and org.hibernate.metamodel.mapping.PluralAttributeMapping are in unnamed module of loader 'app')
		at org.hibernate.metamodel.mapping.internal.ManyToManyCollectionPart.finishInitialization(ManyToManyCollectionPart.java:433)
		at org.hibernate.metamodel.mapping.internal.MappingModelCreationHelper.lambda$interpretElement$1(MappingModelCreationHelper.java:1615)
		at org.hibernate.metamodel.mapping.internal.MappingModelCreationProcess$PostInitCallbackEntry.process(MappingModelCreationProcess.java:252)
		at org.hibernate.metamodel.mapping.internal.MappingModelCreationProcess.executePostInitCallbacks(MappingModelCreationProcess.java:116)
		... 32 common frames omitted
2026-07-29 13:50:18.298 INFO  c.f.springboot.app.Application - Starting Application using Java 21.0.2 with PID 21740 (C:\my projects\flashColorCardsApi\target\classes started by aleonmer in C:\my projects\flashColorCardsApi)
2026-07-29 13:50:18.314 DEBUG c.f.springboot.app.Application - Running with Spring Boot v4.1.0, Spring v7.0.8
2026-07-29 13:50:18.316 INFO  c.f.springboot.app.Application - The following 1 profile is active: "dev"
2026-07-29 13:50:18.537 INFO  o.s.b.d.e.DevToolsPropertyDefaultsPostProcessor - Devtools property defaults active! Set 'spring.devtools.add-properties' to 'false' to disable
2026-07-29 13:50:18.537 INFO  o.s.b.d.e.DevToolsPropertyDefaultsPostProcessor - For additional web related logging consider setting the 'logging.level.web' property to 'DEBUG'
2026-07-29 13:50:20.055 INFO  o.h.validator.internal.util.Version - HV000001: Hibernate Validator 9.1.0.Final
2026-07-29 13:50:22.371 INFO  o.s.d.r.c.RepositoryConfigurationDelegate - Bootstrapping Spring Data JPA repositories in DEFAULT mode.
2026-07-29 13:50:22.576 INFO  o.s.d.r.c.RepositoryConfigurationDelegate - Finished Spring Data repository scanning in 165 ms. Found 3 JPA repository interfaces.
2026-07-29 13:50:25.621 INFO  o.s.boot.tomcat.TomcatWebServer - Tomcat initialized with port 8080 (http)
2026-07-29 13:50:25.683 INFO  o.a.coyote.http11.Http11NioProtocol - Initializing ProtocolHandler ["http-nio-8080"]
2026-07-29 13:50:25.700 INFO  o.a.catalina.core.StandardService - Starting service [Tomcat]
2026-07-29 13:50:25.701 INFO  o.a.catalina.core.StandardEngine - Starting Servlet engine: [Apache Tomcat/11.0.22]
2026-07-29 13:50:26.027 INFO  o.s.b.w.c.s.WebApplicationContextInitializer - Root WebApplicationContext: initialization completed in 7484 ms
2026-07-29 13:50:27.876 INFO  org.hibernate.orm.jpa - HHH008540: Processing PersistenceUnitInfo [name: default]
2026-07-29 13:50:28.758 INFO  org.hibernate.orm.core - HHH000001: Hibernate ORM core version 7.4.1.Final
2026-07-29 13:50:30.790 INFO  o.s.o.j.p.SpringPersistenceUnitInfo - No LoadTimeWeaver setup: ignoring JPA class transformer
2026-07-29 13:50:30.892 INFO  com.zaxxer.hikari.HikariDataSource - HikariPool-1 - Starting...
2026-07-29 13:50:33.324 INFO  com.zaxxer.hikari.pool.HikariPool - HikariPool-1 - Added connection org.postgresql.jdbc.PgConnection@7d0bae28
2026-07-29 13:50:33.329 INFO  com.zaxxer.hikari.HikariDataSource - HikariPool-1 - Start completed.
2026-07-29 13:50:33.511 WARN  org.hibernate.orm.deprecation - HHH90000025: PostgreSQLDialect does not need to be specified explicitly using 'hibernate.dialect' (remove the property setting and it will be selected by default)
2026-07-29 13:50:33.767 INFO  o.hibernate.orm.connections.pooling - HHH10001005: Database info:
	Database JDBC URL [jdbc:postgresql://ep-super-river-ab15ua67-pooler.eu-west-2.aws.neon.tech/neondb]
	Database driver: PostgreSQL JDBC Driver
	Database dialect: PostgreSQLDialect
	Database version: 18.4
	Default catalog/schema: neondb/public
	Autocommit mode: undefined/unknown
	Isolation level: READ_COMMITTED [default READ_COMMITTED]
	JDBC fetch size: none
	Pool: DataSourceConnectionProvider
	Minimum pool size: undefined/unknown
	Maximum pool size: undefined/unknown
2026-07-29 13:50:38.124 ERROR o.s.o.j.LocalContainerEntityManagerFactoryBean - Failed to initialize JPA EntityManagerFactory: Unable to build Hibernate SessionFactory  [persistence unit: default] ; nested exception is java.lang.IllegalStateException: PostInitCallback queue could not be processed...
        - PostInitCallbackEntry - PluralAttributeMapping( NavigableRole[com.flashcolorcard.springboot.app.entities.Sets.cards#{element}]) - element descriptor

2026-07-29 13:50:38.125 WARN  o.s.b.w.s.s.c.AnnotationConfigServletWebServerApplicationContext - Exception encountered during context initialization - cancelling refresh attempt: org.springframework.beans.factory.BeanCreationException: Error creating bean with name 'entityManagerFactory' defined in class path resource [org/springframework/boot/hibernate/autoconfigure/HibernateJpaConfiguration.class]: Unable to build Hibernate SessionFactory  [persistence unit: default] ; nested exception is java.lang.IllegalStateException: PostInitCallback queue could not be processed...
        - PostInitCallbackEntry - PluralAttributeMapping( NavigableRole[com.flashcolorcard.springboot.app.entities.Sets.cards#{element}]) - element descriptor

2026-07-29 13:50:38.129 INFO  com.zaxxer.hikari.HikariDataSource - HikariPool-1 - Shutdown initiated...
2026-07-29 13:50:38.565 INFO  com.zaxxer.hikari.HikariDataSource - HikariPool-1 - Shutdown completed.
2026-07-29 13:50:38.578 INFO  o.a.catalina.core.StandardService - Stopping service [Tomcat]
2026-07-29 13:50:38.631 INFO  o.s.b.a.l.ConditionEvaluationReportLogger - 

Error starting ApplicationContext. To display the condition evaluation report re-run your application with 'debug' enabled.
2026-07-29 13:50:38.695 ERROR o.s.boot.SpringApplication - Application run failed
org.springframework.beans.factory.BeanCreationException: Error creating bean with name 'entityManagerFactory' defined in class path resource [org/springframework/boot/hibernate/autoconfigure/HibernateJpaConfiguration.class]: Unable to build Hibernate SessionFactory  [persistence unit: default] ; nested exception is java.lang.IllegalStateException: PostInitCallback queue could not be processed...
        - PostInitCallbackEntry - PluralAttributeMapping( NavigableRole[com.flashcolorcard.springboot.app.entities.Sets.cards#{element}]) - element descriptor

	at org.springframework.beans.factory.support.AbstractAutowireCapableBeanFactory.initializeBean(AbstractAutowireCapableBeanFactory.java:1815)
	at org.springframework.beans.factory.support.AbstractAutowireCapableBeanFactory.doCreateBean(AbstractAutowireCapableBeanFactory.java:603)
	at org.springframework.beans.factory.support.AbstractAutowireCapableBeanFactory.createBean(AbstractAutowireCapableBeanFactory.java:525)
	at org.springframework.beans.factory.support.AbstractBeanFactory.lambda$doGetBean$0(AbstractBeanFactory.java:333)
	at org.springframework.beans.factory.support.DefaultSingletonBeanRegistry.getSingleton(DefaultSingletonBeanRegistry.java:371)
	at org.springframework.beans.factory.support.AbstractBeanFactory.doGetBean(AbstractBeanFactory.java:331)
	at org.springframework.beans.factory.support.AbstractBeanFactory.getBean(AbstractBeanFactory.java:201)
	at org.springframework.context.support.AbstractApplicationContext.finishBeanFactoryInitialization(AbstractApplicationContext.java:977)
	at org.springframework.context.support.AbstractApplicationContext.refresh(AbstractApplicationContext.java:621)
	at org.springframework.boot.web.server.servlet.context.ServletWebServerApplicationContext.refresh(ServletWebServerApplicationContext.java:143)
	at org.springframework.boot.SpringApplication.refresh(SpringApplication.java:756)
	at org.springframework.boot.SpringApplication.refreshContext(SpringApplication.java:445)
	at org.springframework.boot.SpringApplication.run(SpringApplication.java:321)
	at org.springframework.boot.SpringApplication.run(SpringApplication.java:1365)
	at org.springframework.boot.SpringApplication.run(SpringApplication.java:1354)
	at com.flashcolorcard.springboot.app.Application.main(Application.java:10)
	at java.base/jdk.internal.reflect.DirectMethodHandleAccessor.invoke(DirectMethodHandleAccessor.java:103)
	at java.base/java.lang.reflect.Method.invoke(Method.java:580)
	at org.springframework.boot.devtools.restart.RestartLauncher.run(RestartLauncher.java:52)
Caused by: jakarta.persistence.PersistenceException: Unable to build Hibernate SessionFactory  [persistence unit: default] ; nested exception is java.lang.IllegalStateException: PostInitCallback queue could not be processed...
        - PostInitCallbackEntry - PluralAttributeMapping( NavigableRole[com.flashcolorcard.springboot.app.entities.Sets.cards#{element}]) - element descriptor

	at org.springframework.orm.jpa.AbstractEntityManagerFactoryBean.buildNativeEntityManagerFactory(AbstractEntityManagerFactoryBean.java:448)
	at org.springframework.orm.jpa.AbstractEntityManagerFactoryBean.afterPropertiesSet(AbstractEntityManagerFactoryBean.java:411)
	at org.springframework.orm.jpa.LocalContainerEntityManagerFactoryBean.afterPropertiesSet(LocalContainerEntityManagerFactoryBean.java:419)
	at org.springframework.beans.factory.support.AbstractAutowireCapableBeanFactory.invokeInitMethods(AbstractAutowireCapableBeanFactory.java:1862)
	at org.springframework.beans.factory.support.AbstractAutowireCapableBeanFactory.initializeBean(AbstractAutowireCapableBeanFactory.java:1811)
	... 18 common frames omitted
Caused by: java.lang.IllegalStateException: PostInitCallback queue could not be processed...
        - PostInitCallbackEntry - PluralAttributeMapping( NavigableRole[com.flashcolorcard.springboot.app.entities.Sets.cards#{element}]) - element descriptor

	at org.hibernate.metamodel.mapping.internal.MappingModelCreationProcess.executePostInitCallbacks(MappingModelCreationProcess.java:154)
	at org.hibernate.metamodel.mapping.internal.MappingModelCreationProcess.execute(MappingModelCreationProcess.java:98)
	at org.hibernate.metamodel.mapping.internal.MappingModelCreationProcess.process(MappingModelCreationProcess.java:43)
	at org.hibernate.metamodel.model.domain.internal.MappingMetamodelImpl.finishInitialization(MappingMetamodelImpl.java:166)
	at org.hibernate.internal.SessionFactoryImpl.<init>(SessionFactoryImpl.java:287)
	at org.hibernate.internal.SessionFactoryRegistry.instantiateSessionFactory(SessionFactoryRegistry.java:64)
	at org.hibernate.boot.internal.SessionFactoryBuilderImpl.build(SessionFactoryBuilderImpl.java:458)
	at org.hibernate.jpa.boot.internal.EntityManagerFactoryBuilderImpl.build(EntityManagerFactoryBuilderImpl.java:1452)
	at org.springframework.orm.jpa.vendor.SpringHibernateJpaPersistenceProvider.createContainerEntityManagerFactory(SpringHibernateJpaPersistenceProvider.java:93)
	at org.springframework.orm.jpa.LocalContainerEntityManagerFactoryBean.createNativeEntityManagerFactory(LocalContainerEntityManagerFactoryBean.java:443)
	at org.springframework.orm.jpa.AbstractEntityManagerFactoryBean.buildNativeEntityManagerFactory(AbstractEntityManagerFactoryBean.java:436)
	... 22 common frames omitted
	Suppressed: java.lang.ClassCastException: class org.hibernate.metamodel.mapping.internal.BasicAttributeMapping cannot be cast to class org.hibernate.metamodel.mapping.PluralAttributeMapping (org.hibernate.metamodel.mapping.internal.BasicAttributeMapping and org.hibernate.metamodel.mapping.PluralAttributeMapping are in unnamed module of loader 'app')
		at org.hibernate.metamodel.mapping.internal.ManyToManyCollectionPart.finishInitialization(ManyToManyCollectionPart.java:433)
		at org.hibernate.metamodel.mapping.internal.MappingModelCreationHelper.lambda$interpretElement$1(MappingModelCreationHelper.java:1615)
		at org.hibernate.metamodel.mapping.internal.MappingModelCreationProcess$PostInitCallbackEntry.process(MappingModelCreationProcess.java:252)
		at org.hibernate.metamodel.mapping.internal.MappingModelCreationProcess.executePostInitCallbacks(MappingModelCreationProcess.java:116)
		... 32 common frames omitted
2026-07-29 13:52:40.995 INFO  c.f.springboot.app.Application - Starting Application using Java 21.0.2 with PID 1224 (C:\my projects\flashColorCardsApi\target\classes started by aleonmer in C:\my projects\flashColorCardsApi)
2026-07-29 13:52:41.008 DEBUG c.f.springboot.app.Application - Running with Spring Boot v4.1.0, Spring v7.0.8
2026-07-29 13:52:41.010 INFO  c.f.springboot.app.Application - The following 1 profile is active: "dev"
2026-07-29 13:52:41.148 INFO  o.s.b.d.e.DevToolsPropertyDefaultsPostProcessor - Devtools property defaults active! Set 'spring.devtools.add-properties' to 'false' to disable
2026-07-29 13:52:41.148 INFO  o.s.b.d.e.DevToolsPropertyDefaultsPostProcessor - For additional web related logging consider setting the 'logging.level.web' property to 'DEBUG'
2026-07-29 13:52:42.288 INFO  o.h.validator.internal.util.Version - HV000001: Hibernate Validator 9.1.0.Final
2026-07-29 13:52:44.084 INFO  o.s.d.r.c.RepositoryConfigurationDelegate - Bootstrapping Spring Data JPA repositories in DEFAULT mode.
2026-07-29 13:52:44.298 INFO  o.s.d.r.c.RepositoryConfigurationDelegate - Finished Spring Data repository scanning in 186 ms. Found 3 JPA repository interfaces.
2026-07-29 13:52:46.231 INFO  o.s.boot.tomcat.TomcatWebServer - Tomcat initialized with port 8080 (http)
2026-07-29 13:52:46.272 INFO  o.a.coyote.http11.Http11NioProtocol - Initializing ProtocolHandler ["http-nio-8080"]
2026-07-29 13:52:46.278 INFO  o.a.catalina.core.StandardService - Starting service [Tomcat]
2026-07-29 13:52:46.279 INFO  o.a.catalina.core.StandardEngine - Starting Servlet engine: [Apache Tomcat/11.0.22]
2026-07-29 13:52:46.447 INFO  o.s.b.w.c.s.WebApplicationContextInitializer - Root WebApplicationContext: initialization completed in 5295 ms
2026-07-29 13:52:47.126 INFO  org.hibernate.orm.jpa - HHH008540: Processing PersistenceUnitInfo [name: default]
2026-07-29 13:52:47.324 INFO  org.hibernate.orm.core - HHH000001: Hibernate ORM core version 7.4.1.Final
2026-07-29 13:52:48.507 INFO  o.s.o.j.p.SpringPersistenceUnitInfo - No LoadTimeWeaver setup: ignoring JPA class transformer
2026-07-29 13:52:48.590 INFO  com.zaxxer.hikari.HikariDataSource - HikariPool-1 - Starting...
2026-07-29 13:52:49.743 INFO  com.zaxxer.hikari.pool.HikariPool - HikariPool-1 - Added connection org.postgresql.jdbc.PgConnection@6013fb8c
2026-07-29 13:52:49.746 INFO  com.zaxxer.hikari.HikariDataSource - HikariPool-1 - Start completed.
2026-07-29 13:52:49.847 WARN  org.hibernate.orm.deprecation - HHH90000025: PostgreSQLDialect does not need to be specified explicitly using 'hibernate.dialect' (remove the property setting and it will be selected by default)
2026-07-29 13:52:50.073 INFO  o.hibernate.orm.connections.pooling - HHH10001005: Database info:
	Database JDBC URL [jdbc:postgresql://ep-super-river-ab15ua67-pooler.eu-west-2.aws.neon.tech/neondb]
	Database driver: PostgreSQL JDBC Driver
	Database dialect: PostgreSQLDialect
	Database version: 18.4
	Default catalog/schema: neondb/public
	Autocommit mode: undefined/unknown
	Isolation level: READ_COMMITTED [default READ_COMMITTED]
	JDBC fetch size: none
	Pool: DataSourceConnectionProvider
	Minimum pool size: undefined/unknown
	Maximum pool size: undefined/unknown
2026-07-29 13:52:52.060 ERROR o.s.o.j.LocalContainerEntityManagerFactoryBean - Failed to initialize JPA EntityManagerFactory: Unable to build Hibernate SessionFactory  [persistence unit: default] ; nested exception is java.lang.IllegalStateException: PostInitCallback queue could not be processed...
        - PostInitCallbackEntry - PluralAttributeMapping( NavigableRole[com.flashcolorcard.springboot.app.entities.Sets.cards#{element}]) - element descriptor

2026-07-29 13:52:52.062 WARN  o.s.b.w.s.s.c.AnnotationConfigServletWebServerApplicationContext - Exception encountered during context initialization - cancelling refresh attempt: org.springframework.beans.factory.BeanCreationException: Error creating bean with name 'entityManagerFactory' defined in class path resource [org/springframework/boot/hibernate/autoconfigure/HibernateJpaConfiguration.class]: Unable to build Hibernate SessionFactory  [persistence unit: default] ; nested exception is java.lang.IllegalStateException: PostInitCallback queue could not be processed...
        - PostInitCallbackEntry - PluralAttributeMapping( NavigableRole[com.flashcolorcard.springboot.app.entities.Sets.cards#{element}]) - element descriptor

2026-07-29 13:52:52.067 INFO  com.zaxxer.hikari.HikariDataSource - HikariPool-1 - Shutdown initiated...
2026-07-29 13:52:52.392 INFO  com.zaxxer.hikari.HikariDataSource - HikariPool-1 - Shutdown completed.
2026-07-29 13:52:52.400 INFO  o.a.catalina.core.StandardService - Stopping service [Tomcat]
2026-07-29 13:52:52.427 INFO  o.s.b.a.l.ConditionEvaluationReportLogger - 

Error starting ApplicationContext. To display the condition evaluation report re-run your application with 'debug' enabled.
2026-07-29 13:52:52.462 ERROR o.s.boot.SpringApplication - Application run failed
org.springframework.beans.factory.BeanCreationException: Error creating bean with name 'entityManagerFactory' defined in class path resource [org/springframework/boot/hibernate/autoconfigure/HibernateJpaConfiguration.class]: Unable to build Hibernate SessionFactory  [persistence unit: default] ; nested exception is java.lang.IllegalStateException: PostInitCallback queue could not be processed...
        - PostInitCallbackEntry - PluralAttributeMapping( NavigableRole[com.flashcolorcard.springboot.app.entities.Sets.cards#{element}]) - element descriptor

	at org.springframework.beans.factory.support.AbstractAutowireCapableBeanFactory.initializeBean(AbstractAutowireCapableBeanFactory.java:1815)
	at org.springframework.beans.factory.support.AbstractAutowireCapableBeanFactory.doCreateBean(AbstractAutowireCapableBeanFactory.java:603)
	at org.springframework.beans.factory.support.AbstractAutowireCapableBeanFactory.createBean(AbstractAutowireCapableBeanFactory.java:525)
	at org.springframework.beans.factory.support.AbstractBeanFactory.lambda$doGetBean$0(AbstractBeanFactory.java:333)
	at org.springframework.beans.factory.support.DefaultSingletonBeanRegistry.getSingleton(DefaultSingletonBeanRegistry.java:371)
	at org.springframework.beans.factory.support.AbstractBeanFactory.doGetBean(AbstractBeanFactory.java:331)
	at org.springframework.beans.factory.support.AbstractBeanFactory.getBean(AbstractBeanFactory.java:201)
	at org.springframework.context.support.AbstractApplicationContext.finishBeanFactoryInitialization(AbstractApplicationContext.java:977)
	at org.springframework.context.support.AbstractApplicationContext.refresh(AbstractApplicationContext.java:621)
	at org.springframework.boot.web.server.servlet.context.ServletWebServerApplicationContext.refresh(ServletWebServerApplicationContext.java:143)
	at org.springframework.boot.SpringApplication.refresh(SpringApplication.java:756)
	at org.springframework.boot.SpringApplication.refreshContext(SpringApplication.java:445)
	at org.springframework.boot.SpringApplication.run(SpringApplication.java:321)
	at org.springframework.boot.SpringApplication.run(SpringApplication.java:1365)
	at org.springframework.boot.SpringApplication.run(SpringApplication.java:1354)
	at com.flashcolorcard.springboot.app.Application.main(Application.java:10)
	at java.base/jdk.internal.reflect.DirectMethodHandleAccessor.invoke(DirectMethodHandleAccessor.java:103)
	at java.base/java.lang.reflect.Method.invoke(Method.java:580)
	at org.springframework.boot.devtools.restart.RestartLauncher.run(RestartLauncher.java:52)
Caused by: jakarta.persistence.PersistenceException: Unable to build Hibernate SessionFactory  [persistence unit: default] ; nested exception is java.lang.IllegalStateException: PostInitCallback queue could not be processed...
        - PostInitCallbackEntry - PluralAttributeMapping( NavigableRole[com.flashcolorcard.springboot.app.entities.Sets.cards#{element}]) - element descriptor

	at org.springframework.orm.jpa.AbstractEntityManagerFactoryBean.buildNativeEntityManagerFactory(AbstractEntityManagerFactoryBean.java:448)
	at org.springframework.orm.jpa.AbstractEntityManagerFactoryBean.afterPropertiesSet(AbstractEntityManagerFactoryBean.java:411)
	at org.springframework.orm.jpa.LocalContainerEntityManagerFactoryBean.afterPropertiesSet(LocalContainerEntityManagerFactoryBean.java:419)
	at org.springframework.beans.factory.support.AbstractAutowireCapableBeanFactory.invokeInitMethods(AbstractAutowireCapableBeanFactory.java:1862)
	at org.springframework.beans.factory.support.AbstractAutowireCapableBeanFactory.initializeBean(AbstractAutowireCapableBeanFactory.java:1811)
	... 18 common frames omitted
Caused by: java.lang.IllegalStateException: PostInitCallback queue could not be processed...
        - PostInitCallbackEntry - PluralAttributeMapping( NavigableRole[com.flashcolorcard.springboot.app.entities.Sets.cards#{element}]) - element descriptor

	at org.hibernate.metamodel.mapping.internal.MappingModelCreationProcess.executePostInitCallbacks(MappingModelCreationProcess.java:154)
	at org.hibernate.metamodel.mapping.internal.MappingModelCreationProcess.execute(MappingModelCreationProcess.java:98)
	at org.hibernate.metamodel.mapping.internal.MappingModelCreationProcess.process(MappingModelCreationProcess.java:43)
	at org.hibernate.metamodel.model.domain.internal.MappingMetamodelImpl.finishInitialization(MappingMetamodelImpl.java:166)
	at org.hibernate.internal.SessionFactoryImpl.<init>(SessionFactoryImpl.java:287)
	at org.hibernate.internal.SessionFactoryRegistry.instantiateSessionFactory(SessionFactoryRegistry.java:64)
	at org.hibernate.boot.internal.SessionFactoryBuilderImpl.build(SessionFactoryBuilderImpl.java:458)
	at org.hibernate.jpa.boot.internal.EntityManagerFactoryBuilderImpl.build(EntityManagerFactoryBuilderImpl.java:1452)
	at org.springframework.orm.jpa.vendor.SpringHibernateJpaPersistenceProvider.createContainerEntityManagerFactory(SpringHibernateJpaPersistenceProvider.java:93)
	at org.springframework.orm.jpa.LocalContainerEntityManagerFactoryBean.createNativeEntityManagerFactory(LocalContainerEntityManagerFactoryBean.java:443)
	at org.springframework.orm.jpa.AbstractEntityManagerFactoryBean.buildNativeEntityManagerFactory(AbstractEntityManagerFactoryBean.java:436)
	... 22 common frames omitted
	Suppressed: java.lang.ClassCastException: class org.hibernate.metamodel.mapping.internal.BasicAttributeMapping cannot be cast to class org.hibernate.metamodel.mapping.PluralAttributeMapping (org.hibernate.metamodel.mapping.internal.BasicAttributeMapping and org.hibernate.metamodel.mapping.PluralAttributeMapping are in unnamed module of loader 'app')
		at org.hibernate.metamodel.mapping.internal.ManyToManyCollectionPart.finishInitialization(ManyToManyCollectionPart.java:433)
		at org.hibernate.metamodel.mapping.internal.MappingModelCreationHelper.lambda$interpretElement$1(MappingModelCreationHelper.java:1615)
		at org.hibernate.metamodel.mapping.internal.MappingModelCreationProcess$PostInitCallbackEntry.process(MappingModelCreationProcess.java:252)
		at org.hibernate.metamodel.mapping.internal.MappingModelCreationProcess.executePostInitCallbacks(MappingModelCreationProcess.java:116)
		... 32 common frames omitted
2026-07-29 13:57:20.936 INFO  c.f.springboot.app.Application - Starting Application using Java 21.0.2 with PID 28496 (C:\my projects\flashColorCardsApi\target\classes started by aleonmer in C:\my projects\flashColorCardsApi)
2026-07-29 13:57:20.953 DEBUG c.f.springboot.app.Application - Running with Spring Boot v4.1.0, Spring v7.0.8
2026-07-29 13:57:20.955 INFO  c.f.springboot.app.Application - The following 1 profile is active: "dev"
2026-07-29 13:57:21.179 INFO  o.s.b.d.e.DevToolsPropertyDefaultsPostProcessor - Devtools property defaults active! Set 'spring.devtools.add-properties' to 'false' to disable
2026-07-29 13:57:21.180 INFO  o.s.b.d.e.DevToolsPropertyDefaultsPostProcessor - For additional web related logging consider setting the 'logging.level.web' property to 'DEBUG'
2026-07-29 13:57:22.529 INFO  o.h.validator.internal.util.Version - HV000001: Hibernate Validator 9.1.0.Final
2026-07-29 13:57:24.522 INFO  o.s.d.r.c.RepositoryConfigurationDelegate - Bootstrapping Spring Data JPA repositories in DEFAULT mode.
2026-07-29 13:57:24.720 INFO  o.s.d.r.c.RepositoryConfigurationDelegate - Finished Spring Data repository scanning in 164 ms. Found 3 JPA repository interfaces.
2026-07-29 13:57:27.067 INFO  o.s.boot.tomcat.TomcatWebServer - Tomcat initialized with port 8080 (http)
2026-07-29 13:57:27.146 INFO  o.a.coyote.http11.Http11NioProtocol - Initializing ProtocolHandler ["http-nio-8080"]
2026-07-29 13:57:27.169 INFO  o.a.catalina.core.StandardService - Starting service [Tomcat]
2026-07-29 13:57:27.170 INFO  o.a.catalina.core.StandardEngine - Starting Servlet engine: [Apache Tomcat/11.0.22]
2026-07-29 13:57:27.515 INFO  o.s.b.w.c.s.WebApplicationContextInitializer - Root WebApplicationContext: initialization completed in 6330 ms
2026-07-29 13:57:28.428 INFO  org.hibernate.orm.jpa - HHH008540: Processing PersistenceUnitInfo [name: default]
2026-07-29 13:57:28.883 INFO  org.hibernate.orm.core - HHH000001: Hibernate ORM core version 7.4.1.Final
2026-07-29 13:57:31.238 INFO  o.s.o.j.p.SpringPersistenceUnitInfo - No LoadTimeWeaver setup: ignoring JPA class transformer
2026-07-29 13:57:31.382 INFO  com.zaxxer.hikari.HikariDataSource - HikariPool-1 - Starting...
2026-07-29 13:57:33.460 INFO  com.zaxxer.hikari.pool.HikariPool - HikariPool-1 - Added connection org.postgresql.jdbc.PgConnection@6013fb8c
2026-07-29 13:57:33.464 INFO  com.zaxxer.hikari.HikariDataSource - HikariPool-1 - Start completed.
2026-07-29 13:57:33.597 WARN  org.hibernate.orm.deprecation - HHH90000025: PostgreSQLDialect does not need to be specified explicitly using 'hibernate.dialect' (remove the property setting and it will be selected by default)
2026-07-29 13:57:33.840 INFO  o.hibernate.orm.connections.pooling - HHH10001005: Database info:
	Database JDBC URL [jdbc:postgresql://ep-super-river-ab15ua67-pooler.eu-west-2.aws.neon.tech/neondb]
	Database driver: PostgreSQL JDBC Driver
	Database dialect: PostgreSQLDialect
	Database version: 18.4
	Default catalog/schema: neondb/public
	Autocommit mode: undefined/unknown
	Isolation level: READ_COMMITTED [default READ_COMMITTED]
	JDBC fetch size: none
	Pool: DataSourceConnectionProvider
	Minimum pool size: undefined/unknown
	Maximum pool size: undefined/unknown
2026-07-29 13:57:36.165 ERROR o.s.o.j.LocalContainerEntityManagerFactoryBean - Failed to initialize JPA EntityManagerFactory: Unable to build Hibernate SessionFactory  [persistence unit: default] ; nested exception is org.hibernate.MappingException: To-one mapping [com.flashcolorcard.springboot.app.entities.Card.sets] was mapped with targetEntity=`com.flashcolorcard.springboot.app.entities.Sets`, but the attribute is declared as `java.util.Set`
2026-07-29 13:57:36.166 WARN  o.s.b.w.s.s.c.AnnotationConfigServletWebServerApplicationContext - Exception encountered during context initialization - cancelling refresh attempt: org.springframework.beans.factory.BeanCreationException: Error creating bean with name 'entityManagerFactory' defined in class path resource [org/springframework/boot/hibernate/autoconfigure/HibernateJpaConfiguration.class]: Unable to build Hibernate SessionFactory  [persistence unit: default] ; nested exception is org.hibernate.MappingException: To-one mapping [com.flashcolorcard.springboot.app.entities.Card.sets] was mapped with targetEntity=`com.flashcolorcard.springboot.app.entities.Sets`, but the attribute is declared as `java.util.Set`
2026-07-29 13:57:36.171 INFO  com.zaxxer.hikari.HikariDataSource - HikariPool-1 - Shutdown initiated...
2026-07-29 13:57:36.498 INFO  com.zaxxer.hikari.HikariDataSource - HikariPool-1 - Shutdown completed.
2026-07-29 13:57:36.504 INFO  o.a.catalina.core.StandardService - Stopping service [Tomcat]
2026-07-29 13:57:36.542 INFO  o.s.b.a.l.ConditionEvaluationReportLogger - 

Error starting ApplicationContext. To display the condition evaluation report re-run your application with 'debug' enabled.
2026-07-29 13:57:36.583 ERROR o.s.boot.SpringApplication - Application run failed
org.springframework.beans.factory.BeanCreationException: Error creating bean with name 'entityManagerFactory' defined in class path resource [org/springframework/boot/hibernate/autoconfigure/HibernateJpaConfiguration.class]: Unable to build Hibernate SessionFactory  [persistence unit: default] ; nested exception is org.hibernate.MappingException: To-one mapping [com.flashcolorcard.springboot.app.entities.Card.sets] was mapped with targetEntity=`com.flashcolorcard.springboot.app.entities.Sets`, but the attribute is declared as `java.util.Set`
	at org.springframework.beans.factory.support.AbstractAutowireCapableBeanFactory.initializeBean(AbstractAutowireCapableBeanFactory.java:1815)
	at org.springframework.beans.factory.support.AbstractAutowireCapableBeanFactory.doCreateBean(AbstractAutowireCapableBeanFactory.java:603)
	at org.springframework.beans.factory.support.AbstractAutowireCapableBeanFactory.createBean(AbstractAutowireCapableBeanFactory.java:525)
	at org.springframework.beans.factory.support.AbstractBeanFactory.lambda$doGetBean$0(AbstractBeanFactory.java:333)
	at org.springframework.beans.factory.support.DefaultSingletonBeanRegistry.getSingleton(DefaultSingletonBeanRegistry.java:371)
	at org.springframework.beans.factory.support.AbstractBeanFactory.doGetBean(AbstractBeanFactory.java:331)
	at org.springframework.beans.factory.support.AbstractBeanFactory.getBean(AbstractBeanFactory.java:201)
	at org.springframework.context.support.AbstractApplicationContext.finishBeanFactoryInitialization(AbstractApplicationContext.java:977)
	at org.springframework.context.support.AbstractApplicationContext.refresh(AbstractApplicationContext.java:621)
	at org.springframework.boot.web.server.servlet.context.ServletWebServerApplicationContext.refresh(ServletWebServerApplicationContext.java:143)
	at org.springframework.boot.SpringApplication.refresh(SpringApplication.java:756)
	at org.springframework.boot.SpringApplication.refreshContext(SpringApplication.java:445)
	at org.springframework.boot.SpringApplication.run(SpringApplication.java:321)
	at org.springframework.boot.SpringApplication.run(SpringApplication.java:1365)
	at org.springframework.boot.SpringApplication.run(SpringApplication.java:1354)
	at com.flashcolorcard.springboot.app.Application.main(Application.java:10)
	at java.base/jdk.internal.reflect.DirectMethodHandleAccessor.invoke(DirectMethodHandleAccessor.java:103)
	at java.base/java.lang.reflect.Method.invoke(Method.java:580)
	at org.springframework.boot.devtools.restart.RestartLauncher.run(RestartLauncher.java:52)
Caused by: jakarta.persistence.PersistenceException: Unable to build Hibernate SessionFactory  [persistence unit: default] ; nested exception is org.hibernate.MappingException: To-one mapping [com.flashcolorcard.springboot.app.entities.Card.sets] was mapped with targetEntity=`com.flashcolorcard.springboot.app.entities.Sets`, but the attribute is declared as `java.util.Set`
	at org.springframework.orm.jpa.AbstractEntityManagerFactoryBean.buildNativeEntityManagerFactory(AbstractEntityManagerFactoryBean.java:448)
	at org.springframework.orm.jpa.AbstractEntityManagerFactoryBean.afterPropertiesSet(AbstractEntityManagerFactoryBean.java:411)
	at org.springframework.orm.jpa.LocalContainerEntityManagerFactoryBean.afterPropertiesSet(LocalContainerEntityManagerFactoryBean.java:419)
	at org.springframework.beans.factory.support.AbstractAutowireCapableBeanFactory.invokeInitMethods(AbstractAutowireCapableBeanFactory.java:1862)
	at org.springframework.beans.factory.support.AbstractAutowireCapableBeanFactory.initializeBean(AbstractAutowireCapableBeanFactory.java:1811)
	... 18 common frames omitted
Caused by: org.hibernate.MappingException: To-one mapping [com.flashcolorcard.springboot.app.entities.Card.sets] was mapped with targetEntity=`com.flashcolorcard.springboot.app.entities.Sets`, but the attribute is declared as `java.util.Set`
	at org.hibernate.metamodel.mapping.internal.ToOneAttributeMapping.<init>(ToOneAttributeMapping.java:273)
	at org.hibernate.metamodel.mapping.internal.MappingModelCreationHelper.buildSingularAssociationAttributeMapping(MappingModelCreationHelper.java:1958)
	at org.hibernate.metamodel.mapping.internal.MappingModelCreationHelper.buildSingularAssociationAttributeMapping(MappingModelCreationHelper.java:1907)
	at org.hibernate.persister.entity.AbstractEntityPersister.buildSingularAssociationAttributeMapping(AbstractEntityPersister.java:5718)
	at org.hibernate.persister.entity.AbstractEntityPersister.generateNonIdAttributeMapping(AbstractEntityPersister.java:5649)
	at org.hibernate.persister.entity.AbstractEntityPersister.generateNonIdAttributeMapping(AbstractEntityPersister.java:5424)
	at org.hibernate.persister.entity.AbstractEntityPersister.buildDeclaredAttributeMappings(AbstractEntityPersister.java:4855)
	at org.hibernate.persister.entity.AbstractEntityPersister.prepareMappings(AbstractEntityPersister.java:4807)
	at org.hibernate.persister.entity.AbstractEntityPersister.prepareMappingModel(AbstractEntityPersister.java:4773)
	at org.hibernate.metamodel.mapping.internal.MappingModelCreationProcess.execute(MappingModelCreationProcess.java:88)
	at org.hibernate.metamodel.mapping.internal.MappingModelCreationProcess.process(MappingModelCreationProcess.java:43)
	at org.hibernate.metamodel.model.domain.internal.MappingMetamodelImpl.finishInitialization(MappingMetamodelImpl.java:166)
	at org.hibernate.internal.SessionFactoryImpl.<init>(SessionFactoryImpl.java:287)
	at org.hibernate.internal.SessionFactoryRegistry.instantiateSessionFactory(SessionFactoryRegistry.java:64)
	at org.hibernate.boot.internal.SessionFactoryBuilderImpl.build(SessionFactoryBuilderImpl.java:458)
	at org.hibernate.jpa.boot.internal.EntityManagerFactoryBuilderImpl.build(EntityManagerFactoryBuilderImpl.java:1452)
	at org.springframework.orm.jpa.vendor.SpringHibernateJpaPersistenceProvider.createContainerEntityManagerFactory(SpringHibernateJpaPersistenceProvider.java:93)
	at org.springframework.orm.jpa.LocalContainerEntityManagerFactoryBean.createNativeEntityManagerFactory(LocalContainerEntityManagerFactoryBean.java:443)
	at org.springframework.orm.jpa.AbstractEntityManagerFactoryBean.buildNativeEntityManagerFactory(AbstractEntityManagerFactoryBean.java:436)
	... 22 common frames omitted
2026-07-29 14:00:08.613 INFO  c.f.springboot.app.Application - Starting Application using Java 21.0.2 with PID 34160 (C:\my projects\flashColorCardsApi\target\classes started by aleonmer in C:\my projects\flashColorCardsApi)
2026-07-29 14:00:08.624 DEBUG c.f.springboot.app.Application - Running with Spring Boot v4.1.0, Spring v7.0.8
2026-07-29 14:00:08.627 INFO  c.f.springboot.app.Application - The following 1 profile is active: "dev"
2026-07-29 14:00:08.772 INFO  o.s.b.d.e.DevToolsPropertyDefaultsPostProcessor - Devtools property defaults active! Set 'spring.devtools.add-properties' to 'false' to disable
2026-07-29 14:00:08.773 INFO  o.s.b.d.e.DevToolsPropertyDefaultsPostProcessor - For additional web related logging consider setting the 'logging.level.web' property to 'DEBUG'
2026-07-29 14:00:09.797 INFO  o.h.validator.internal.util.Version - HV000001: Hibernate Validator 9.1.0.Final
2026-07-29 14:00:11.774 INFO  o.s.d.r.c.RepositoryConfigurationDelegate - Bootstrapping Spring Data JPA repositories in DEFAULT mode.
2026-07-29 14:00:11.975 INFO  o.s.d.r.c.RepositoryConfigurationDelegate - Finished Spring Data repository scanning in 168 ms. Found 3 JPA repository interfaces.
2026-07-29 14:00:15.005 INFO  o.s.boot.tomcat.TomcatWebServer - Tomcat initialized with port 8080 (http)
2026-07-29 14:00:15.043 INFO  o.a.coyote.http11.Http11NioProtocol - Initializing ProtocolHandler ["http-nio-8080"]
2026-07-29 14:00:15.051 INFO  o.a.catalina.core.StandardService - Starting service [Tomcat]
2026-07-29 14:00:15.052 INFO  o.a.catalina.core.StandardEngine - Starting Servlet engine: [Apache Tomcat/11.0.22]
2026-07-29 14:00:15.278 INFO  o.s.b.w.c.s.WebApplicationContextInitializer - Root WebApplicationContext: initialization completed in 6501 ms
2026-07-29 14:00:15.916 INFO  org.hibernate.orm.jpa - HHH008540: Processing PersistenceUnitInfo [name: default]
2026-07-29 14:00:16.036 INFO  org.hibernate.orm.core - HHH000001: Hibernate ORM core version 7.4.1.Final
2026-07-29 14:00:16.931 INFO  o.s.o.j.p.SpringPersistenceUnitInfo - No LoadTimeWeaver setup: ignoring JPA class transformer
2026-07-29 14:00:16.983 INFO  com.zaxxer.hikari.HikariDataSource - HikariPool-1 - Starting...
2026-07-29 14:00:17.887 INFO  com.zaxxer.hikari.pool.HikariPool - HikariPool-1 - Added connection org.postgresql.jdbc.PgConnection@51702c6f
2026-07-29 14:00:17.890 INFO  com.zaxxer.hikari.HikariDataSource - HikariPool-1 - Start completed.
2026-07-29 14:00:17.969 WARN  org.hibernate.orm.deprecation - HHH90000025: PostgreSQLDialect does not need to be specified explicitly using 'hibernate.dialect' (remove the property setting and it will be selected by default)
2026-07-29 14:00:18.157 INFO  o.hibernate.orm.connections.pooling - HHH10001005: Database info:
	Database JDBC URL [jdbc:postgresql://ep-super-river-ab15ua67-pooler.eu-west-2.aws.neon.tech/neondb]
	Database driver: PostgreSQL JDBC Driver
	Database dialect: PostgreSQLDialect
	Database version: 18.4
	Default catalog/schema: neondb/public
	Autocommit mode: undefined/unknown
	Isolation level: READ_COMMITTED [default READ_COMMITTED]
	JDBC fetch size: none
	Pool: DataSourceConnectionProvider
	Minimum pool size: undefined/unknown
	Maximum pool size: undefined/unknown
2026-07-29 14:00:18.688 ERROR o.s.o.j.LocalContainerEntityManagerFactoryBean - Failed to initialize JPA EntityManagerFactory: Unable to build Hibernate SessionFactory  [persistence unit: default] ; nested exception is org.hibernate.MappingException: Column 'id' is duplicated in mapping for entity 'com.flashcolorcard.springboot.app.entities.Card' (use '@Column(insertable=false, updatable=false)' when mapping multiple properties to the same column)
2026-07-29 14:00:18.688 WARN  o.s.b.w.s.s.c.AnnotationConfigServletWebServerApplicationContext - Exception encountered during context initialization - cancelling refresh attempt: org.springframework.beans.factory.BeanCreationException: Error creating bean with name 'entityManagerFactory' defined in class path resource [org/springframework/boot/hibernate/autoconfigure/HibernateJpaConfiguration.class]: Unable to build Hibernate SessionFactory  [persistence unit: default] ; nested exception is org.hibernate.MappingException: Column 'id' is duplicated in mapping for entity 'com.flashcolorcard.springboot.app.entities.Card' (use '@Column(insertable=false, updatable=false)' when mapping multiple properties to the same column)
2026-07-29 14:00:18.691 INFO  com.zaxxer.hikari.HikariDataSource - HikariPool-1 - Shutdown initiated...
2026-07-29 14:00:18.811 INFO  com.zaxxer.hikari.HikariDataSource - HikariPool-1 - Shutdown completed.
2026-07-29 14:00:18.814 INFO  o.a.catalina.core.StandardService - Stopping service [Tomcat]
2026-07-29 14:00:18.830 INFO  o.s.b.a.l.ConditionEvaluationReportLogger - 

Error starting ApplicationContext. To display the condition evaluation report re-run your application with 'debug' enabled.
2026-07-29 14:00:18.853 ERROR o.s.boot.SpringApplication - Application run failed
org.springframework.beans.factory.BeanCreationException: Error creating bean with name 'entityManagerFactory' defined in class path resource [org/springframework/boot/hibernate/autoconfigure/HibernateJpaConfiguration.class]: Unable to build Hibernate SessionFactory  [persistence unit: default] ; nested exception is org.hibernate.MappingException: Column 'id' is duplicated in mapping for entity 'com.flashcolorcard.springboot.app.entities.Card' (use '@Column(insertable=false, updatable=false)' when mapping multiple properties to the same column)
	at org.springframework.beans.factory.support.AbstractAutowireCapableBeanFactory.initializeBean(AbstractAutowireCapableBeanFactory.java:1815)
	at org.springframework.beans.factory.support.AbstractAutowireCapableBeanFactory.doCreateBean(AbstractAutowireCapableBeanFactory.java:603)
	at org.springframework.beans.factory.support.AbstractAutowireCapableBeanFactory.createBean(AbstractAutowireCapableBeanFactory.java:525)
	at org.springframework.beans.factory.support.AbstractBeanFactory.lambda$doGetBean$0(AbstractBeanFactory.java:333)
	at org.springframework.beans.factory.support.DefaultSingletonBeanRegistry.getSingleton(DefaultSingletonBeanRegistry.java:371)
	at org.springframework.beans.factory.support.AbstractBeanFactory.doGetBean(AbstractBeanFactory.java:331)
	at org.springframework.beans.factory.support.AbstractBeanFactory.getBean(AbstractBeanFactory.java:201)
	at org.springframework.context.support.AbstractApplicationContext.finishBeanFactoryInitialization(AbstractApplicationContext.java:977)
	at org.springframework.context.support.AbstractApplicationContext.refresh(AbstractApplicationContext.java:621)
	at org.springframework.boot.web.server.servlet.context.ServletWebServerApplicationContext.refresh(ServletWebServerApplicationContext.java:143)
	at org.springframework.boot.SpringApplication.refresh(SpringApplication.java:756)
	at org.springframework.boot.SpringApplication.refreshContext(SpringApplication.java:445)
	at org.springframework.boot.SpringApplication.run(SpringApplication.java:321)
	at org.springframework.boot.SpringApplication.run(SpringApplication.java:1365)
	at org.springframework.boot.SpringApplication.run(SpringApplication.java:1354)
	at com.flashcolorcard.springboot.app.Application.main(Application.java:10)
	at java.base/jdk.internal.reflect.DirectMethodHandleAccessor.invoke(DirectMethodHandleAccessor.java:103)
	at java.base/java.lang.reflect.Method.invoke(Method.java:580)
	at org.springframework.boot.devtools.restart.RestartLauncher.run(RestartLauncher.java:52)
Caused by: jakarta.persistence.PersistenceException: Unable to build Hibernate SessionFactory  [persistence unit: default] ; nested exception is org.hibernate.MappingException: Column 'id' is duplicated in mapping for entity 'com.flashcolorcard.springboot.app.entities.Card' (use '@Column(insertable=false, updatable=false)' when mapping multiple properties to the same column)
	at org.springframework.orm.jpa.AbstractEntityManagerFactoryBean.buildNativeEntityManagerFactory(AbstractEntityManagerFactoryBean.java:448)
	at org.springframework.orm.jpa.AbstractEntityManagerFactoryBean.afterPropertiesSet(AbstractEntityManagerFactoryBean.java:411)
	at org.springframework.orm.jpa.LocalContainerEntityManagerFactoryBean.afterPropertiesSet(LocalContainerEntityManagerFactoryBean.java:419)
	at org.springframework.beans.factory.support.AbstractAutowireCapableBeanFactory.invokeInitMethods(AbstractAutowireCapableBeanFactory.java:1862)
	at org.springframework.beans.factory.support.AbstractAutowireCapableBeanFactory.initializeBean(AbstractAutowireCapableBeanFactory.java:1811)
	... 18 common frames omitted
Caused by: org.hibernate.MappingException: Column 'id' is duplicated in mapping for entity 'com.flashcolorcard.springboot.app.entities.Card' (use '@Column(insertable=false, updatable=false)' when mapping multiple properties to the same column)
	at org.hibernate.mapping.Value.checkColumnDuplication(Value.java:214)
	at org.hibernate.mapping.MappingHelper.checkPropertyColumnDuplication(MappingHelper.java:112)
	at org.hibernate.mapping.PersistentClass.checkColumnDuplication(PersistentClass.java:971)
	at org.hibernate.mapping.PersistentClass.validate(PersistentClass.java:718)
	at org.hibernate.mapping.RootClass.validate(RootClass.java:286)
	at org.hibernate.boot.internal.MetadataImpl.validate(MetadataImpl.java:464)
	at org.hibernate.internal.SessionFactoryImpl.<init>(SessionFactoryImpl.java:269)
	at org.hibernate.internal.SessionFactoryRegistry.instantiateSessionFactory(SessionFactoryRegistry.java:64)
	at org.hibernate.boot.internal.SessionFactoryBuilderImpl.build(SessionFactoryBuilderImpl.java:458)
	at org.hibernate.jpa.boot.internal.EntityManagerFactoryBuilderImpl.build(EntityManagerFactoryBuilderImpl.java:1452)
	at org.springframework.orm.jpa.vendor.SpringHibernateJpaPersistenceProvider.createContainerEntityManagerFactory(SpringHibernateJpaPersistenceProvider.java:93)
	at org.springframework.orm.jpa.LocalContainerEntityManagerFactoryBean.createNativeEntityManagerFactory(LocalContainerEntityManagerFactoryBean.java:443)
	at org.springframework.orm.jpa.AbstractEntityManagerFactoryBean.buildNativeEntityManagerFactory(AbstractEntityManagerFactoryBean.java:436)
	... 22 common frames omitted
2026-07-29 14:02:32.919 INFO  c.f.springboot.app.Application - Starting Application using Java 21.0.2 with PID 10260 (C:\my projects\flashColorCardsApi\target\classes started by aleonmer in C:\my projects\flashColorCardsApi)
2026-07-29 14:02:32.924 DEBUG c.f.springboot.app.Application - Running with Spring Boot v4.1.0, Spring v7.0.8
2026-07-29 14:02:32.925 INFO  c.f.springboot.app.Application - The following 1 profile is active: "dev"
2026-07-29 14:02:33.009 INFO  o.s.b.d.e.DevToolsPropertyDefaultsPostProcessor - Devtools property defaults active! Set 'spring.devtools.add-properties' to 'false' to disable
2026-07-29 14:02:33.010 INFO  o.s.b.d.e.DevToolsPropertyDefaultsPostProcessor - For additional web related logging consider setting the 'logging.level.web' property to 'DEBUG'
2026-07-29 14:02:33.623 INFO  o.h.validator.internal.util.Version - HV000001: Hibernate Validator 9.1.0.Final
2026-07-29 14:02:34.774 INFO  o.s.d.r.c.RepositoryConfigurationDelegate - Bootstrapping Spring Data JPA repositories in DEFAULT mode.
2026-07-29 14:02:34.900 INFO  o.s.d.r.c.RepositoryConfigurationDelegate - Finished Spring Data repository scanning in 108 ms. Found 3 JPA repository interfaces.
2026-07-29 14:02:36.133 INFO  o.s.boot.tomcat.TomcatWebServer - Tomcat initialized with port 8080 (http)
2026-07-29 14:02:36.163 INFO  o.a.coyote.http11.Http11NioProtocol - Initializing ProtocolHandler ["http-nio-8080"]
2026-07-29 14:02:36.168 INFO  o.a.catalina.core.StandardService - Starting service [Tomcat]
2026-07-29 14:02:36.169 INFO  o.a.catalina.core.StandardEngine - Starting Servlet engine: [Apache Tomcat/11.0.22]
2026-07-29 14:02:36.301 INFO  o.s.b.w.c.s.WebApplicationContextInitializer - Root WebApplicationContext: initialization completed in 3287 ms
2026-07-29 14:02:36.746 INFO  org.hibernate.orm.jpa - HHH008540: Processing PersistenceUnitInfo [name: default]
2026-07-29 14:02:36.878 INFO  org.hibernate.orm.core - HHH000001: Hibernate ORM core version 7.4.1.Final
2026-07-29 14:02:37.489 INFO  o.s.o.j.p.SpringPersistenceUnitInfo - No LoadTimeWeaver setup: ignoring JPA class transformer
2026-07-29 14:02:37.533 INFO  com.zaxxer.hikari.HikariDataSource - HikariPool-1 - Starting...
2026-07-29 14:02:38.370 INFO  com.zaxxer.hikari.pool.HikariPool - HikariPool-1 - Added connection org.postgresql.jdbc.PgConnection@674b970a
2026-07-29 14:02:38.372 INFO  com.zaxxer.hikari.HikariDataSource - HikariPool-1 - Start completed.
2026-07-29 14:02:38.447 WARN  org.hibernate.orm.deprecation - HHH90000025: PostgreSQLDialect does not need to be specified explicitly using 'hibernate.dialect' (remove the property setting and it will be selected by default)
2026-07-29 14:02:38.644 INFO  o.hibernate.orm.connections.pooling - HHH10001005: Database info:
	Database JDBC URL [jdbc:postgresql://ep-super-river-ab15ua67-pooler.eu-west-2.aws.neon.tech/neondb]
	Database driver: PostgreSQL JDBC Driver
	Database dialect: PostgreSQLDialect
	Database version: 18.4
	Default catalog/schema: neondb/public
	Autocommit mode: undefined/unknown
	Isolation level: READ_COMMITTED [default READ_COMMITTED]
	JDBC fetch size: none
	Pool: DataSourceConnectionProvider
	Minimum pool size: undefined/unknown
	Maximum pool size: undefined/unknown
2026-07-29 14:02:39.197 ERROR o.s.o.j.LocalContainerEntityManagerFactoryBean - Failed to initialize JPA EntityManagerFactory: Unable to build Hibernate SessionFactory  [persistence unit: default] ; nested exception is org.hibernate.MappingException: Column 'id_set' is duplicated in mapping for entity 'com.flashcolorcard.springboot.app.entities.Card' (use '@Column(insertable=false, updatable=false)' when mapping multiple properties to the same column)
2026-07-29 14:02:39.198 WARN  o.s.b.w.s.s.c.AnnotationConfigServletWebServerApplicationContext - Exception encountered during context initialization - cancelling refresh attempt: org.springframework.beans.factory.BeanCreationException: Error creating bean with name 'entityManagerFactory' defined in class path resource [org/springframework/boot/hibernate/autoconfigure/HibernateJpaConfiguration.class]: Unable to build Hibernate SessionFactory  [persistence unit: default] ; nested exception is org.hibernate.MappingException: Column 'id_set' is duplicated in mapping for entity 'com.flashcolorcard.springboot.app.entities.Card' (use '@Column(insertable=false, updatable=false)' when mapping multiple properties to the same column)
2026-07-29 14:02:39.199 INFO  com.zaxxer.hikari.HikariDataSource - HikariPool-1 - Shutdown initiated...
2026-07-29 14:02:39.328 INFO  com.zaxxer.hikari.HikariDataSource - HikariPool-1 - Shutdown completed.
2026-07-29 14:02:39.332 INFO  o.a.catalina.core.StandardService - Stopping service [Tomcat]
2026-07-29 14:02:39.350 INFO  o.s.b.a.l.ConditionEvaluationReportLogger - 

Error starting ApplicationContext. To display the condition evaluation report re-run your application with 'debug' enabled.
2026-07-29 14:02:39.372 ERROR o.s.boot.SpringApplication - Application run failed
org.springframework.beans.factory.BeanCreationException: Error creating bean with name 'entityManagerFactory' defined in class path resource [org/springframework/boot/hibernate/autoconfigure/HibernateJpaConfiguration.class]: Unable to build Hibernate SessionFactory  [persistence unit: default] ; nested exception is org.hibernate.MappingException: Column 'id_set' is duplicated in mapping for entity 'com.flashcolorcard.springboot.app.entities.Card' (use '@Column(insertable=false, updatable=false)' when mapping multiple properties to the same column)
	at org.springframework.beans.factory.support.AbstractAutowireCapableBeanFactory.initializeBean(AbstractAutowireCapableBeanFactory.java:1815)
	at org.springframework.beans.factory.support.AbstractAutowireCapableBeanFactory.doCreateBean(AbstractAutowireCapableBeanFactory.java:603)
	at org.springframework.beans.factory.support.AbstractAutowireCapableBeanFactory.createBean(AbstractAutowireCapableBeanFactory.java:525)
	at org.springframework.beans.factory.support.AbstractBeanFactory.lambda$doGetBean$0(AbstractBeanFactory.java:333)
	at org.springframework.beans.factory.support.DefaultSingletonBeanRegistry.getSingleton(DefaultSingletonBeanRegistry.java:371)
	at org.springframework.beans.factory.support.AbstractBeanFactory.doGetBean(AbstractBeanFactory.java:331)
	at org.springframework.beans.factory.support.AbstractBeanFactory.getBean(AbstractBeanFactory.java:201)
	at org.springframework.context.support.AbstractApplicationContext.finishBeanFactoryInitialization(AbstractApplicationContext.java:977)
	at org.springframework.context.support.AbstractApplicationContext.refresh(AbstractApplicationContext.java:621)
	at org.springframework.boot.web.server.servlet.context.ServletWebServerApplicationContext.refresh(ServletWebServerApplicationContext.java:143)
	at org.springframework.boot.SpringApplication.refresh(SpringApplication.java:756)
	at org.springframework.boot.SpringApplication.refreshContext(SpringApplication.java:445)
	at org.springframework.boot.SpringApplication.run(SpringApplication.java:321)
	at org.springframework.boot.SpringApplication.run(SpringApplication.java:1365)
	at org.springframework.boot.SpringApplication.run(SpringApplication.java:1354)
	at com.flashcolorcard.springboot.app.Application.main(Application.java:10)
	at java.base/jdk.internal.reflect.DirectMethodHandleAccessor.invoke(DirectMethodHandleAccessor.java:103)
	at java.base/java.lang.reflect.Method.invoke(Method.java:580)
	at org.springframework.boot.devtools.restart.RestartLauncher.run(RestartLauncher.java:52)
Caused by: jakarta.persistence.PersistenceException: Unable to build Hibernate SessionFactory  [persistence unit: default] ; nested exception is org.hibernate.MappingException: Column 'id_set' is duplicated in mapping for entity 'com.flashcolorcard.springboot.app.entities.Card' (use '@Column(insertable=false, updatable=false)' when mapping multiple properties to the same column)
	at org.springframework.orm.jpa.AbstractEntityManagerFactoryBean.buildNativeEntityManagerFactory(AbstractEntityManagerFactoryBean.java:448)
	at org.springframework.orm.jpa.AbstractEntityManagerFactoryBean.afterPropertiesSet(AbstractEntityManagerFactoryBean.java:411)
	at org.springframework.orm.jpa.LocalContainerEntityManagerFactoryBean.afterPropertiesSet(LocalContainerEntityManagerFactoryBean.java:419)
	at org.springframework.beans.factory.support.AbstractAutowireCapableBeanFactory.invokeInitMethods(AbstractAutowireCapableBeanFactory.java:1862)
	at org.springframework.beans.factory.support.AbstractAutowireCapableBeanFactory.initializeBean(AbstractAutowireCapableBeanFactory.java:1811)
	... 18 common frames omitted
Caused by: org.hibernate.MappingException: Column 'id_set' is duplicated in mapping for entity 'com.flashcolorcard.springboot.app.entities.Card' (use '@Column(insertable=false, updatable=false)' when mapping multiple properties to the same column)
	at org.hibernate.mapping.Value.checkColumnDuplication(Value.java:214)
	at org.hibernate.mapping.MappingHelper.checkPropertyColumnDuplication(MappingHelper.java:112)
	at org.hibernate.mapping.PersistentClass.checkColumnDuplication(PersistentClass.java:971)
	at org.hibernate.mapping.PersistentClass.validate(PersistentClass.java:718)
	at org.hibernate.mapping.RootClass.validate(RootClass.java:286)
	at org.hibernate.boot.internal.MetadataImpl.validate(MetadataImpl.java:464)
	at org.hibernate.internal.SessionFactoryImpl.<init>(SessionFactoryImpl.java:269)
	at org.hibernate.internal.SessionFactoryRegistry.instantiateSessionFactory(SessionFactoryRegistry.java:64)
	at org.hibernate.boot.internal.SessionFactoryBuilderImpl.build(SessionFactoryBuilderImpl.java:458)
	at org.hibernate.jpa.boot.internal.EntityManagerFactoryBuilderImpl.build(EntityManagerFactoryBuilderImpl.java:1452)
	at org.springframework.orm.jpa.vendor.SpringHibernateJpaPersistenceProvider.createContainerEntityManagerFactory(SpringHibernateJpaPersistenceProvider.java:93)
	at org.springframework.orm.jpa.LocalContainerEntityManagerFactoryBean.createNativeEntityManagerFactory(LocalContainerEntityManagerFactoryBean.java:443)
	at org.springframework.orm.jpa.AbstractEntityManagerFactoryBean.buildNativeEntityManagerFactory(AbstractEntityManagerFactoryBean.java:436)
	... 22 common frames omitted
2026-07-29 14:05:17.656 INFO  c.f.springboot.app.Application - Starting Application using Java 21.0.2 with PID 20920 (C:\my projects\flashColorCardsApi\target\classes started by aleonmer in C:\my projects\flashColorCardsApi)
2026-07-29 14:05:17.661 DEBUG c.f.springboot.app.Application - Running with Spring Boot v4.1.0, Spring v7.0.8
2026-07-29 14:05:17.662 INFO  c.f.springboot.app.Application - The following 1 profile is active: "dev"
2026-07-29 14:05:17.723 INFO  o.s.b.d.e.DevToolsPropertyDefaultsPostProcessor - Devtools property defaults active! Set 'spring.devtools.add-properties' to 'false' to disable
2026-07-29 14:05:17.723 INFO  o.s.b.d.e.DevToolsPropertyDefaultsPostProcessor - For additional web related logging consider setting the 'logging.level.web' property to 'DEBUG'
2026-07-29 14:05:18.218 INFO  o.h.validator.internal.util.Version - HV000001: Hibernate Validator 9.1.0.Final
2026-07-29 14:05:19.027 INFO  o.s.d.r.c.RepositoryConfigurationDelegate - Bootstrapping Spring Data JPA repositories in DEFAULT mode.
2026-07-29 14:05:19.134 INFO  o.s.d.r.c.RepositoryConfigurationDelegate - Finished Spring Data repository scanning in 94 ms. Found 3 JPA repository interfaces.
2026-07-29 14:05:20.089 INFO  o.s.boot.tomcat.TomcatWebServer - Tomcat initialized with port 8080 (http)
2026-07-29 14:05:20.110 INFO  o.a.coyote.http11.Http11NioProtocol - Initializing ProtocolHandler ["http-nio-8080"]
2026-07-29 14:05:20.113 INFO  o.a.catalina.core.StandardService - Starting service [Tomcat]
2026-07-29 14:05:20.113 INFO  o.a.catalina.core.StandardEngine - Starting Servlet engine: [Apache Tomcat/11.0.22]
2026-07-29 14:05:20.196 INFO  o.s.b.w.c.s.WebApplicationContextInitializer - Root WebApplicationContext: initialization completed in 2472 ms
2026-07-29 14:05:20.596 INFO  org.hibernate.orm.jpa - HHH008540: Processing PersistenceUnitInfo [name: default]
2026-07-29 14:05:20.693 INFO  org.hibernate.orm.core - HHH000001: Hibernate ORM core version 7.4.1.Final
2026-07-29 14:05:21.196 INFO  o.s.o.j.p.SpringPersistenceUnitInfo - No LoadTimeWeaver setup: ignoring JPA class transformer
2026-07-29 14:05:21.234 INFO  com.zaxxer.hikari.HikariDataSource - HikariPool-1 - Starting...
2026-07-29 14:05:22.045 INFO  com.zaxxer.hikari.pool.HikariPool - HikariPool-1 - Added connection org.postgresql.jdbc.PgConnection@4e48f528
2026-07-29 14:05:22.048 INFO  com.zaxxer.hikari.HikariDataSource - HikariPool-1 - Start completed.
2026-07-29 14:05:22.134 WARN  org.hibernate.orm.deprecation - HHH90000025: PostgreSQLDialect does not need to be specified explicitly using 'hibernate.dialect' (remove the property setting and it will be selected by default)
2026-07-29 14:05:22.314 INFO  o.hibernate.orm.connections.pooling - HHH10001005: Database info:
	Database JDBC URL [jdbc:postgresql://ep-super-river-ab15ua67-pooler.eu-west-2.aws.neon.tech/neondb]
	Database driver: PostgreSQL JDBC Driver
	Database dialect: PostgreSQLDialect
	Database version: 18.4
	Default catalog/schema: neondb/public
	Autocommit mode: undefined/unknown
	Isolation level: READ_COMMITTED [default READ_COMMITTED]
	JDBC fetch size: none
	Pool: DataSourceConnectionProvider
	Minimum pool size: undefined/unknown
	Maximum pool size: undefined/unknown
2026-07-29 14:05:22.842 ERROR o.s.o.j.LocalContainerEntityManagerFactoryBean - Failed to initialize JPA EntityManagerFactory: Unable to build Hibernate SessionFactory  [persistence unit: default] ; nested exception is org.hibernate.MappingException: Column 'id_set' is duplicated in mapping for entity 'com.flashcolorcard.springboot.app.entities.Card' (use '@Column(insertable=false, updatable=false)' when mapping multiple properties to the same column)
2026-07-29 14:05:22.843 WARN  o.s.b.w.s.s.c.AnnotationConfigServletWebServerApplicationContext - Exception encountered during context initialization - cancelling refresh attempt: org.springframework.beans.factory.BeanCreationException: Error creating bean with name 'entityManagerFactory' defined in class path resource [org/springframework/boot/hibernate/autoconfigure/HibernateJpaConfiguration.class]: Unable to build Hibernate SessionFactory  [persistence unit: default] ; nested exception is org.hibernate.MappingException: Column 'id_set' is duplicated in mapping for entity 'com.flashcolorcard.springboot.app.entities.Card' (use '@Column(insertable=false, updatable=false)' when mapping multiple properties to the same column)
2026-07-29 14:05:22.844 INFO  com.zaxxer.hikari.HikariDataSource - HikariPool-1 - Shutdown initiated...
2026-07-29 14:05:22.969 INFO  com.zaxxer.hikari.HikariDataSource - HikariPool-1 - Shutdown completed.
2026-07-29 14:05:22.973 INFO  o.a.catalina.core.StandardService - Stopping service [Tomcat]
2026-07-29 14:05:22.993 INFO  o.s.b.a.l.ConditionEvaluationReportLogger - 

Error starting ApplicationContext. To display the condition evaluation report re-run your application with 'debug' enabled.
2026-07-29 14:05:23.028 ERROR o.s.boot.SpringApplication - Application run failed
org.springframework.beans.factory.BeanCreationException: Error creating bean with name 'entityManagerFactory' defined in class path resource [org/springframework/boot/hibernate/autoconfigure/HibernateJpaConfiguration.class]: Unable to build Hibernate SessionFactory  [persistence unit: default] ; nested exception is org.hibernate.MappingException: Column 'id_set' is duplicated in mapping for entity 'com.flashcolorcard.springboot.app.entities.Card' (use '@Column(insertable=false, updatable=false)' when mapping multiple properties to the same column)
	at org.springframework.beans.factory.support.AbstractAutowireCapableBeanFactory.initializeBean(AbstractAutowireCapableBeanFactory.java:1815)
	at org.springframework.beans.factory.support.AbstractAutowireCapableBeanFactory.doCreateBean(AbstractAutowireCapableBeanFactory.java:603)
	at org.springframework.beans.factory.support.AbstractAutowireCapableBeanFactory.createBean(AbstractAutowireCapableBeanFactory.java:525)
	at org.springframework.beans.factory.support.AbstractBeanFactory.lambda$doGetBean$0(AbstractBeanFactory.java:333)
	at org.springframework.beans.factory.support.DefaultSingletonBeanRegistry.getSingleton(DefaultSingletonBeanRegistry.java:371)
	at org.springframework.beans.factory.support.AbstractBeanFactory.doGetBean(AbstractBeanFactory.java:331)
	at org.springframework.beans.factory.support.AbstractBeanFactory.getBean(AbstractBeanFactory.java:201)
	at org.springframework.context.support.AbstractApplicationContext.finishBeanFactoryInitialization(AbstractApplicationContext.java:977)
	at org.springframework.context.support.AbstractApplicationContext.refresh(AbstractApplicationContext.java:621)
	at org.springframework.boot.web.server.servlet.context.ServletWebServerApplicationContext.refresh(ServletWebServerApplicationContext.java:143)
	at org.springframework.boot.SpringApplication.refresh(SpringApplication.java:756)
	at org.springframework.boot.SpringApplication.refreshContext(SpringApplication.java:445)
	at org.springframework.boot.SpringApplication.run(SpringApplication.java:321)
	at org.springframework.boot.SpringApplication.run(SpringApplication.java:1365)
	at org.springframework.boot.SpringApplication.run(SpringApplication.java:1354)
	at com.flashcolorcard.springboot.app.Application.main(Application.java:10)
	at java.base/jdk.internal.reflect.DirectMethodHandleAccessor.invoke(DirectMethodHandleAccessor.java:103)
	at java.base/java.lang.reflect.Method.invoke(Method.java:580)
	at org.springframework.boot.devtools.restart.RestartLauncher.run(RestartLauncher.java:52)
Caused by: jakarta.persistence.PersistenceException: Unable to build Hibernate SessionFactory  [persistence unit: default] ; nested exception is org.hibernate.MappingException: Column 'id_set' is duplicated in mapping for entity 'com.flashcolorcard.springboot.app.entities.Card' (use '@Column(insertable=false, updatable=false)' when mapping multiple properties to the same column)
	at org.springframework.orm.jpa.AbstractEntityManagerFactoryBean.buildNativeEntityManagerFactory(AbstractEntityManagerFactoryBean.java:448)
	at org.springframework.orm.jpa.AbstractEntityManagerFactoryBean.afterPropertiesSet(AbstractEntityManagerFactoryBean.java:411)
	at org.springframework.orm.jpa.LocalContainerEntityManagerFactoryBean.afterPropertiesSet(LocalContainerEntityManagerFactoryBean.java:419)
	at org.springframework.beans.factory.support.AbstractAutowireCapableBeanFactory.invokeInitMethods(AbstractAutowireCapableBeanFactory.java:1862)
	at org.springframework.beans.factory.support.AbstractAutowireCapableBeanFactory.initializeBean(AbstractAutowireCapableBeanFactory.java:1811)
	... 18 common frames omitted
Caused by: org.hibernate.MappingException: Column 'id_set' is duplicated in mapping for entity 'com.flashcolorcard.springboot.app.entities.Card' (use '@Column(insertable=false, updatable=false)' when mapping multiple properties to the same column)
	at org.hibernate.mapping.Value.checkColumnDuplication(Value.java:214)
	at org.hibernate.mapping.MappingHelper.checkPropertyColumnDuplication(MappingHelper.java:112)
	at org.hibernate.mapping.PersistentClass.checkColumnDuplication(PersistentClass.java:971)
	at org.hibernate.mapping.PersistentClass.validate(PersistentClass.java:718)
	at org.hibernate.mapping.RootClass.validate(RootClass.java:286)
	at org.hibernate.boot.internal.MetadataImpl.validate(MetadataImpl.java:464)
	at org.hibernate.internal.SessionFactoryImpl.<init>(SessionFactoryImpl.java:269)
	at org.hibernate.internal.SessionFactoryRegistry.instantiateSessionFactory(SessionFactoryRegistry.java:64)
	at org.hibernate.boot.internal.SessionFactoryBuilderImpl.build(SessionFactoryBuilderImpl.java:458)
	at org.hibernate.jpa.boot.internal.EntityManagerFactoryBuilderImpl.build(EntityManagerFactoryBuilderImpl.java:1452)
	at org.springframework.orm.jpa.vendor.SpringHibernateJpaPersistenceProvider.createContainerEntityManagerFactory(SpringHibernateJpaPersistenceProvider.java:93)
	at org.springframework.orm.jpa.LocalContainerEntityManagerFactoryBean.createNativeEntityManagerFactory(LocalContainerEntityManagerFactoryBean.java:443)
	at org.springframework.orm.jpa.AbstractEntityManagerFactoryBean.buildNativeEntityManagerFactory(AbstractEntityManagerFactoryBean.java:436)
	... 22 common frames omitted
2026-07-29 14:07:49.682 INFO  c.f.springboot.app.Application - Starting Application using Java 21.0.2 with PID 26564 (C:\my projects\flashColorCardsApi\target\classes started by aleonmer in C:\my projects\flashColorCardsApi)
2026-07-29 14:07:49.689 DEBUG c.f.springboot.app.Application - Running with Spring Boot v4.1.0, Spring v7.0.8
2026-07-29 14:07:49.691 INFO  c.f.springboot.app.Application - The following 1 profile is active: "dev"
2026-07-29 14:07:49.790 INFO  o.s.b.d.e.DevToolsPropertyDefaultsPostProcessor - Devtools property defaults active! Set 'spring.devtools.add-properties' to 'false' to disable
2026-07-29 14:07:49.790 INFO  o.s.b.d.e.DevToolsPropertyDefaultsPostProcessor - For additional web related logging consider setting the 'logging.level.web' property to 'DEBUG'
2026-07-29 14:07:50.541 INFO  o.h.validator.internal.util.Version - HV000001: Hibernate Validator 9.1.0.Final
2026-07-29 14:07:52.020 INFO  o.s.d.r.c.RepositoryConfigurationDelegate - Bootstrapping Spring Data JPA repositories in DEFAULT mode.
2026-07-29 14:07:52.202 INFO  o.s.d.r.c.RepositoryConfigurationDelegate - Finished Spring Data repository scanning in 159 ms. Found 3 JPA repository interfaces.
2026-07-29 14:07:53.813 INFO  o.s.boot.tomcat.TomcatWebServer - Tomcat initialized with port 8080 (http)
2026-07-29 14:07:53.856 INFO  o.a.coyote.http11.Http11NioProtocol - Initializing ProtocolHandler ["http-nio-8080"]
2026-07-29 14:07:53.862 INFO  o.a.catalina.core.StandardService - Starting service [Tomcat]
2026-07-29 14:07:53.863 INFO  o.a.catalina.core.StandardEngine - Starting Servlet engine: [Apache Tomcat/11.0.22]
2026-07-29 14:07:54.074 INFO  o.s.b.w.c.s.WebApplicationContextInitializer - Root WebApplicationContext: initialization completed in 4278 ms
2026-07-29 14:07:54.582 INFO  org.hibernate.orm.jpa - HHH008540: Processing PersistenceUnitInfo [name: default]
2026-07-29 14:07:54.733 INFO  org.hibernate.orm.core - HHH000001: Hibernate ORM core version 7.4.1.Final
2026-07-29 14:07:55.621 INFO  o.s.o.j.p.SpringPersistenceUnitInfo - No LoadTimeWeaver setup: ignoring JPA class transformer
2026-07-29 14:07:55.681 INFO  com.zaxxer.hikari.HikariDataSource - HikariPool-1 - Starting...
2026-07-29 14:07:56.602 INFO  com.zaxxer.hikari.pool.HikariPool - HikariPool-1 - Added connection org.postgresql.jdbc.PgConnection@289f03a
2026-07-29 14:07:56.605 INFO  com.zaxxer.hikari.HikariDataSource - HikariPool-1 - Start completed.
2026-07-29 14:07:56.687 WARN  org.hibernate.orm.deprecation - HHH90000025: PostgreSQLDialect does not need to be specified explicitly using 'hibernate.dialect' (remove the property setting and it will be selected by default)
2026-07-29 14:07:56.877 INFO  o.hibernate.orm.connections.pooling - HHH10001005: Database info:
	Database JDBC URL [jdbc:postgresql://ep-super-river-ab15ua67-pooler.eu-west-2.aws.neon.tech/neondb]
	Database driver: PostgreSQL JDBC Driver
	Database dialect: PostgreSQLDialect
	Database version: 18.4
	Default catalog/schema: neondb/public
	Autocommit mode: undefined/unknown
	Isolation level: READ_COMMITTED [default READ_COMMITTED]
	JDBC fetch size: none
	Pool: DataSourceConnectionProvider
	Minimum pool size: undefined/unknown
	Maximum pool size: undefined/unknown
2026-07-29 14:07:58.557 INFO  org.hibernate.orm.core - HHH000489: No JTA platform available (set 'hibernate.transaction.jta.platform' to enable JTA platform integration)
2026-07-29 14:07:58.572 INFO  o.s.o.j.LocalContainerEntityManagerFactoryBean - Initialized JPA EntityManagerFactory for persistence unit 'default'
2026-07-29 14:07:58.749 INFO  o.s.d.j.r.q.QueryEnhancerFactories - Hibernate is in classpath; If applicable, HQL parser will be used.
2026-07-29 14:07:59.108 INFO  o.s.s.c.a.a.c.InitializeUserDetailsBeanManagerConfigurer$InitializeUserDetailsManagerConfigurer - Global AuthenticationManager configured with UserDetailsService bean with name userDetailsService
2026-07-29 14:07:59.650 WARN  o.s.b.j.a.JpaBaseConfiguration$JpaWebConfiguration - spring.jpa.open-in-view is enabled by default. Therefore, database queries may be performed during view rendering. Explicitly configure spring.jpa.open-in-view to disable this warning
2026-07-29 14:08:01.193 INFO  o.a.coyote.http11.Http11NioProtocol - Starting ProtocolHandler ["http-nio-8080"]
2026-07-29 14:08:01.263 INFO  o.s.boot.tomcat.TomcatWebServer - Tomcat started on port 8080 (http) with context path '/'
2026-07-29 14:08:01.282 INFO  c.f.springboot.app.Application - Started Application in 12.903 seconds (process running for 14.384)
2026-07-29 14:08:01.291 WARN  o.s.c.events.SpringDocAppInitializer - SpringDoc /v3/api-docs endpoint is enabled by default. To disable it in production, set the property 'springdoc.api-docs.enabled=false'
2026-07-29 14:08:01.291 WARN  o.s.c.events.SpringDocAppInitializer - SpringDoc /swagger-ui.html endpoint is enabled by default. To disable it in production, set the property 'springdoc.swagger-ui.enabled=false'
2026-07-29 14:09:02.172 INFO  o.a.c.c.C.[Tomcat].[localhost].[/] - Initializing Spring DispatcherServlet 'dispatcherServlet'
2026-07-29 14:09:02.172 INFO  o.s.web.servlet.DispatcherServlet - Initializing Servlet 'dispatcherServlet'
2026-07-29 14:09:02.175 INFO  o.s.web.servlet.DispatcherServlet - Completed initialization in 2 ms
2026-07-29 14:09:04.230 INFO  o.s.api.AbstractOpenApiResource - Init duration for springdoc-openapi is: 1140 ms
2026-07-29 14:09:44.825 WARN  o.s.w.s.m.m.a.ExceptionHandlerExceptionResolver - Resolved [org.springframework.http.converter.HttpMessageNotWritableException: Could not write JSON: (was java.util.ConcurrentModificationException)]
2026-07-29 14:10:30.863 WARN  o.s.w.s.m.m.a.ExceptionHandlerExceptionResolver - Resolved [org.springframework.http.converter.HttpMessageNotWritableException: Could not write JSON: (was java.util.ConcurrentModificationException)]
2026-07-29 14:11:45.232 INFO  o.s.b.d.a.LocalDevToolsAutoConfiguration$RestartingClassPathChangeChangedEventListener - Restarting due to 1 class path change (0 additions, 1 deletion, 0 modifications)
2026-07-29 14:11:45.242 INFO  o.s.boot.tomcat.GracefulShutdown - Commencing graceful shutdown. Waiting for active requests to complete
2026-07-29 14:11:45.245 INFO  o.a.coyote.http11.Http11NioProtocol - Pausing ProtocolHandler ["http-nio-8080"]
2026-07-29 14:11:45.257 INFO  o.s.boot.tomcat.GracefulShutdown - Graceful shutdown complete
2026-07-29 14:11:45.258 INFO  o.a.coyote.http11.Http11NioProtocol - Stopping ProtocolHandler ["http-nio-8080"]
2026-07-29 14:11:45.266 INFO  o.s.o.j.LocalContainerEntityManagerFactoryBean - Closing JPA EntityManagerFactory for persistence unit 'default'
2026-07-29 14:11:45.273 INFO  com.zaxxer.hikari.HikariDataSource - HikariPool-1 - Shutdown initiated...
2026-07-29 14:11:45.870 INFO  com.zaxxer.hikari.HikariDataSource - HikariPool-1 - Shutdown completed.
2026-07-29 14:11:46.104 INFO  c.f.springboot.app.Application - Starting Application using Java 21.0.2 with PID 26564 (C:\my projects\flashColorCardsApi\target\classes started by aleonmer in C:\my projects\flashColorCardsApi)
2026-07-29 14:11:46.104 DEBUG c.f.springboot.app.Application - Running with Spring Boot v4.1.0, Spring v7.0.8
2026-07-29 14:11:46.105 INFO  c.f.springboot.app.Application - The following 1 profile is active: "dev"
2026-07-29 14:11:46.744 INFO  o.s.d.r.c.RepositoryConfigurationDelegate - Bootstrapping Spring Data JPA repositories in DEFAULT mode.
2026-07-29 14:11:46.778 WARN  o.s.b.w.s.s.c.AnnotationConfigServletWebServerApplicationContext - Exception encountered during context initialization - cancelling refresh attempt: java.lang.TypeNotPresentException: Type com.flashcolorcard.springboot.app.entities.Card not present
2026-07-29 14:11:46.785 INFO  o.s.b.a.l.ConditionEvaluationReportLogger - 

Error starting ApplicationContext. To display the condition evaluation report re-run your application with 'debug' enabled.
2026-07-29 14:11:46.828 ERROR o.s.boot.SpringApplication - Application run failed
java.lang.TypeNotPresentException: Type com.flashcolorcard.springboot.app.entities.Card not present
	at java.base/sun.reflect.generics.factory.CoreReflectionFactory.makeNamedType(CoreReflectionFactory.java:117)
	at java.base/sun.reflect.generics.visitor.Reifier.visitClassTypeSignature(Reifier.java:125)
	at java.base/sun.reflect.generics.tree.ClassTypeSignature.accept(ClassTypeSignature.java:49)
	at java.base/sun.reflect.generics.visitor.Reifier.reifyTypeArguments(Reifier.java:68)
	at java.base/sun.reflect.generics.visitor.Reifier.visitClassTypeSignature(Reifier.java:138)
	at java.base/sun.reflect.generics.tree.ClassTypeSignature.accept(ClassTypeSignature.java:49)
	at java.base/sun.reflect.generics.repository.ClassRepository.computeSuperInterfaces(ClassRepository.java:117)
	at java.base/sun.reflect.generics.repository.ClassRepository.getSuperInterfaces(ClassRepository.java:95)
	at java.base/java.lang.Class.getGenericInterfaces(Class.java:1296)
	at org.springframework.core.ResolvableType.getInterfaces(ResolvableType.java:544)
	at org.springframework.core.ResolvableType.as(ResolvableType.java:492)
	at org.springframework.data.core.TypeDiscoverer.getSuperTypeInformation(TypeDiscoverer.java:266)
	at org.springframework.data.core.TypeInformation.getRequiredSuperTypeInformation(TypeInformation.java:328)
	at org.springframework.data.repository.core.support.DefaultRepositoryMetadata.<init>(DefaultRepositoryMetadata.java:55)
	at org.springframework.data.repository.core.support.AbstractRepositoryMetadata.getMetadata(AbstractRepositoryMetadata.java:79)
	at org.springframework.data.repository.config.RepositoryConfigurationExtensionSupport.getRepositoryConfigurations(RepositoryConfigurationExtensionSupport.java:93)
	at org.springframework.data.repository.config.RepositoryConfigurationDelegate.registerRepositoriesIn(RepositoryConfigurationDelegate.java:170)
	at org.springframework.boot.autoconfigure.data.AbstractRepositoryConfigurationSourceSupport.registerBeanDefinitions(AbstractRepositoryConfigurationSourceSupport.java:67)
	at org.springframework.context.annotation.ConfigurationClassBeanDefinitionReader.lambda$loadBeanDefinitionsFromImportBeanDefinitionRegistrars$0(ConfigurationClassBeanDefinitionReader.java:422)
	at java.base/java.util.LinkedHashMap.forEach(LinkedHashMap.java:986)
	at org.springframework.context.annotation.ConfigurationClassBeanDefinitionReader.loadBeanDefinitionsFromImportBeanDefinitionRegistrars(ConfigurationClassBeanDefinitionReader.java:421)
	at org.springframework.context.annotation.ConfigurationClassBeanDefinitionReader.loadBeanDefinitionsForConfigurationClass(ConfigurationClassBeanDefinitionReader.java:152)
	at org.springframework.context.annotation.ConfigurationClassBeanDefinitionReader.loadBeanDefinitions(ConfigurationClassBeanDefinitionReader.java:124)
	at org.springframework.context.annotation.ConfigurationClassPostProcessor.processConfigBeanDefinitions(ConfigurationClassPostProcessor.java:464)
	at org.springframework.context.annotation.ConfigurationClassPostProcessor.postProcessBeanDefinitionRegistry(ConfigurationClassPostProcessor.java:316)
	at org.springframework.context.support.PostProcessorRegistrationDelegate.invokeBeanDefinitionRegistryPostProcessors(PostProcessorRegistrationDelegate.java:349)
	at org.springframework.context.support.PostProcessorRegistrationDelegate.invokeBeanFactoryPostProcessors(PostProcessorRegistrationDelegate.java:118)
	at org.springframework.context.support.AbstractApplicationContext.invokeBeanFactoryPostProcessors(AbstractApplicationContext.java:795)
	at org.springframework.context.support.AbstractApplicationContext.refresh(AbstractApplicationContext.java:603)
	at org.springframework.boot.web.server.servlet.context.ServletWebServerApplicationContext.refresh(ServletWebServerApplicationContext.java:143)
	at org.springframework.boot.SpringApplication.refresh(SpringApplication.java:756)
	at org.springframework.boot.SpringApplication.refreshContext(SpringApplication.java:445)
	at org.springframework.boot.SpringApplication.run(SpringApplication.java:321)
	at org.springframework.boot.SpringApplication.run(SpringApplication.java:1365)
	at org.springframework.boot.SpringApplication.run(SpringApplication.java:1354)
	at com.flashcolorcard.springboot.app.Application.main(Application.java:10)
	at java.base/jdk.internal.reflect.DirectMethodHandleAccessor.invoke(DirectMethodHandleAccessor.java:103)
	at java.base/java.lang.reflect.Method.invoke(Method.java:580)
	at org.springframework.boot.devtools.restart.RestartLauncher.run(RestartLauncher.java:52)
Caused by: java.lang.ClassNotFoundException: com.flashcolorcard.springboot.app.entities.Card
	at java.base/jdk.internal.loader.BuiltinClassLoader.loadClass(BuiltinClassLoader.java:641)
	at java.base/jdk.internal.loader.ClassLoaders$AppClassLoader.loadClass(ClassLoaders.java:188)
	at java.base/java.lang.ClassLoader.loadClass(ClassLoader.java:526)
	at java.base/java.lang.Class.forName0(Native Method)
	at java.base/java.lang.Class.forName(Class.java:534)
	at java.base/java.lang.Class.forName(Class.java:513)
	at org.springframework.boot.devtools.restart.classloader.RestartClassLoader.loadClass(RestartClassLoader.java:123)
	at java.base/java.lang.ClassLoader.loadClass(ClassLoader.java:526)
	at java.base/java.lang.Class.forName0(Native Method)
	at java.base/java.lang.Class.forName(Class.java:534)
	at java.base/java.lang.Class.forName(Class.java:513)
	at java.base/sun.reflect.generics.factory.CoreReflectionFactory.makeNamedType(CoreReflectionFactory.java:114)
	... 38 common frames omitted
2026-07-29 14:11:50.493 INFO  c.f.springboot.app.Application - Starting Application using Java 21.0.2 with PID 26564 (C:\my projects\flashColorCardsApi\target\classes started by aleonmer in C:\my projects\flashColorCardsApi)
2026-07-29 14:11:50.494 DEBUG c.f.springboot.app.Application - Running with Spring Boot v4.1.0, Spring v7.0.8
2026-07-29 14:11:50.494 INFO  c.f.springboot.app.Application - The following 1 profile is active: "dev"
2026-07-29 14:11:51.128 INFO  o.s.d.r.c.RepositoryConfigurationDelegate - Bootstrapping Spring Data JPA repositories in DEFAULT mode.
2026-07-29 14:11:51.188 INFO  o.s.d.r.c.RepositoryConfigurationDelegate - Finished Spring Data repository scanning in 56 ms. Found 3 JPA repository interfaces.
2026-07-29 14:11:51.448 INFO  o.s.boot.tomcat.TomcatWebServer - Tomcat initialized with port 8080 (http)
2026-07-29 14:11:51.449 INFO  o.a.coyote.http11.Http11NioProtocol - Initializing ProtocolHandler ["http-nio-8080"]
2026-07-29 14:11:51.450 INFO  o.a.catalina.core.StandardService - Starting service [Tomcat]
2026-07-29 14:11:51.451 INFO  o.a.catalina.core.StandardEngine - Starting Servlet engine: [Apache Tomcat/11.0.22]
2026-07-29 14:11:51.533 INFO  o.s.b.w.c.s.WebApplicationContextInitializer - Root WebApplicationContext: initialization completed in 1034 ms
2026-07-29 14:11:51.634 INFO  org.hibernate.orm.jpa - HHH008540: Processing PersistenceUnitInfo [name: default]
2026-07-29 14:11:51.717 INFO  o.s.o.j.p.SpringPersistenceUnitInfo - No LoadTimeWeaver setup: ignoring JPA class transformer
2026-07-29 14:11:51.720 INFO  com.zaxxer.hikari.HikariDataSource - HikariPool-2 - Starting...
2026-07-29 14:11:52.169 INFO  com.zaxxer.hikari.pool.HikariPool - HikariPool-2 - Added connection org.postgresql.jdbc.PgConnection@6a26ac11
2026-07-29 14:11:52.169 INFO  com.zaxxer.hikari.HikariDataSource - HikariPool-2 - Start completed.
2026-07-29 14:11:52.214 WARN  org.hibernate.orm.deprecation - HHH90000025: PostgreSQLDialect does not need to be specified explicitly using 'hibernate.dialect' (remove the property setting and it will be selected by default)
2026-07-29 14:11:52.375 INFO  o.hibernate.orm.connections.pooling - HHH10001005: Database info:
	Database JDBC URL [jdbc:postgresql://ep-super-river-ab15ua67-pooler.eu-west-2.aws.neon.tech/neondb]
	Database driver: PostgreSQL JDBC Driver
	Database dialect: PostgreSQLDialect
	Database version: 18.4
	Default catalog/schema: neondb/public
	Autocommit mode: undefined/unknown
	Isolation level: READ_COMMITTED [default READ_COMMITTED]
	JDBC fetch size: none
	Pool: DataSourceConnectionProvider
	Minimum pool size: undefined/unknown
	Maximum pool size: undefined/unknown
2026-07-29 14:11:52.502 INFO  org.hibernate.orm.core - HHH000489: No JTA platform available (set 'hibernate.transaction.jta.platform' to enable JTA platform integration)
2026-07-29 14:11:52.504 INFO  o.s.o.j.LocalContainerEntityManagerFactoryBean - Initialized JPA EntityManagerFactory for persistence unit 'default'
2026-07-29 14:11:52.587 INFO  o.s.s.c.a.a.c.InitializeUserDetailsBeanManagerConfigurer$InitializeUserDetailsManagerConfigurer - Global AuthenticationManager configured with UserDetailsService bean with name userDetailsService
2026-07-29 14:11:52.735 WARN  o.s.b.j.a.JpaBaseConfiguration$JpaWebConfiguration - spring.jpa.open-in-view is enabled by default. Therefore, database queries may be performed during view rendering. Explicitly configure spring.jpa.open-in-view to disable this warning
2026-07-29 14:11:53.127 INFO  o.a.coyote.http11.Http11NioProtocol - Starting ProtocolHandler ["http-nio-8080"]
2026-07-29 14:11:53.139 INFO  o.s.boot.tomcat.TomcatWebServer - Tomcat started on port 8080 (http) with context path '/'
2026-07-29 14:11:53.147 INFO  c.f.springboot.app.Application - Started Application in 2.717 seconds (process running for 246.187)
2026-07-29 14:11:53.149 WARN  o.s.c.events.SpringDocAppInitializer - SpringDoc /v3/api-docs endpoint is enabled by default. To disable it in production, set the property 'springdoc.api-docs.enabled=false'
2026-07-29 14:11:53.150 WARN  o.s.c.events.SpringDocAppInitializer - SpringDoc /swagger-ui.html endpoint is enabled by default. To disable it in production, set the property 'springdoc.swagger-ui.enabled=false'
2026-07-29 14:11:53.152 INFO  o.s.b.d.a.ConditionEvaluationDeltaLoggingListener - Condition evaluation unchanged
2026-07-29 14:12:03.814 INFO  o.a.c.c.C.[Tomcat].[localhost].[/] - Initializing Spring DispatcherServlet 'dispatcherServlet'
2026-07-29 14:12:03.816 INFO  o.s.web.servlet.DispatcherServlet - Initializing Servlet 'dispatcherServlet'
2026-07-29 14:12:03.817 INFO  o.s.web.servlet.DispatcherServlet - Completed initialization in 1 ms
2026-07-29 14:12:05.262 INFO  o.s.api.AbstractOpenApiResource - Init duration for springdoc-openapi is: 728 ms
2026-07-29 14:12:36.091 WARN  o.s.w.s.m.m.a.ExceptionHandlerExceptionResolver - Resolved [org.springframework.http.converter.HttpMessageNotWritableException: Could not write JSON: (was java.util.ConcurrentModificationException)]
2026-07-29 14:12:58.645 WARN  o.s.w.s.m.m.a.ExceptionHandlerExceptionResolver - Resolved [org.springframework.http.converter.HttpMessageNotWritableException: Could not write JSON: (was java.util.ConcurrentModificationException)]
2026-07-29 14:13:22.743 INFO  o.s.b.d.a.LocalDevToolsAutoConfiguration$RestartingClassPathChangeChangedEventListener - Restarting due to 1 class path change (0 additions, 1 deletion, 0 modifications)
2026-07-29 14:13:22.744 INFO  o.s.boot.tomcat.GracefulShutdown - Commencing graceful shutdown. Waiting for active requests to complete
2026-07-29 14:13:22.745 INFO  o.a.coyote.http11.Http11NioProtocol - Pausing ProtocolHandler ["http-nio-8080"]
2026-07-29 14:13:22.751 INFO  o.s.boot.tomcat.GracefulShutdown - Graceful shutdown complete
2026-07-29 14:13:22.752 INFO  o.a.coyote.http11.Http11NioProtocol - Stopping ProtocolHandler ["http-nio-8080"]
2026-07-29 14:13:22.755 INFO  o.s.o.j.LocalContainerEntityManagerFactoryBean - Closing JPA EntityManagerFactory for persistence unit 'default'
2026-07-29 14:13:22.756 INFO  com.zaxxer.hikari.HikariDataSource - HikariPool-2 - Shutdown initiated...
2026-07-29 14:13:23.167 INFO  com.zaxxer.hikari.HikariDataSource - HikariPool-2 - Shutdown completed.
2026-07-29 14:13:23.316 INFO  c.f.springboot.app.Application - Starting Application using Java 21.0.2 with PID 26564 (C:\my projects\flashColorCardsApi\target\classes started by aleonmer in C:\my projects\flashColorCardsApi)
2026-07-29 14:13:23.316 DEBUG c.f.springboot.app.Application - Running with Spring Boot v4.1.0, Spring v7.0.8
2026-07-29 14:13:23.316 INFO  c.f.springboot.app.Application - The following 1 profile is active: "dev"
2026-07-29 14:13:23.698 INFO  o.s.d.r.c.RepositoryConfigurationDelegate - Bootstrapping Spring Data JPA repositories in DEFAULT mode.
2026-07-29 14:13:23.723 WARN  o.s.b.w.s.s.c.AnnotationConfigServletWebServerApplicationContext - Exception encountered during context initialization - cancelling refresh attempt: java.lang.TypeNotPresentException: Type com.flashcolorcard.springboot.app.entities.Sets not present
2026-07-29 14:13:23.725 INFO  o.s.b.a.l.ConditionEvaluationReportLogger - 

Error starting ApplicationContext. To display the condition evaluation report re-run your application with 'debug' enabled.
2026-07-29 14:13:23.730 ERROR o.s.boot.SpringApplication - Application run failed
java.lang.TypeNotPresentException: Type com.flashcolorcard.springboot.app.entities.Sets not present
	at java.base/sun.reflect.generics.factory.CoreReflectionFactory.makeNamedType(CoreReflectionFactory.java:117)
	at java.base/sun.reflect.generics.visitor.Reifier.visitClassTypeSignature(Reifier.java:125)
	at java.base/sun.reflect.generics.tree.ClassTypeSignature.accept(ClassTypeSignature.java:49)
	at java.base/sun.reflect.generics.visitor.Reifier.reifyTypeArguments(Reifier.java:68)
	at java.base/sun.reflect.generics.visitor.Reifier.visitClassTypeSignature(Reifier.java:138)
	at java.base/sun.reflect.generics.tree.ClassTypeSignature.accept(ClassTypeSignature.java:49)
	at java.base/sun.reflect.generics.repository.ClassRepository.computeSuperInterfaces(ClassRepository.java:117)
	at java.base/sun.reflect.generics.repository.ClassRepository.getSuperInterfaces(ClassRepository.java:95)
	at java.base/java.lang.Class.getGenericInterfaces(Class.java:1296)
	at org.springframework.core.ResolvableType.getInterfaces(ResolvableType.java:544)
	at org.springframework.core.ResolvableType.as(ResolvableType.java:492)
	at org.springframework.data.core.TypeDiscoverer.getSuperTypeInformation(TypeDiscoverer.java:266)
	at org.springframework.data.core.TypeInformation.getRequiredSuperTypeInformation(TypeInformation.java:328)
	at org.springframework.data.repository.core.support.DefaultRepositoryMetadata.<init>(DefaultRepositoryMetadata.java:55)
	at org.springframework.data.repository.core.support.AbstractRepositoryMetadata.getMetadata(AbstractRepositoryMetadata.java:79)
	at org.springframework.data.repository.config.RepositoryConfigurationExtensionSupport.getRepositoryConfigurations(RepositoryConfigurationExtensionSupport.java:93)
	at org.springframework.data.repository.config.RepositoryConfigurationDelegate.registerRepositoriesIn(RepositoryConfigurationDelegate.java:170)
	at org.springframework.boot.autoconfigure.data.AbstractRepositoryConfigurationSourceSupport.registerBeanDefinitions(AbstractRepositoryConfigurationSourceSupport.java:67)
	at org.springframework.context.annotation.ConfigurationClassBeanDefinitionReader.lambda$loadBeanDefinitionsFromImportBeanDefinitionRegistrars$0(ConfigurationClassBeanDefinitionReader.java:422)
	at java.base/java.util.LinkedHashMap.forEach(LinkedHashMap.java:986)
	at org.springframework.context.annotation.ConfigurationClassBeanDefinitionReader.loadBeanDefinitionsFromImportBeanDefinitionRegistrars(ConfigurationClassBeanDefinitionReader.java:421)
	at org.springframework.context.annotation.ConfigurationClassBeanDefinitionReader.loadBeanDefinitionsForConfigurationClass(ConfigurationClassBeanDefinitionReader.java:152)
	at org.springframework.context.annotation.ConfigurationClassBeanDefinitionReader.loadBeanDefinitions(ConfigurationClassBeanDefinitionReader.java:124)
	at org.springframework.context.annotation.ConfigurationClassPostProcessor.processConfigBeanDefinitions(ConfigurationClassPostProcessor.java:464)
	at org.springframework.context.annotation.ConfigurationClassPostProcessor.postProcessBeanDefinitionRegistry(ConfigurationClassPostProcessor.java:316)
	at org.springframework.context.support.PostProcessorRegistrationDelegate.invokeBeanDefinitionRegistryPostProcessors(PostProcessorRegistrationDelegate.java:349)
	at org.springframework.context.support.PostProcessorRegistrationDelegate.invokeBeanFactoryPostProcessors(PostProcessorRegistrationDelegate.java:118)
	at org.springframework.context.support.AbstractApplicationContext.invokeBeanFactoryPostProcessors(AbstractApplicationContext.java:795)
	at org.springframework.context.support.AbstractApplicationContext.refresh(AbstractApplicationContext.java:603)
	at org.springframework.boot.web.server.servlet.context.ServletWebServerApplicationContext.refresh(ServletWebServerApplicationContext.java:143)
	at org.springframework.boot.SpringApplication.refresh(SpringApplication.java:756)
	at org.springframework.boot.SpringApplication.refreshContext(SpringApplication.java:445)
	at org.springframework.boot.SpringApplication.run(SpringApplication.java:321)
	at org.springframework.boot.SpringApplication.run(SpringApplication.java:1365)
	at org.springframework.boot.SpringApplication.run(SpringApplication.java:1354)
	at com.flashcolorcard.springboot.app.Application.main(Application.java:10)
	at java.base/jdk.internal.reflect.DirectMethodHandleAccessor.invoke(DirectMethodHandleAccessor.java:103)
	at java.base/java.lang.reflect.Method.invoke(Method.java:580)
	at org.springframework.boot.devtools.restart.RestartLauncher.run(RestartLauncher.java:52)
Caused by: java.lang.ClassNotFoundException: com.flashcolorcard.springboot.app.entities.Sets
	at java.base/jdk.internal.loader.BuiltinClassLoader.loadClass(BuiltinClassLoader.java:641)
	at java.base/jdk.internal.loader.ClassLoaders$AppClassLoader.loadClass(ClassLoaders.java:188)
	at java.base/java.lang.ClassLoader.loadClass(ClassLoader.java:526)
	at java.base/java.lang.Class.forName0(Native Method)
	at java.base/java.lang.Class.forName(Class.java:534)
	at java.base/java.lang.Class.forName(Class.java:513)
	at org.springframework.boot.devtools.restart.classloader.RestartClassLoader.loadClass(RestartClassLoader.java:123)
	at java.base/java.lang.ClassLoader.loadClass(ClassLoader.java:526)
	at java.base/java.lang.Class.forName0(Native Method)
	at java.base/java.lang.Class.forName(Class.java:534)
	at java.base/java.lang.Class.forName(Class.java:513)
	at java.base/sun.reflect.generics.factory.CoreReflectionFactory.makeNamedType(CoreReflectionFactory.java:114)
	... 38 common frames omitted
2026-07-29 14:13:25.240 INFO  c.f.springboot.app.Application - Starting Application using Java 21.0.2 with PID 26564 (C:\my projects\flashColorCardsApi\target\classes started by aleonmer in C:\my projects\flashColorCardsApi)
2026-07-29 14:13:25.240 DEBUG c.f.springboot.app.Application - Running with Spring Boot v4.1.0, Spring v7.0.8
2026-07-29 14:13:25.240 INFO  c.f.springboot.app.Application - The following 1 profile is active: "dev"
2026-07-29 14:13:25.804 INFO  o.s.d.r.c.RepositoryConfigurationDelegate - Bootstrapping Spring Data JPA repositories in DEFAULT mode.
2026-07-29 14:13:25.862 INFO  o.s.d.r.c.RepositoryConfigurationDelegate - Finished Spring Data repository scanning in 52 ms. Found 3 JPA repository interfaces.
2026-07-29 14:13:26.091 INFO  o.s.boot.tomcat.TomcatWebServer - Tomcat initialized with port 8080 (http)
2026-07-29 14:13:26.092 INFO  o.a.coyote.http11.Http11NioProtocol - Initializing ProtocolHandler ["http-nio-8080"]
2026-07-29 14:13:26.093 INFO  o.a.catalina.core.StandardService - Starting service [Tomcat]
2026-07-29 14:13:26.094 INFO  o.a.catalina.core.StandardEngine - Starting Servlet engine: [Apache Tomcat/11.0.22]
2026-07-29 14:13:26.186 INFO  o.s.b.w.c.s.WebApplicationContextInitializer - Root WebApplicationContext: initialization completed in 942 ms
2026-07-29 14:13:26.273 INFO  org.hibernate.orm.jpa - HHH008540: Processing PersistenceUnitInfo [name: default]
2026-07-29 14:13:26.369 INFO  o.s.o.j.p.SpringPersistenceUnitInfo - No LoadTimeWeaver setup: ignoring JPA class transformer
2026-07-29 14:13:26.371 INFO  com.zaxxer.hikari.HikariDataSource - HikariPool-3 - Starting...
2026-07-29 14:13:26.864 INFO  com.zaxxer.hikari.pool.HikariPool - HikariPool-3 - Added connection org.postgresql.jdbc.PgConnection@cf1dd45
2026-07-29 14:13:26.864 INFO  com.zaxxer.hikari.HikariDataSource - HikariPool-3 - Start completed.
2026-07-29 14:13:26.914 WARN  org.hibernate.orm.deprecation - HHH90000025: PostgreSQLDialect does not need to be specified explicitly using 'hibernate.dialect' (remove the property setting and it will be selected by default)
2026-07-29 14:13:27.088 INFO  o.hibernate.orm.connections.pooling - HHH10001005: Database info:
	Database JDBC URL [jdbc:postgresql://ep-super-river-ab15ua67-pooler.eu-west-2.aws.neon.tech/neondb]
	Database driver: PostgreSQL JDBC Driver
	Database dialect: PostgreSQLDialect
	Database version: 18.4
	Default catalog/schema: neondb/public
	Autocommit mode: undefined/unknown
	Isolation level: READ_COMMITTED [default READ_COMMITTED]
	JDBC fetch size: none
	Pool: DataSourceConnectionProvider
	Minimum pool size: undefined/unknown
	Maximum pool size: undefined/unknown
2026-07-29 14:13:27.269 INFO  org.hibernate.orm.core - HHH000489: No JTA platform available (set 'hibernate.transaction.jta.platform' to enable JTA platform integration)
2026-07-29 14:13:27.271 INFO  o.s.o.j.LocalContainerEntityManagerFactoryBean - Initialized JPA EntityManagerFactory for persistence unit 'default'
2026-07-29 14:13:27.442 INFO  o.s.s.c.a.a.c.InitializeUserDetailsBeanManagerConfigurer$InitializeUserDetailsManagerConfigurer - Global AuthenticationManager configured with UserDetailsService bean with name userDetailsService
2026-07-29 14:13:27.588 WARN  o.s.b.j.a.JpaBaseConfiguration$JpaWebConfiguration - spring.jpa.open-in-view is enabled by default. Therefore, database queries may be performed during view rendering. Explicitly configure spring.jpa.open-in-view to disable this warning
2026-07-29 14:13:27.887 INFO  o.a.coyote.http11.Http11NioProtocol - Starting ProtocolHandler ["http-nio-8080"]
2026-07-29 14:13:27.918 INFO  o.s.boot.tomcat.TomcatWebServer - Tomcat started on port 8080 (http) with context path '/'
2026-07-29 14:13:27.924 INFO  c.f.springboot.app.Application - Started Application in 2.734 seconds (process running for 340.943)
2026-07-29 14:13:27.926 WARN  o.s.c.events.SpringDocAppInitializer - SpringDoc /v3/api-docs endpoint is enabled by default. To disable it in production, set the property 'springdoc.api-docs.enabled=false'
2026-07-29 14:13:27.927 WARN  o.s.c.events.SpringDocAppInitializer - SpringDoc /swagger-ui.html endpoint is enabled by default. To disable it in production, set the property 'springdoc.swagger-ui.enabled=false'
2026-07-29 14:13:27.928 INFO  o.s.b.d.a.ConditionEvaluationDeltaLoggingListener - Condition evaluation unchanged
2026-07-29 14:13:52.051 INFO  o.a.c.c.C.[Tomcat].[localhost].[/] - Initializing Spring DispatcherServlet 'dispatcherServlet'
2026-07-29 14:13:52.052 INFO  o.s.web.servlet.DispatcherServlet - Initializing Servlet 'dispatcherServlet'
2026-07-29 14:13:52.054 INFO  o.s.web.servlet.DispatcherServlet - Completed initialization in 2 ms
2026-07-29 14:13:52.853 INFO  o.s.api.AbstractOpenApiResource - Init duration for springdoc-openapi is: 269 ms
2026-07-29 14:15:35.644 INFO  o.s.b.d.a.LocalDevToolsAutoConfiguration$RestartingClassPathChangeChangedEventListener - Restarting due to 2 class path changes (0 additions, 2 deletions, 0 modifications)
2026-07-29 14:15:35.653 INFO  o.s.boot.tomcat.GracefulShutdown - Commencing graceful shutdown. Waiting for active requests to complete
2026-07-29 14:15:35.663 INFO  o.a.coyote.http11.Http11NioProtocol - Pausing ProtocolHandler ["http-nio-8080"]
2026-07-29 14:15:35.676 INFO  o.s.boot.tomcat.GracefulShutdown - Graceful shutdown complete
2026-07-29 14:15:35.677 INFO  o.a.coyote.http11.Http11NioProtocol - Stopping ProtocolHandler ["http-nio-8080"]
2026-07-29 14:15:35.682 INFO  o.s.o.j.LocalContainerEntityManagerFactoryBean - Closing JPA EntityManagerFactory for persistence unit 'default'
2026-07-29 14:15:35.684 INFO  com.zaxxer.hikari.HikariDataSource - HikariPool-3 - Shutdown initiated...
2026-07-29 14:15:36.131 INFO  com.zaxxer.hikari.HikariDataSource - HikariPool-3 - Shutdown completed.
2026-07-29 14:15:36.312 INFO  c.f.springboot.app.Application - Starting Application using Java 21.0.2 with PID 26564 (C:\my projects\flashColorCardsApi\target\classes started by aleonmer in C:\my projects\flashColorCardsApi)
2026-07-29 14:15:36.313 DEBUG c.f.springboot.app.Application - Running with Spring Boot v4.1.0, Spring v7.0.8
2026-07-29 14:15:36.313 INFO  c.f.springboot.app.Application - The following 1 profile is active: "dev"
2026-07-29 14:15:36.729 INFO  o.s.d.r.c.RepositoryConfigurationDelegate - Bootstrapping Spring Data JPA repositories in DEFAULT mode.
2026-07-29 14:15:36.754 WARN  o.s.b.w.s.s.c.AnnotationConfigServletWebServerApplicationContext - Exception encountered during context initialization - cancelling refresh attempt: java.lang.TypeNotPresentException: Type com.flashcolorcard.springboot.app.entities.Card not present
2026-07-29 14:15:36.755 INFO  o.s.b.a.l.ConditionEvaluationReportLogger - 

Error starting ApplicationContext. To display the condition evaluation report re-run your application with 'debug' enabled.
2026-07-29 14:15:36.760 ERROR o.s.boot.SpringApplication - Application run failed
java.lang.TypeNotPresentException: Type com.flashcolorcard.springboot.app.entities.Card not present
	at java.base/sun.reflect.generics.factory.CoreReflectionFactory.makeNamedType(CoreReflectionFactory.java:117)
	at java.base/sun.reflect.generics.visitor.Reifier.visitClassTypeSignature(Reifier.java:125)
	at java.base/sun.reflect.generics.tree.ClassTypeSignature.accept(ClassTypeSignature.java:49)
	at java.base/sun.reflect.generics.visitor.Reifier.reifyTypeArguments(Reifier.java:68)
	at java.base/sun.reflect.generics.visitor.Reifier.visitClassTypeSignature(Reifier.java:138)
	at java.base/sun.reflect.generics.tree.ClassTypeSignature.accept(ClassTypeSignature.java:49)
	at java.base/sun.reflect.generics.repository.ClassRepository.computeSuperInterfaces(ClassRepository.java:117)
	at java.base/sun.reflect.generics.repository.ClassRepository.getSuperInterfaces(ClassRepository.java:95)
	at java.base/java.lang.Class.getGenericInterfaces(Class.java:1296)
	at org.springframework.core.ResolvableType.getInterfaces(ResolvableType.java:544)
	at org.springframework.core.ResolvableType.as(ResolvableType.java:492)
	at org.springframework.data.core.TypeDiscoverer.getSuperTypeInformation(TypeDiscoverer.java:266)
	at org.springframework.data.core.TypeInformation.getRequiredSuperTypeInformation(TypeInformation.java:328)
	at org.springframework.data.repository.core.support.DefaultRepositoryMetadata.<init>(DefaultRepositoryMetadata.java:55)
	at org.springframework.data.repository.core.support.AbstractRepositoryMetadata.getMetadata(AbstractRepositoryMetadata.java:79)
	at org.springframework.data.repository.config.RepositoryConfigurationExtensionSupport.getRepositoryConfigurations(RepositoryConfigurationExtensionSupport.java:93)
	at org.springframework.data.repository.config.RepositoryConfigurationDelegate.registerRepositoriesIn(RepositoryConfigurationDelegate.java:170)
	at org.springframework.boot.autoconfigure.data.AbstractRepositoryConfigurationSourceSupport.registerBeanDefinitions(AbstractRepositoryConfigurationSourceSupport.java:67)
	at org.springframework.context.annotation.ConfigurationClassBeanDefinitionReader.lambda$loadBeanDefinitionsFromImportBeanDefinitionRegistrars$0(ConfigurationClassBeanDefinitionReader.java:422)
	at java.base/java.util.LinkedHashMap.forEach(LinkedHashMap.java:986)
	at org.springframework.context.annotation.ConfigurationClassBeanDefinitionReader.loadBeanDefinitionsFromImportBeanDefinitionRegistrars(ConfigurationClassBeanDefinitionReader.java:421)
	at org.springframework.context.annotation.ConfigurationClassBeanDefinitionReader.loadBeanDefinitionsForConfigurationClass(ConfigurationClassBeanDefinitionReader.java:152)
	at org.springframework.context.annotation.ConfigurationClassBeanDefinitionReader.loadBeanDefinitions(ConfigurationClassBeanDefinitionReader.java:124)
	at org.springframework.context.annotation.ConfigurationClassPostProcessor.processConfigBeanDefinitions(ConfigurationClassPostProcessor.java:464)
	at org.springframework.context.annotation.ConfigurationClassPostProcessor.postProcessBeanDefinitionRegistry(ConfigurationClassPostProcessor.java:316)
	at org.springframework.context.support.PostProcessorRegistrationDelegate.invokeBeanDefinitionRegistryPostProcessors(PostProcessorRegistrationDelegate.java:349)
	at org.springframework.context.support.PostProcessorRegistrationDelegate.invokeBeanFactoryPostProcessors(PostProcessorRegistrationDelegate.java:118)
	at org.springframework.context.support.AbstractApplicationContext.invokeBeanFactoryPostProcessors(AbstractApplicationContext.java:795)
	at org.springframework.context.support.AbstractApplicationContext.refresh(AbstractApplicationContext.java:603)
	at org.springframework.boot.web.server.servlet.context.ServletWebServerApplicationContext.refresh(ServletWebServerApplicationContext.java:143)
	at org.springframework.boot.SpringApplication.refresh(SpringApplication.java:756)
	at org.springframework.boot.SpringApplication.refreshContext(SpringApplication.java:445)
	at org.springframework.boot.SpringApplication.run(SpringApplication.java:321)
	at org.springframework.boot.SpringApplication.run(SpringApplication.java:1365)
	at org.springframework.boot.SpringApplication.run(SpringApplication.java:1354)
	at com.flashcolorcard.springboot.app.Application.main(Application.java:10)
	at java.base/jdk.internal.reflect.DirectMethodHandleAccessor.invoke(DirectMethodHandleAccessor.java:103)
	at java.base/java.lang.reflect.Method.invoke(Method.java:580)
	at org.springframework.boot.devtools.restart.RestartLauncher.run(RestartLauncher.java:52)
Caused by: java.lang.ClassNotFoundException: com.flashcolorcard.springboot.app.entities.Card
	at java.base/jdk.internal.loader.BuiltinClassLoader.loadClass(BuiltinClassLoader.java:641)
	at java.base/jdk.internal.loader.ClassLoaders$AppClassLoader.loadClass(ClassLoaders.java:188)
	at java.base/java.lang.ClassLoader.loadClass(ClassLoader.java:526)
	at java.base/java.lang.Class.forName0(Native Method)
	at java.base/java.lang.Class.forName(Class.java:534)
	at java.base/java.lang.Class.forName(Class.java:513)
	at org.springframework.boot.devtools.restart.classloader.RestartClassLoader.loadClass(RestartClassLoader.java:123)
	at java.base/java.lang.ClassLoader.loadClass(ClassLoader.java:526)
	at java.base/java.lang.Class.forName0(Native Method)
	at java.base/java.lang.Class.forName(Class.java:534)
	at java.base/java.lang.Class.forName(Class.java:513)
	at java.base/sun.reflect.generics.factory.CoreReflectionFactory.makeNamedType(CoreReflectionFactory.java:114)
	... 38 common frames omitted
2026-07-29 14:15:39.311 INFO  c.f.springboot.app.Application - Starting Application using Java 21.0.2 with PID 26564 (C:\my projects\flashColorCardsApi\target\classes started by aleonmer in C:\my projects\flashColorCardsApi)
2026-07-29 14:15:39.312 DEBUG c.f.springboot.app.Application - Running with Spring Boot v4.1.0, Spring v7.0.8
2026-07-29 14:15:39.312 INFO  c.f.springboot.app.Application - The following 1 profile is active: "dev"
2026-07-29 14:15:39.749 INFO  o.s.d.r.c.RepositoryConfigurationDelegate - Bootstrapping Spring Data JPA repositories in DEFAULT mode.
2026-07-29 14:15:39.791 INFO  o.s.d.r.c.RepositoryConfigurationDelegate - Finished Spring Data repository scanning in 38 ms. Found 3 JPA repository interfaces.
2026-07-29 14:15:39.957 INFO  o.s.boot.tomcat.TomcatWebServer - Tomcat initialized with port 8080 (http)
2026-07-29 14:15:39.959 INFO  o.a.coyote.http11.Http11NioProtocol - Initializing ProtocolHandler ["http-nio-8080"]
2026-07-29 14:15:39.960 INFO  o.a.catalina.core.StandardService - Starting service [Tomcat]
2026-07-29 14:15:39.960 INFO  o.a.catalina.core.StandardEngine - Starting Servlet engine: [Apache Tomcat/11.0.22]
2026-07-29 14:15:40.028 INFO  o.s.b.w.c.s.WebApplicationContextInitializer - Root WebApplicationContext: initialization completed in 713 ms
2026-07-29 14:15:40.079 INFO  org.hibernate.orm.jpa - HHH008540: Processing PersistenceUnitInfo [name: default]
2026-07-29 14:15:40.119 INFO  o.s.o.j.p.SpringPersistenceUnitInfo - No LoadTimeWeaver setup: ignoring JPA class transformer
2026-07-29 14:15:40.120 INFO  com.zaxxer.hikari.HikariDataSource - HikariPool-4 - Starting...
2026-07-29 14:15:40.518 INFO  com.zaxxer.hikari.pool.HikariPool - HikariPool-4 - Added connection org.postgresql.jdbc.PgConnection@79cf67e2
2026-07-29 14:15:40.519 INFO  com.zaxxer.hikari.HikariDataSource - HikariPool-4 - Start completed.
2026-07-29 14:15:40.561 WARN  org.hibernate.orm.deprecation - HHH90000025: PostgreSQLDialect does not need to be specified explicitly using 'hibernate.dialect' (remove the property setting and it will be selected by default)
2026-07-29 14:15:40.717 INFO  o.hibernate.orm.connections.pooling - HHH10001005: Database info:
	Database JDBC URL [jdbc:postgresql://ep-super-river-ab15ua67-pooler.eu-west-2.aws.neon.tech/neondb]
	Database driver: PostgreSQL JDBC Driver
	Database dialect: PostgreSQLDialect
	Database version: 18.4
	Default catalog/schema: neondb/public
	Autocommit mode: undefined/unknown
	Isolation level: READ_COMMITTED [default READ_COMMITTED]
	JDBC fetch size: none
	Pool: DataSourceConnectionProvider
	Minimum pool size: undefined/unknown
	Maximum pool size: undefined/unknown
2026-07-29 14:15:40.874 INFO  org.hibernate.orm.core - HHH000489: No JTA platform available (set 'hibernate.transaction.jta.platform' to enable JTA platform integration)
2026-07-29 14:15:40.876 INFO  o.s.o.j.LocalContainerEntityManagerFactoryBean - Initialized JPA EntityManagerFactory for persistence unit 'default'
2026-07-29 14:15:40.950 INFO  o.s.s.c.a.a.c.InitializeUserDetailsBeanManagerConfigurer$InitializeUserDetailsManagerConfigurer - Global AuthenticationManager configured with UserDetailsService bean with name userDetailsService
2026-07-29 14:15:41.037 WARN  o.s.b.j.a.JpaBaseConfiguration$JpaWebConfiguration - spring.jpa.open-in-view is enabled by default. Therefore, database queries may be performed during view rendering. Explicitly configure spring.jpa.open-in-view to disable this warning
2026-07-29 14:15:41.263 INFO  o.a.coyote.http11.Http11NioProtocol - Starting ProtocolHandler ["http-nio-8080"]
2026-07-29 14:15:41.275 INFO  o.s.boot.tomcat.TomcatWebServer - Tomcat started on port 8080 (http) with context path '/'
2026-07-29 14:15:41.277 INFO  c.f.springboot.app.Application - Started Application in 2.01 seconds (process running for 474.296)
2026-07-29 14:15:41.278 WARN  o.s.c.events.SpringDocAppInitializer - SpringDoc /v3/api-docs endpoint is enabled by default. To disable it in production, set the property 'springdoc.api-docs.enabled=false'
2026-07-29 14:15:41.278 WARN  o.s.c.events.SpringDocAppInitializer - SpringDoc /swagger-ui.html endpoint is enabled by default. To disable it in production, set the property 'springdoc.swagger-ui.enabled=false'
2026-07-29 14:15:41.280 INFO  o.s.b.d.a.ConditionEvaluationDeltaLoggingListener - Condition evaluation unchanged
2026-07-29 14:16:05.358 INFO  o.a.c.c.C.[Tomcat].[localhost].[/] - Initializing Spring DispatcherServlet 'dispatcherServlet'
2026-07-29 14:16:05.359 INFO  o.s.web.servlet.DispatcherServlet - Initializing Servlet 'dispatcherServlet'
2026-07-29 14:16:05.362 INFO  o.s.web.servlet.DispatcherServlet - Completed initialization in 3 ms
2026-07-29 14:16:06.279 INFO  o.s.api.AbstractOpenApiResource - Init duration for springdoc-openapi is: 301 ms
2026-07-29 14:16:54.316 WARN  o.s.w.s.m.m.a.ExceptionHandlerExceptionResolver - Resolved [org.springframework.http.converter.HttpMessageNotWritableException: Could not write JSON: (was java.util.ConcurrentModificationException)]
2026-07-29 14:19:16.460 INFO  o.s.b.d.a.LocalDevToolsAutoConfiguration$RestartingClassPathChangeChangedEventListener - Restarting due to 1 class path change (0 additions, 1 deletion, 0 modifications)
2026-07-29 14:19:16.462 INFO  o.s.boot.tomcat.GracefulShutdown - Commencing graceful shutdown. Waiting for active requests to complete
2026-07-29 14:19:16.463 INFO  o.a.coyote.http11.Http11NioProtocol - Pausing ProtocolHandler ["http-nio-8080"]
2026-07-29 14:19:16.470 INFO  o.s.boot.tomcat.GracefulShutdown - Graceful shutdown complete
2026-07-29 14:19:16.471 INFO  o.a.coyote.http11.Http11NioProtocol - Stopping ProtocolHandler ["http-nio-8080"]
2026-07-29 14:19:16.474 INFO  o.s.o.j.LocalContainerEntityManagerFactoryBean - Closing JPA EntityManagerFactory for persistence unit 'default'
2026-07-29 14:19:16.475 INFO  com.zaxxer.hikari.HikariDataSource - HikariPool-4 - Shutdown initiated...
2026-07-29 14:19:16.923 INFO  com.zaxxer.hikari.HikariDataSource - HikariPool-4 - Shutdown completed.
2026-07-29 14:19:17.055 INFO  c.f.springboot.app.Application - Starting Application using Java 21.0.2 with PID 26564 (C:\my projects\flashColorCardsApi\target\classes started by aleonmer in C:\my projects\flashColorCardsApi)
2026-07-29 14:19:17.056 DEBUG c.f.springboot.app.Application - Running with Spring Boot v4.1.0, Spring v7.0.8
2026-07-29 14:19:17.056 INFO  c.f.springboot.app.Application - The following 1 profile is active: "dev"
2026-07-29 14:19:17.386 INFO  o.s.d.r.c.RepositoryConfigurationDelegate - Bootstrapping Spring Data JPA repositories in DEFAULT mode.
2026-07-29 14:19:17.400 WARN  o.s.b.w.s.s.c.AnnotationConfigServletWebServerApplicationContext - Exception encountered during context initialization - cancelling refresh attempt: java.lang.TypeNotPresentException: Type com.flashcolorcard.springboot.app.entities.Card not present
2026-07-29 14:19:17.401 INFO  o.s.b.a.l.ConditionEvaluationReportLogger - 

Error starting ApplicationContext. To display the condition evaluation report re-run your application with 'debug' enabled.
2026-07-29 14:19:17.404 ERROR o.s.boot.SpringApplication - Application run failed
java.lang.TypeNotPresentException: Type com.flashcolorcard.springboot.app.entities.Card not present
	at java.base/sun.reflect.generics.factory.CoreReflectionFactory.makeNamedType(CoreReflectionFactory.java:117)
	at java.base/sun.reflect.generics.visitor.Reifier.visitClassTypeSignature(Reifier.java:125)
	at java.base/sun.reflect.generics.tree.ClassTypeSignature.accept(ClassTypeSignature.java:49)
	at java.base/sun.reflect.generics.visitor.Reifier.reifyTypeArguments(Reifier.java:68)
	at java.base/sun.reflect.generics.visitor.Reifier.visitClassTypeSignature(Reifier.java:138)
	at java.base/sun.reflect.generics.tree.ClassTypeSignature.accept(ClassTypeSignature.java:49)
	at java.base/sun.reflect.generics.repository.ClassRepository.computeSuperInterfaces(ClassRepository.java:117)
	at java.base/sun.reflect.generics.repository.ClassRepository.getSuperInterfaces(ClassRepository.java:95)
	at java.base/java.lang.Class.getGenericInterfaces(Class.java:1296)
	at org.springframework.core.ResolvableType.getInterfaces(ResolvableType.java:544)
	at org.springframework.core.ResolvableType.as(ResolvableType.java:492)
	at org.springframework.data.core.TypeDiscoverer.getSuperTypeInformation(TypeDiscoverer.java:266)
	at org.springframework.data.core.TypeInformation.getRequiredSuperTypeInformation(TypeInformation.java:328)
	at org.springframework.data.repository.core.support.DefaultRepositoryMetadata.<init>(DefaultRepositoryMetadata.java:55)
	at org.springframework.data.repository.core.support.AbstractRepositoryMetadata.getMetadata(AbstractRepositoryMetadata.java:79)
	at org.springframework.data.repository.config.RepositoryConfigurationExtensionSupport.getRepositoryConfigurations(RepositoryConfigurationExtensionSupport.java:93)
	at org.springframework.data.repository.config.RepositoryConfigurationDelegate.registerRepositoriesIn(RepositoryConfigurationDelegate.java:170)
	at org.springframework.boot.autoconfigure.data.AbstractRepositoryConfigurationSourceSupport.registerBeanDefinitions(AbstractRepositoryConfigurationSourceSupport.java:67)
	at org.springframework.context.annotation.ConfigurationClassBeanDefinitionReader.lambda$loadBeanDefinitionsFromImportBeanDefinitionRegistrars$0(ConfigurationClassBeanDefinitionReader.java:422)
	at java.base/java.util.LinkedHashMap.forEach(LinkedHashMap.java:986)
	at org.springframework.context.annotation.ConfigurationClassBeanDefinitionReader.loadBeanDefinitionsFromImportBeanDefinitionRegistrars(ConfigurationClassBeanDefinitionReader.java:421)
	at org.springframework.context.annotation.ConfigurationClassBeanDefinitionReader.loadBeanDefinitionsForConfigurationClass(ConfigurationClassBeanDefinitionReader.java:152)
	at org.springframework.context.annotation.ConfigurationClassBeanDefinitionReader.loadBeanDefinitions(ConfigurationClassBeanDefinitionReader.java:124)
	at org.springframework.context.annotation.ConfigurationClassPostProcessor.processConfigBeanDefinitions(ConfigurationClassPostProcessor.java:464)
	at org.springframework.context.annotation.ConfigurationClassPostProcessor.postProcessBeanDefinitionRegistry(ConfigurationClassPostProcessor.java:316)
	at org.springframework.context.support.PostProcessorRegistrationDelegate.invokeBeanDefinitionRegistryPostProcessors(PostProcessorRegistrationDelegate.java:349)
	at org.springframework.context.support.PostProcessorRegistrationDelegate.invokeBeanFactoryPostProcessors(PostProcessorRegistrationDelegate.java:118)
	at org.springframework.context.support.AbstractApplicationContext.invokeBeanFactoryPostProcessors(AbstractApplicationContext.java:795)
	at org.springframework.context.support.AbstractApplicationContext.refresh(AbstractApplicationContext.java:603)
	at org.springframework.boot.web.server.servlet.context.ServletWebServerApplicationContext.refresh(ServletWebServerApplicationContext.java:143)
	at org.springframework.boot.SpringApplication.refresh(SpringApplication.java:756)
	at org.springframework.boot.SpringApplication.refreshContext(SpringApplication.java:445)
	at org.springframework.boot.SpringApplication.run(SpringApplication.java:321)
	at org.springframework.boot.SpringApplication.run(SpringApplication.java:1365)
	at org.springframework.boot.SpringApplication.run(SpringApplication.java:1354)
	at com.flashcolorcard.springboot.app.Application.main(Application.java:10)
	at java.base/jdk.internal.reflect.DirectMethodHandleAccessor.invoke(DirectMethodHandleAccessor.java:103)
	at java.base/java.lang.reflect.Method.invoke(Method.java:580)
	at org.springframework.boot.devtools.restart.RestartLauncher.run(RestartLauncher.java:52)
Caused by: java.lang.ClassNotFoundException: com.flashcolorcard.springboot.app.entities.Card
	at java.base/jdk.internal.loader.BuiltinClassLoader.loadClass(BuiltinClassLoader.java:641)
	at java.base/jdk.internal.loader.ClassLoaders$AppClassLoader.loadClass(ClassLoaders.java:188)
	at java.base/java.lang.ClassLoader.loadClass(ClassLoader.java:526)
	at java.base/java.lang.Class.forName0(Native Method)
	at java.base/java.lang.Class.forName(Class.java:534)
	at java.base/java.lang.Class.forName(Class.java:513)
	at org.springframework.boot.devtools.restart.classloader.RestartClassLoader.loadClass(RestartClassLoader.java:123)
	at java.base/java.lang.ClassLoader.loadClass(ClassLoader.java:526)
	at java.base/java.lang.Class.forName0(Native Method)
	at java.base/java.lang.Class.forName(Class.java:534)
	at java.base/java.lang.Class.forName(Class.java:513)
	at java.base/sun.reflect.generics.factory.CoreReflectionFactory.makeNamedType(CoreReflectionFactory.java:114)
	... 38 common frames omitted
2026-07-29 14:19:18.889 INFO  c.f.springboot.app.Application - Starting Application using Java 21.0.2 with PID 26564 (C:\my projects\flashColorCardsApi\target\classes started by aleonmer in C:\my projects\flashColorCardsApi)
2026-07-29 14:19:18.889 DEBUG c.f.springboot.app.Application - Running with Spring Boot v4.1.0, Spring v7.0.8
2026-07-29 14:19:18.890 INFO  c.f.springboot.app.Application - The following 1 profile is active: "dev"
2026-07-29 14:19:19.142 INFO  o.s.d.r.c.RepositoryConfigurationDelegate - Bootstrapping Spring Data JPA repositories in DEFAULT mode.
2026-07-29 14:19:19.188 INFO  o.s.d.r.c.RepositoryConfigurationDelegate - Finished Spring Data repository scanning in 42 ms. Found 3 JPA repository interfaces.
2026-07-29 14:19:19.306 INFO  o.s.boot.tomcat.TomcatWebServer - Tomcat initialized with port 8080 (http)
2026-07-29 14:19:19.308 INFO  o.a.coyote.http11.Http11NioProtocol - Initializing ProtocolHandler ["http-nio-8080"]
2026-07-29 14:19:19.308 INFO  o.a.catalina.core.StandardService - Starting service [Tomcat]
2026-07-29 14:19:19.308 INFO  o.a.catalina.core.StandardEngine - Starting Servlet engine: [Apache Tomcat/11.0.22]
2026-07-29 14:19:19.347 INFO  o.s.b.w.c.s.WebApplicationContextInitializer - Root WebApplicationContext: initialization completed in 456 ms
2026-07-29 14:19:19.404 INFO  org.hibernate.orm.jpa - HHH008540: Processing PersistenceUnitInfo [name: default]
2026-07-29 14:19:19.435 INFO  o.s.o.j.p.SpringPersistenceUnitInfo - No LoadTimeWeaver setup: ignoring JPA class transformer
2026-07-29 14:19:19.437 INFO  com.zaxxer.hikari.HikariDataSource - HikariPool-5 - Starting...
2026-07-29 14:19:19.880 INFO  com.zaxxer.hikari.pool.HikariPool - HikariPool-5 - Added connection org.postgresql.jdbc.PgConnection@6b03dbe1
2026-07-29 14:19:19.881 INFO  com.zaxxer.hikari.HikariDataSource - HikariPool-5 - Start completed.
2026-07-29 14:19:19.923 WARN  org.hibernate.orm.deprecation - HHH90000025: PostgreSQLDialect does not need to be specified explicitly using 'hibernate.dialect' (remove the property setting and it will be selected by default)
2026-07-29 14:19:20.084 INFO  o.hibernate.orm.connections.pooling - HHH10001005: Database info:
	Database JDBC URL [jdbc:postgresql://ep-super-river-ab15ua67-pooler.eu-west-2.aws.neon.tech/neondb]
	Database driver: PostgreSQL JDBC Driver
	Database dialect: PostgreSQLDialect
	Database version: 18.4
	Default catalog/schema: neondb/public
	Autocommit mode: undefined/unknown
	Isolation level: READ_COMMITTED [default READ_COMMITTED]
	JDBC fetch size: none
	Pool: DataSourceConnectionProvider
	Minimum pool size: undefined/unknown
	Maximum pool size: undefined/unknown
2026-07-29 14:19:20.162 INFO  org.hibernate.orm.core - HHH000489: No JTA platform available (set 'hibernate.transaction.jta.platform' to enable JTA platform integration)
2026-07-29 14:19:20.163 INFO  o.s.o.j.LocalContainerEntityManagerFactoryBean - Initialized JPA EntityManagerFactory for persistence unit 'default'
2026-07-29 14:19:20.200 INFO  o.s.s.c.a.a.c.InitializeUserDetailsBeanManagerConfigurer$InitializeUserDetailsManagerConfigurer - Global AuthenticationManager configured with UserDetailsService bean with name userDetailsService
2026-07-29 14:19:20.277 WARN  o.s.b.j.a.JpaBaseConfiguration$JpaWebConfiguration - spring.jpa.open-in-view is enabled by default. Therefore, database queries may be performed during view rendering. Explicitly configure spring.jpa.open-in-view to disable this warning
2026-07-29 14:19:20.433 INFO  o.a.coyote.http11.Http11NioProtocol - Starting ProtocolHandler ["http-nio-8080"]
2026-07-29 14:19:20.439 INFO  o.s.boot.tomcat.TomcatWebServer - Tomcat started on port 8080 (http) with context path '/'
2026-07-29 14:19:20.441 INFO  c.f.springboot.app.Application - Started Application in 1.586 seconds (process running for 693.458)
2026-07-29 14:19:20.441 WARN  o.s.c.events.SpringDocAppInitializer - SpringDoc /v3/api-docs endpoint is enabled by default. To disable it in production, set the property 'springdoc.api-docs.enabled=false'
2026-07-29 14:19:20.442 WARN  o.s.c.events.SpringDocAppInitializer - SpringDoc /swagger-ui.html endpoint is enabled by default. To disable it in production, set the property 'springdoc.swagger-ui.enabled=false'
2026-07-29 14:19:20.442 INFO  o.s.b.d.a.ConditionEvaluationDeltaLoggingListener - Condition evaluation unchanged
2026-07-29 14:19:35.657 INFO  o.a.c.c.C.[Tomcat].[localhost].[/] - Initializing Spring DispatcherServlet 'dispatcherServlet'
2026-07-29 14:19:35.657 INFO  o.s.web.servlet.DispatcherServlet - Initializing Servlet 'dispatcherServlet'
2026-07-29 14:19:35.658 INFO  o.s.web.servlet.DispatcherServlet - Completed initialization in 1 ms
2026-07-29 14:19:36.466 INFO  o.s.api.AbstractOpenApiResource - Init duration for springdoc-openapi is: 274 ms
2026-07-29 14:20:18.717 ERROR o.a.c.c.C.[.[.[.[dispatcherServlet] - Servlet.service() for servlet [dispatcherServlet] in context with path [] threw exception
io.jsonwebtoken.security.SignatureException: JWT signature does not match locally computed signature. JWT validity cannot be asserted and should not be trusted.
	at io.jsonwebtoken.impl.DefaultJwtParser.parse(DefaultJwtParser.java:420)
	at io.jsonwebtoken.impl.DefaultJwtParser.parse(DefaultJwtParser.java:550)
	at io.jsonwebtoken.impl.DefaultJwtParser.parseClaimsJws(DefaultJwtParser.java:610)
	at io.jsonwebtoken.impl.ImmutableJwtParser.parseClaimsJws(ImmutableJwtParser.java:173)
	at com.flashcolorcard.springboot.app.utils.JwtUtil.extractAllClaims(JwtUtil.java:47)
	at com.flashcolorcard.springboot.app.utils.JwtUtil.extractClaim(JwtUtil.java:51)
	at com.flashcolorcard.springboot.app.utils.JwtUtil.extractUsernameFromToken(JwtUtil.java:56)
	at com.flashcolorcard.springboot.app.config.JwtAuthorizationFilter.getAuthentication(JwtAuthorizationFilter.java:44)
	at com.flashcolorcard.springboot.app.config.JwtAuthorizationFilter.doFilterInternal(JwtAuthorizationFilter.java:35)
	at org.springframework.web.filter.OncePerRequestFilter.doFilter(OncePerRequestFilter.java:116)
	at org.springframework.security.web.FilterChainProxy$VirtualFilterChain.doFilter(FilterChainProxy.java:385)
	at org.springframework.security.web.authentication.AbstractAuthenticationProcessingFilter.doFilter(AbstractAuthenticationProcessingFilter.java:245)
	at org.springframework.security.web.authentication.AbstractAuthenticationProcessingFilter.doFilter(AbstractAuthenticationProcessingFilter.java:239)
	at org.springframework.security.web.FilterChainProxy$VirtualFilterChain.doFilter(FilterChainProxy.java:385)
	at org.springframework.security.web.authentication.logout.LogoutFilter.doFilter(LogoutFilter.java:110)
	at org.springframework.security.web.authentication.logout.LogoutFilter.doFilter(LogoutFilter.java:96)
	at org.springframework.security.web.FilterChainProxy$VirtualFilterChain.doFilter(FilterChainProxy.java:385)
	at org.springframework.security.web.header.HeaderWriterFilter.doHeadersAfter(HeaderWriterFilter.java:90)
	at org.springframework.security.web.header.HeaderWriterFilter.doFilterInternal(HeaderWriterFilter.java:75)
	at org.springframework.web.filter.OncePerRequestFilter.doFilter(OncePerRequestFilter.java:116)
	at org.springframework.security.web.FilterChainProxy$VirtualFilterChain.doFilter(FilterChainProxy.java:385)
	at org.springframework.security.web.context.SecurityContextHolderFilter.doFilter(SecurityContextHolderFilter.java:82)
	at org.springframework.security.web.context.SecurityContextHolderFilter.doFilter(SecurityContextHolderFilter.java:69)
	at org.springframework.security.web.FilterChainProxy$VirtualFilterChain.doFilter(FilterChainProxy.java:385)
	at org.springframework.security.web.context.request.async.WebAsyncManagerIntegrationFilter.doFilterInternal(WebAsyncManagerIntegrationFilter.java:62)
	at org.springframework.web.filter.OncePerRequestFilter.doFilter(OncePerRequestFilter.java:116)
	at org.springframework.security.web.FilterChainProxy$VirtualFilterChain.doFilter(FilterChainProxy.java:385)
	at org.springframework.security.web.session.DisableEncodeUrlFilter.doFilterInternal(DisableEncodeUrlFilter.java:42)
	at org.springframework.web.filter.OncePerRequestFilter.doFilter(OncePerRequestFilter.java:116)
	at org.springframework.security.web.FilterChainProxy$VirtualFilterChain.doFilter(FilterChainProxy.java:385)
	at org.springframework.security.web.FilterChainProxy.doFilterInternal(FilterChainProxy.java:237)
	at org.springframework.security.web.FilterChainProxy.doFilter(FilterChainProxy.java:195)
	at org.springframework.web.filter.CompositeFilter$VirtualFilterChain.doFilter(CompositeFilter.java:113)
	at org.springframework.web.filter.ServletRequestPathFilter.doFilter(ServletRequestPathFilter.java:52)
	at org.springframework.web.filter.CompositeFilter$VirtualFilterChain.doFilter(CompositeFilter.java:113)
	at org.springframework.web.filter.CompositeFilter.doFilter(CompositeFilter.java:74)
	at org.springframework.security.config.annotation.web.configuration.WebSecurityConfiguration$CompositeFilterChainProxy.doFilter(WebSecurityConfiguration.java:317)
	at org.springframework.web.filter.DelegatingFilterProxy.invokeDelegate(DelegatingFilterProxy.java:355)
	at org.springframework.web.filter.DelegatingFilterProxy.doFilter(DelegatingFilterProxy.java:272)
	at org.apache.catalina.core.ApplicationFilterChain.doFilter(ApplicationFilterChain.java:107)
	at org.springframework.web.filter.RequestContextFilter.doFilterInternal(RequestContextFilter.java:100)
	at org.springframework.web.filter.OncePerRequestFilter.doFilter(OncePerRequestFilter.java:116)
	at org.apache.catalina.core.ApplicationFilterChain.doFilter(ApplicationFilterChain.java:107)
	at org.springframework.web.filter.FormContentFilter.doFilterInternal(FormContentFilter.java:93)
	at org.springframework.web.filter.OncePerRequestFilter.doFilter(OncePerRequestFilter.java:116)
	at org.apache.catalina.core.ApplicationFilterChain.doFilter(ApplicationFilterChain.java:107)
	at org.springframework.web.filter.CharacterEncodingFilter.doFilterInternal(CharacterEncodingFilter.java:199)
	at org.springframework.web.filter.OncePerRequestFilter.doFilter(OncePerRequestFilter.java:116)
	at org.apache.catalina.core.ApplicationFilterChain.doFilter(ApplicationFilterChain.java:107)
	at org.apache.catalina.core.StandardWrapperValve.invoke(StandardWrapperValve.java:165)
	at org.apache.catalina.core.StandardContextValve.invoke(StandardContextValve.java:77)
	at org.apache.catalina.authenticator.AuthenticatorBase.invoke(AuthenticatorBase.java:492)
	at org.apache.catalina.core.StandardHostValve.invoke(StandardHostValve.java:113)
	at org.apache.catalina.valves.ErrorReportValve.invoke(ErrorReportValve.java:83)
	at org.apache.catalina.core.StandardEngineValve.invoke(StandardEngineValve.java:72)
	at org.apache.catalina.connector.CoyoteAdapter.service(CoyoteAdapter.java:341)
	at org.apache.coyote.http11.Http11Processor.service(Http11Processor.java:397)
	at org.apache.coyote.AbstractProcessorLight.process(AbstractProcessorLight.java:63)
	at org.apache.coyote.AbstractProtocol$ConnectionHandler.process(AbstractProtocol.java:1272)
	at org.apache.tomcat.util.net.NioEndpoint$SocketProcessor.doRun(NioEndpoint.java:1801)
	at org.apache.tomcat.util.net.SocketProcessorBase.run(SocketProcessorBase.java:52)
	at org.apache.tomcat.util.threads.ThreadPoolExecutor.runWorker(ThreadPoolExecutor.java:946)
	at org.apache.tomcat.util.threads.ThreadPoolExecutor$Worker.run(ThreadPoolExecutor.java:480)
	at org.apache.tomcat.util.threads.TaskThread$WrappingRunnable.run(TaskThread.java:57)
	at java.base/java.lang.Thread.run(Thread.java:1583)
2026-07-29 14:21:35.262 WARN  o.s.w.s.m.m.a.ExceptionHandlerExceptionResolver - Resolved [org.springframework.http.converter.HttpMessageNotWritableException: Could not write JSON: (was java.util.ConcurrentModificationException)]
2026-07-29 14:38:31.124 INFO  o.s.b.d.a.LocalDevToolsAutoConfiguration$RestartingClassPathChangeChangedEventListener - Restarting due to 1 class path change (0 additions, 1 deletion, 0 modifications)
2026-07-29 14:38:31.128 INFO  o.s.boot.tomcat.GracefulShutdown - Commencing graceful shutdown. Waiting for active requests to complete
2026-07-29 14:38:31.129 INFO  o.a.coyote.http11.Http11NioProtocol - Pausing ProtocolHandler ["http-nio-8080"]
2026-07-29 14:38:31.140 INFO  o.s.boot.tomcat.GracefulShutdown - Graceful shutdown complete
2026-07-29 14:38:31.140 INFO  o.a.coyote.http11.Http11NioProtocol - Stopping ProtocolHandler ["http-nio-8080"]
2026-07-29 14:38:31.143 INFO  o.s.o.j.LocalContainerEntityManagerFactoryBean - Closing JPA EntityManagerFactory for persistence unit 'default'
2026-07-29 14:38:31.144 INFO  com.zaxxer.hikari.HikariDataSource - HikariPool-5 - Shutdown initiated...
2026-07-29 14:38:31.566 INFO  com.zaxxer.hikari.HikariDataSource - HikariPool-5 - Shutdown completed.
2026-07-29 14:38:31.728 INFO  c.f.springboot.app.Application - Starting Application using Java 21.0.2 with PID 26564 (C:\my projects\flashColorCardsApi\target\classes started by aleonmer in C:\my projects\flashColorCardsApi)
2026-07-29 14:38:31.728 DEBUG c.f.springboot.app.Application - Running with Spring Boot v4.1.0, Spring v7.0.8
2026-07-29 14:38:31.729 INFO  c.f.springboot.app.Application - The following 1 profile is active: "dev"
2026-07-29 14:38:32.042 INFO  o.s.d.r.c.RepositoryConfigurationDelegate - Bootstrapping Spring Data JPA repositories in DEFAULT mode.
2026-07-29 14:38:32.053 WARN  o.s.b.w.s.s.c.AnnotationConfigServletWebServerApplicationContext - Exception encountered during context initialization - cancelling refresh attempt: java.lang.TypeNotPresentException: Type com.flashcolorcard.springboot.app.entities.Card not present
2026-07-29 14:38:32.054 INFO  o.s.b.a.l.ConditionEvaluationReportLogger - 

Error starting ApplicationContext. To display the condition evaluation report re-run your application with 'debug' enabled.
2026-07-29 14:38:32.056 ERROR o.s.boot.SpringApplication - Application run failed
java.lang.TypeNotPresentException: Type com.flashcolorcard.springboot.app.entities.Card not present
	at java.base/sun.reflect.generics.factory.CoreReflectionFactory.makeNamedType(CoreReflectionFactory.java:117)
	at java.base/sun.reflect.generics.visitor.Reifier.visitClassTypeSignature(Reifier.java:125)
	at java.base/sun.reflect.generics.tree.ClassTypeSignature.accept(ClassTypeSignature.java:49)
	at java.base/sun.reflect.generics.visitor.Reifier.reifyTypeArguments(Reifier.java:68)
	at java.base/sun.reflect.generics.visitor.Reifier.visitClassTypeSignature(Reifier.java:138)
	at java.base/sun.reflect.generics.tree.ClassTypeSignature.accept(ClassTypeSignature.java:49)
	at java.base/sun.reflect.generics.repository.ClassRepository.computeSuperInterfaces(ClassRepository.java:117)
	at java.base/sun.reflect.generics.repository.ClassRepository.getSuperInterfaces(ClassRepository.java:95)
	at java.base/java.lang.Class.getGenericInterfaces(Class.java:1296)
	at org.springframework.core.ResolvableType.getInterfaces(ResolvableType.java:544)
	at org.springframework.core.ResolvableType.as(ResolvableType.java:492)
	at org.springframework.data.core.TypeDiscoverer.getSuperTypeInformation(TypeDiscoverer.java:266)
	at org.springframework.data.core.TypeInformation.getRequiredSuperTypeInformation(TypeInformation.java:328)
	at org.springframework.data.repository.core.support.DefaultRepositoryMetadata.<init>(DefaultRepositoryMetadata.java:55)
	at org.springframework.data.repository.core.support.AbstractRepositoryMetadata.getMetadata(AbstractRepositoryMetadata.java:79)
	at org.springframework.data.repository.config.RepositoryConfigurationExtensionSupport.getRepositoryConfigurations(RepositoryConfigurationExtensionSupport.java:93)
	at org.springframework.data.repository.config.RepositoryConfigurationDelegate.registerRepositoriesIn(RepositoryConfigurationDelegate.java:170)
	at org.springframework.boot.autoconfigure.data.AbstractRepositoryConfigurationSourceSupport.registerBeanDefinitions(AbstractRepositoryConfigurationSourceSupport.java:67)
	at org.springframework.context.annotation.ConfigurationClassBeanDefinitionReader.lambda$loadBeanDefinitionsFromImportBeanDefinitionRegistrars$0(ConfigurationClassBeanDefinitionReader.java:422)
	at java.base/java.util.LinkedHashMap.forEach(LinkedHashMap.java:986)
	at org.springframework.context.annotation.ConfigurationClassBeanDefinitionReader.loadBeanDefinitionsFromImportBeanDefinitionRegistrars(ConfigurationClassBeanDefinitionReader.java:421)
	at org.springframework.context.annotation.ConfigurationClassBeanDefinitionReader.loadBeanDefinitionsForConfigurationClass(ConfigurationClassBeanDefinitionReader.java:152)
	at org.springframework.context.annotation.ConfigurationClassBeanDefinitionReader.loadBeanDefinitions(ConfigurationClassBeanDefinitionReader.java:124)
	at org.springframework.context.annotation.ConfigurationClassPostProcessor.processConfigBeanDefinitions(ConfigurationClassPostProcessor.java:464)
	at org.springframework.context.annotation.ConfigurationClassPostProcessor.postProcessBeanDefinitionRegistry(ConfigurationClassPostProcessor.java:316)
	at org.springframework.context.support.PostProcessorRegistrationDelegate.invokeBeanDefinitionRegistryPostProcessors(PostProcessorRegistrationDelegate.java:349)
	at org.springframework.context.support.PostProcessorRegistrationDelegate.invokeBeanFactoryPostProcessors(PostProcessorRegistrationDelegate.java:118)
	at org.springframework.context.support.AbstractApplicationContext.invokeBeanFactoryPostProcessors(AbstractApplicationContext.java:795)
	at org.springframework.context.support.AbstractApplicationContext.refresh(AbstractApplicationContext.java:603)
	at org.springframework.boot.web.server.servlet.context.ServletWebServerApplicationContext.refresh(ServletWebServerApplicationContext.java:143)
	at org.springframework.boot.SpringApplication.refresh(SpringApplication.java:756)
	at org.springframework.boot.SpringApplication.refreshContext(SpringApplication.java:445)
	at org.springframework.boot.SpringApplication.run(SpringApplication.java:321)
	at org.springframework.boot.SpringApplication.run(SpringApplication.java:1365)
	at org.springframework.boot.SpringApplication.run(SpringApplication.java:1354)
	at com.flashcolorcard.springboot.app.Application.main(Application.java:10)
	at java.base/jdk.internal.reflect.DirectMethodHandleAccessor.invoke(DirectMethodHandleAccessor.java:103)
	at java.base/java.lang.reflect.Method.invoke(Method.java:580)
	at org.springframework.boot.devtools.restart.RestartLauncher.run(RestartLauncher.java:52)
Caused by: java.lang.ClassNotFoundException: com.flashcolorcard.springboot.app.entities.Card
	at java.base/jdk.internal.loader.BuiltinClassLoader.loadClass(BuiltinClassLoader.java:641)
	at java.base/jdk.internal.loader.ClassLoaders$AppClassLoader.loadClass(ClassLoaders.java:188)
	at java.base/java.lang.ClassLoader.loadClass(ClassLoader.java:526)
	at java.base/java.lang.Class.forName0(Native Method)
	at java.base/java.lang.Class.forName(Class.java:534)
	at java.base/java.lang.Class.forName(Class.java:513)
	at org.springframework.boot.devtools.restart.classloader.RestartClassLoader.loadClass(RestartClassLoader.java:123)
	at java.base/java.lang.ClassLoader.loadClass(ClassLoader.java:526)
	at java.base/java.lang.Class.forName0(Native Method)
	at java.base/java.lang.Class.forName(Class.java:534)
	at java.base/java.lang.Class.forName(Class.java:513)
	at java.base/sun.reflect.generics.factory.CoreReflectionFactory.makeNamedType(CoreReflectionFactory.java:114)
	... 38 common frames omitted
2026-07-29 14:38:34.588 INFO  c.f.springboot.app.Application - Starting Application using Java 21.0.2 with PID 26564 (C:\my projects\flashColorCardsApi\target\classes started by aleonmer in C:\my projects\flashColorCardsApi)
2026-07-29 14:38:34.588 DEBUG c.f.springboot.app.Application - Running with Spring Boot v4.1.0, Spring v7.0.8
2026-07-29 14:38:34.590 INFO  c.f.springboot.app.Application - The following 1 profile is active: "dev"
2026-07-29 14:38:34.912 INFO  o.s.d.r.c.RepositoryConfigurationDelegate - Bootstrapping Spring Data JPA repositories in DEFAULT mode.
2026-07-29 14:38:34.946 INFO  o.s.d.r.c.RepositoryConfigurationDelegate - Finished Spring Data repository scanning in 31 ms. Found 3 JPA repository interfaces.
2026-07-29 14:38:35.208 INFO  o.s.boot.tomcat.TomcatWebServer - Tomcat initialized with port 8080 (http)
2026-07-29 14:38:35.210 INFO  o.a.coyote.http11.Http11NioProtocol - Initializing ProtocolHandler ["http-nio-8080"]
2026-07-29 14:38:35.210 INFO  o.a.catalina.core.StandardService - Starting service [Tomcat]
2026-07-29 14:38:35.210 INFO  o.a.catalina.core.StandardEngine - Starting Servlet engine: [Apache Tomcat/11.0.22]
2026-07-29 14:38:35.285 INFO  o.s.b.w.c.s.WebApplicationContextInitializer - Root WebApplicationContext: initialization completed in 694 ms
2026-07-29 14:38:35.344 INFO  org.hibernate.orm.jpa - HHH008540: Processing PersistenceUnitInfo [name: default]
2026-07-29 14:38:35.387 INFO  o.s.o.j.p.SpringPersistenceUnitInfo - No LoadTimeWeaver setup: ignoring JPA class transformer
2026-07-29 14:38:35.389 INFO  com.zaxxer.hikari.HikariDataSource - HikariPool-6 - Starting...
2026-07-29 14:38:35.860 INFO  com.zaxxer.hikari.pool.HikariPool - HikariPool-6 - Added connection org.postgresql.jdbc.PgConnection@7fc5e28c
2026-07-29 14:38:35.860 INFO  com.zaxxer.hikari.HikariDataSource - HikariPool-6 - Start completed.
2026-07-29 14:38:35.904 WARN  org.hibernate.orm.deprecation - HHH90000025: PostgreSQLDialect does not need to be specified explicitly using 'hibernate.dialect' (remove the property setting and it will be selected by default)
2026-07-29 14:38:36.070 INFO  o.hibernate.orm.connections.pooling - HHH10001005: Database info:
	Database JDBC URL [jdbc:postgresql://ep-super-river-ab15ua67-pooler.eu-west-2.aws.neon.tech/neondb]
	Database driver: PostgreSQL JDBC Driver
	Database dialect: PostgreSQLDialect
	Database version: 18.4
	Default catalog/schema: neondb/public
	Autocommit mode: undefined/unknown
	Isolation level: READ_COMMITTED [default READ_COMMITTED]
	JDBC fetch size: none
	Pool: DataSourceConnectionProvider
	Minimum pool size: undefined/unknown
	Maximum pool size: undefined/unknown
2026-07-29 14:38:36.095 ERROR o.s.o.j.LocalContainerEntityManagerFactoryBean - Failed to initialize JPA EntityManagerFactory: Collection 'com.flashcolorcard.springboot.app.entities.Sets.cards' is 'mappedBy' a property named 'set' which does not exist in the target entity 'com.flashcolorcard.springboot.app.entities.Card'
2026-07-29 14:38:36.095 WARN  o.s.b.w.s.s.c.AnnotationConfigServletWebServerApplicationContext - Exception encountered during context initialization - cancelling refresh attempt: org.springframework.beans.factory.BeanCreationException: Error creating bean with name 'entityManagerFactory' defined in class path resource [org/springframework/boot/hibernate/autoconfigure/HibernateJpaConfiguration.class]: Collection 'com.flashcolorcard.springboot.app.entities.Sets.cards' is 'mappedBy' a property named 'set' which does not exist in the target entity 'com.flashcolorcard.springboot.app.entities.Card'
2026-07-29 14:38:36.095 INFO  com.zaxxer.hikari.HikariDataSource - HikariPool-6 - Shutdown initiated...
2026-07-29 14:38:36.341 INFO  com.zaxxer.hikari.HikariDataSource - HikariPool-6 - Shutdown completed.
2026-07-29 14:38:36.342 INFO  o.a.catalina.core.StandardService - Stopping service [Tomcat]
2026-07-29 14:38:36.357 INFO  o.s.b.a.l.ConditionEvaluationReportLogger - 

Error starting ApplicationContext. To display the condition evaluation report re-run your application with 'debug' enabled.
2026-07-29 14:38:36.359 ERROR o.s.boot.SpringApplication - Application run failed
org.springframework.beans.factory.BeanCreationException: Error creating bean with name 'entityManagerFactory' defined in class path resource [org/springframework/boot/hibernate/autoconfigure/HibernateJpaConfiguration.class]: Collection 'com.flashcolorcard.springboot.app.entities.Sets.cards' is 'mappedBy' a property named 'set' which does not exist in the target entity 'com.flashcolorcard.springboot.app.entities.Card'
	at org.springframework.beans.factory.support.AbstractAutowireCapableBeanFactory.initializeBean(AbstractAutowireCapableBeanFactory.java:1815)
	at org.springframework.beans.factory.support.AbstractAutowireCapableBeanFactory.doCreateBean(AbstractAutowireCapableBeanFactory.java:603)
	at org.springframework.beans.factory.support.AbstractAutowireCapableBeanFactory.createBean(AbstractAutowireCapableBeanFactory.java:525)
	at org.springframework.beans.factory.support.AbstractBeanFactory.lambda$doGetBean$0(AbstractBeanFactory.java:333)
	at org.springframework.beans.factory.support.DefaultSingletonBeanRegistry.getSingleton(DefaultSingletonBeanRegistry.java:371)
	at org.springframework.beans.factory.support.AbstractBeanFactory.doGetBean(AbstractBeanFactory.java:331)
	at org.springframework.beans.factory.support.AbstractBeanFactory.getBean(AbstractBeanFactory.java:201)
	at org.springframework.context.support.AbstractApplicationContext.finishBeanFactoryInitialization(AbstractApplicationContext.java:977)
	at org.springframework.context.support.AbstractApplicationContext.refresh(AbstractApplicationContext.java:621)
	at org.springframework.boot.web.server.servlet.context.ServletWebServerApplicationContext.refresh(ServletWebServerApplicationContext.java:143)
	at org.springframework.boot.SpringApplication.refresh(SpringApplication.java:756)
	at org.springframework.boot.SpringApplication.refreshContext(SpringApplication.java:445)
	at org.springframework.boot.SpringApplication.run(SpringApplication.java:321)
	at org.springframework.boot.SpringApplication.run(SpringApplication.java:1365)
	at org.springframework.boot.SpringApplication.run(SpringApplication.java:1354)
	at com.flashcolorcard.springboot.app.Application.main(Application.java:10)
	at java.base/jdk.internal.reflect.DirectMethodHandleAccessor.invoke(DirectMethodHandleAccessor.java:103)
	at java.base/java.lang.reflect.Method.invoke(Method.java:580)
	at org.springframework.boot.devtools.restart.RestartLauncher.run(RestartLauncher.java:52)
Caused by: org.hibernate.AnnotationException: Collection 'com.flashcolorcard.springboot.app.entities.Sets.cards' is 'mappedBy' a property named 'set' which does not exist in the target entity 'com.flashcolorcard.springboot.app.entities.Card'
	at org.hibernate.boot.model.internal.CollectionBinder.getMappedByProperty(CollectionBinder.java:1507)
	at org.hibernate.boot.model.internal.CollectionBinder.isReversePropertyInJoin(CollectionBinder.java:1490)
	at org.hibernate.boot.model.internal.CollectionBinder.noAssociationTable(CollectionBinder.java:1515)
	at org.hibernate.boot.model.internal.CollectionBinder.bindStarToManySecondPass(CollectionBinder.java:1473)
	at org.hibernate.boot.model.internal.CollectionBinder$1.secondPass(CollectionBinder.java:1464)
	at org.hibernate.boot.model.internal.CollectionSecondPass.doSecondPass(CollectionSecondPass.java:39)
	at org.hibernate.boot.internal.InFlightMetadataCollectorImpl.processSecondPasses(InFlightMetadataCollectorImpl.java:1769)
	at org.hibernate.boot.internal.InFlightMetadataCollectorImpl.processSecondPasses(InFlightMetadataCollectorImpl.java:1735)
	at org.hibernate.boot.model.process.spi.MetadataBuildingProcess.coordinateProcessors(MetadataBuildingProcess.java:361)
	at org.hibernate.boot.model.process.spi.MetadataBuildingProcess.complete(MetadataBuildingProcess.java:209)
	at org.hibernate.jpa.boot.internal.EntityManagerFactoryBuilderImpl.metadata(EntityManagerFactoryBuilderImpl.java:1388)
	at org.hibernate.jpa.boot.internal.EntityManagerFactoryBuilderImpl.populateSessionFactoryBuilder(EntityManagerFactoryBuilderImpl.java:1468)
	at org.hibernate.jpa.boot.internal.EntityManagerFactoryBuilderImpl.build(EntityManagerFactoryBuilderImpl.java:1450)
	at org.springframework.orm.jpa.vendor.SpringHibernateJpaPersistenceProvider.createContainerEntityManagerFactory(SpringHibernateJpaPersistenceProvider.java:93)
	at org.springframework.orm.jpa.LocalContainerEntityManagerFactoryBean.createNativeEntityManagerFactory(LocalContainerEntityManagerFactoryBean.java:443)
	at org.springframework.orm.jpa.AbstractEntityManagerFactoryBean.buildNativeEntityManagerFactory(AbstractEntityManagerFactoryBean.java:436)
	at org.springframework.orm.jpa.AbstractEntityManagerFactoryBean.afterPropertiesSet(AbstractEntityManagerFactoryBean.java:411)
	at org.springframework.orm.jpa.LocalContainerEntityManagerFactoryBean.afterPropertiesSet(LocalContainerEntityManagerFactoryBean.java:419)
	at org.springframework.beans.factory.support.AbstractAutowireCapableBeanFactory.invokeInitMethods(AbstractAutowireCapableBeanFactory.java:1862)
	at org.springframework.beans.factory.support.AbstractAutowireCapableBeanFactory.initializeBean(AbstractAutowireCapableBeanFactory.java:1811)
	... 18 common frames omitted
2026-07-29 14:39:45.610 INFO  c.f.springboot.app.Application - Starting Application using Java 21.0.2 with PID 26564 (C:\my projects\flashColorCardsApi\target\classes started by aleonmer in C:\my projects\flashColorCardsApi)
2026-07-29 14:39:45.611 DEBUG c.f.springboot.app.Application - Running with Spring Boot v4.1.0, Spring v7.0.8
2026-07-29 14:39:45.611 INFO  c.f.springboot.app.Application - The following 1 profile is active: "dev"
2026-07-29 14:39:45.921 INFO  o.s.d.r.c.RepositoryConfigurationDelegate - Bootstrapping Spring Data JPA repositories in DEFAULT mode.
2026-07-29 14:39:45.938 WARN  o.s.b.w.s.s.c.AnnotationConfigServletWebServerApplicationContext - Exception encountered during context initialization - cancelling refresh attempt: java.lang.TypeNotPresentException: Type com.flashcolorcard.springboot.app.entities.Sets not present
2026-07-29 14:39:45.940 INFO  o.s.b.a.l.ConditionEvaluationReportLogger - 

Error starting ApplicationContext. To display the condition evaluation report re-run your application with 'debug' enabled.
2026-07-29 14:39:45.942 ERROR o.s.boot.SpringApplication - Application run failed
java.lang.TypeNotPresentException: Type com.flashcolorcard.springboot.app.entities.Sets not present
	at java.base/sun.reflect.generics.factory.CoreReflectionFactory.makeNamedType(CoreReflectionFactory.java:117)
	at java.base/sun.reflect.generics.visitor.Reifier.visitClassTypeSignature(Reifier.java:125)
	at java.base/sun.reflect.generics.tree.ClassTypeSignature.accept(ClassTypeSignature.java:49)
	at java.base/sun.reflect.generics.visitor.Reifier.reifyTypeArguments(Reifier.java:68)
	at java.base/sun.reflect.generics.visitor.Reifier.visitClassTypeSignature(Reifier.java:138)
	at java.base/sun.reflect.generics.tree.ClassTypeSignature.accept(ClassTypeSignature.java:49)
	at java.base/sun.reflect.generics.repository.ClassRepository.computeSuperInterfaces(ClassRepository.java:117)
	at java.base/sun.reflect.generics.repository.ClassRepository.getSuperInterfaces(ClassRepository.java:95)
	at java.base/java.lang.Class.getGenericInterfaces(Class.java:1296)
	at org.springframework.core.ResolvableType.getInterfaces(ResolvableType.java:544)
	at org.springframework.core.ResolvableType.as(ResolvableType.java:492)
	at org.springframework.data.core.TypeDiscoverer.getSuperTypeInformation(TypeDiscoverer.java:266)
	at org.springframework.data.core.TypeInformation.getRequiredSuperTypeInformation(TypeInformation.java:328)
	at org.springframework.data.repository.core.support.DefaultRepositoryMetadata.<init>(DefaultRepositoryMetadata.java:55)
	at org.springframework.data.repository.core.support.AbstractRepositoryMetadata.getMetadata(AbstractRepositoryMetadata.java:79)
	at org.springframework.data.repository.config.RepositoryConfigurationExtensionSupport.getRepositoryConfigurations(RepositoryConfigurationExtensionSupport.java:93)
	at org.springframework.data.repository.config.RepositoryConfigurationDelegate.registerRepositoriesIn(RepositoryConfigurationDelegate.java:170)
	at org.springframework.boot.autoconfigure.data.AbstractRepositoryConfigurationSourceSupport.registerBeanDefinitions(AbstractRepositoryConfigurationSourceSupport.java:67)
	at org.springframework.context.annotation.ConfigurationClassBeanDefinitionReader.lambda$loadBeanDefinitionsFromImportBeanDefinitionRegistrars$0(ConfigurationClassBeanDefinitionReader.java:422)
	at java.base/java.util.LinkedHashMap.forEach(LinkedHashMap.java:986)
	at org.springframework.context.annotation.ConfigurationClassBeanDefinitionReader.loadBeanDefinitionsFromImportBeanDefinitionRegistrars(ConfigurationClassBeanDefinitionReader.java:421)
	at org.springframework.context.annotation.ConfigurationClassBeanDefinitionReader.loadBeanDefinitionsForConfigurationClass(ConfigurationClassBeanDefinitionReader.java:152)
	at org.springframework.context.annotation.ConfigurationClassBeanDefinitionReader.loadBeanDefinitions(ConfigurationClassBeanDefinitionReader.java:124)
	at org.springframework.context.annotation.ConfigurationClassPostProcessor.processConfigBeanDefinitions(ConfigurationClassPostProcessor.java:464)
	at org.springframework.context.annotation.ConfigurationClassPostProcessor.postProcessBeanDefinitionRegistry(ConfigurationClassPostProcessor.java:316)
	at org.springframework.context.support.PostProcessorRegistrationDelegate.invokeBeanDefinitionRegistryPostProcessors(PostProcessorRegistrationDelegate.java:349)
	at org.springframework.context.support.PostProcessorRegistrationDelegate.invokeBeanFactoryPostProcessors(PostProcessorRegistrationDelegate.java:118)
	at org.springframework.context.support.AbstractApplicationContext.invokeBeanFactoryPostProcessors(AbstractApplicationContext.java:795)
	at org.springframework.context.support.AbstractApplicationContext.refresh(AbstractApplicationContext.java:603)
	at org.springframework.boot.web.server.servlet.context.ServletWebServerApplicationContext.refresh(ServletWebServerApplicationContext.java:143)
	at org.springframework.boot.SpringApplication.refresh(SpringApplication.java:756)
	at org.springframework.boot.SpringApplication.refreshContext(SpringApplication.java:445)
	at org.springframework.boot.SpringApplication.run(SpringApplication.java:321)
	at org.springframework.boot.SpringApplication.run(SpringApplication.java:1365)
	at org.springframework.boot.SpringApplication.run(SpringApplication.java:1354)
	at com.flashcolorcard.springboot.app.Application.main(Application.java:10)
	at java.base/jdk.internal.reflect.DirectMethodHandleAccessor.invoke(DirectMethodHandleAccessor.java:103)
	at java.base/java.lang.reflect.Method.invoke(Method.java:580)
	at org.springframework.boot.devtools.restart.RestartLauncher.run(RestartLauncher.java:52)
Caused by: java.lang.ClassNotFoundException: com.flashcolorcard.springboot.app.entities.Sets
	at java.base/jdk.internal.loader.BuiltinClassLoader.loadClass(BuiltinClassLoader.java:641)
	at java.base/jdk.internal.loader.ClassLoaders$AppClassLoader.loadClass(ClassLoaders.java:188)
	at java.base/java.lang.ClassLoader.loadClass(ClassLoader.java:526)
	at java.base/java.lang.Class.forName0(Native Method)
	at java.base/java.lang.Class.forName(Class.java:534)
	at java.base/java.lang.Class.forName(Class.java:513)
	at org.springframework.boot.devtools.restart.classloader.RestartClassLoader.loadClass(RestartClassLoader.java:123)
	at java.base/java.lang.ClassLoader.loadClass(ClassLoader.java:526)
	at java.base/java.lang.Class.forName0(Native Method)
	at java.base/java.lang.Class.forName(Class.java:534)
	at java.base/java.lang.Class.forName(Class.java:513)
	at java.base/sun.reflect.generics.factory.CoreReflectionFactory.makeNamedType(CoreReflectionFactory.java:114)
	... 38 common frames omitted
2026-07-29 14:39:48.461 INFO  c.f.springboot.app.Application - Starting Application using Java 21.0.2 with PID 26564 (C:\my projects\flashColorCardsApi\target\classes started by aleonmer in C:\my projects\flashColorCardsApi)
2026-07-29 14:39:48.461 DEBUG c.f.springboot.app.Application - Running with Spring Boot v4.1.0, Spring v7.0.8
2026-07-29 14:39:48.461 INFO  c.f.springboot.app.Application - The following 1 profile is active: "dev"
2026-07-29 14:39:48.733 INFO  o.s.d.r.c.RepositoryConfigurationDelegate - Bootstrapping Spring Data JPA repositories in DEFAULT mode.
2026-07-29 14:39:48.776 INFO  o.s.d.r.c.RepositoryConfigurationDelegate - Finished Spring Data repository scanning in 38 ms. Found 3 JPA repository interfaces.
2026-07-29 14:39:48.927 INFO  o.s.boot.tomcat.TomcatWebServer - Tomcat initialized with port 8080 (http)
2026-07-29 14:39:48.929 INFO  o.a.coyote.http11.Http11NioProtocol - Initializing ProtocolHandler ["http-nio-8080"]
2026-07-29 14:39:48.930 INFO  o.a.catalina.core.StandardService - Starting service [Tomcat]
2026-07-29 14:39:48.930 INFO  o.a.catalina.core.StandardEngine - Starting Servlet engine: [Apache Tomcat/11.0.22]
2026-07-29 14:39:48.995 INFO  o.s.b.w.c.s.WebApplicationContextInitializer - Root WebApplicationContext: initialization completed in 532 ms
2026-07-29 14:39:49.057 INFO  org.hibernate.orm.jpa - HHH008540: Processing PersistenceUnitInfo [name: default]
2026-07-29 14:39:49.099 INFO  o.s.o.j.p.SpringPersistenceUnitInfo - No LoadTimeWeaver setup: ignoring JPA class transformer
2026-07-29 14:39:49.101 INFO  com.zaxxer.hikari.HikariDataSource - HikariPool-7 - Starting...
2026-07-29 14:39:49.556 INFO  com.zaxxer.hikari.pool.HikariPool - HikariPool-7 - Added connection org.postgresql.jdbc.PgConnection@38968555
2026-07-29 14:39:49.557 INFO  com.zaxxer.hikari.HikariDataSource - HikariPool-7 - Start completed.
2026-07-29 14:39:49.605 WARN  org.hibernate.orm.deprecation - HHH90000025: PostgreSQLDialect does not need to be specified explicitly using 'hibernate.dialect' (remove the property setting and it will be selected by default)
2026-07-29 14:39:49.787 INFO  o.hibernate.orm.connections.pooling - HHH10001005: Database info:
	Database JDBC URL [jdbc:postgresql://ep-super-river-ab15ua67-pooler.eu-west-2.aws.neon.tech/neondb]
	Database driver: PostgreSQL JDBC Driver
	Database dialect: PostgreSQLDialect
	Database version: 18.4
	Default catalog/schema: neondb/public
	Autocommit mode: undefined/unknown
	Isolation level: READ_COMMITTED [default READ_COMMITTED]
	JDBC fetch size: none
	Pool: DataSourceConnectionProvider
	Minimum pool size: undefined/unknown
	Maximum pool size: undefined/unknown
2026-07-29 14:39:49.804 ERROR o.s.o.j.LocalContainerEntityManagerFactoryBean - Failed to initialize JPA EntityManagerFactory: Collection 'com.flashcolorcard.springboot.app.entities.Sets.cards' is 'mappedBy' a property named 'set' which does not exist in the target entity 'com.flashcolorcard.springboot.app.entities.Card'
2026-07-29 14:39:49.804 WARN  o.s.b.w.s.s.c.AnnotationConfigServletWebServerApplicationContext - Exception encountered during context initialization - cancelling refresh attempt: org.springframework.beans.factory.BeanCreationException: Error creating bean with name 'entityManagerFactory' defined in class path resource [org/springframework/boot/hibernate/autoconfigure/HibernateJpaConfiguration.class]: Collection 'com.flashcolorcard.springboot.app.entities.Sets.cards' is 'mappedBy' a property named 'set' which does not exist in the target entity 'com.flashcolorcard.springboot.app.entities.Card'
2026-07-29 14:39:49.804 INFO  com.zaxxer.hikari.HikariDataSource - HikariPool-7 - Shutdown initiated...
2026-07-29 14:39:50.087 INFO  com.zaxxer.hikari.HikariDataSource - HikariPool-7 - Shutdown completed.
2026-07-29 14:39:50.088 INFO  o.a.catalina.core.StandardService - Stopping service [Tomcat]
2026-07-29 14:39:50.099 INFO  o.s.b.a.l.ConditionEvaluationReportLogger - 

Error starting ApplicationContext. To display the condition evaluation report re-run your application with 'debug' enabled.
2026-07-29 14:39:50.101 ERROR o.s.boot.SpringApplication - Application run failed
org.springframework.beans.factory.BeanCreationException: Error creating bean with name 'entityManagerFactory' defined in class path resource [org/springframework/boot/hibernate/autoconfigure/HibernateJpaConfiguration.class]: Collection 'com.flashcolorcard.springboot.app.entities.Sets.cards' is 'mappedBy' a property named 'set' which does not exist in the target entity 'com.flashcolorcard.springboot.app.entities.Card'
	at org.springframework.beans.factory.support.AbstractAutowireCapableBeanFactory.initializeBean(AbstractAutowireCapableBeanFactory.java:1815)
	at org.springframework.beans.factory.support.AbstractAutowireCapableBeanFactory.doCreateBean(AbstractAutowireCapableBeanFactory.java:603)
	at org.springframework.beans.factory.support.AbstractAutowireCapableBeanFactory.createBean(AbstractAutowireCapableBeanFactory.java:525)
	at org.springframework.beans.factory.support.AbstractBeanFactory.lambda$doGetBean$0(AbstractBeanFactory.java:333)
	at org.springframework.beans.factory.support.DefaultSingletonBeanRegistry.getSingleton(DefaultSingletonBeanRegistry.java:371)
	at org.springframework.beans.factory.support.AbstractBeanFactory.doGetBean(AbstractBeanFactory.java:331)
	at org.springframework.beans.factory.support.AbstractBeanFactory.getBean(AbstractBeanFactory.java:201)
	at org.springframework.context.support.AbstractApplicationContext.finishBeanFactoryInitialization(AbstractApplicationContext.java:977)
	at org.springframework.context.support.AbstractApplicationContext.refresh(AbstractApplicationContext.java:621)
	at org.springframework.boot.web.server.servlet.context.ServletWebServerApplicationContext.refresh(ServletWebServerApplicationContext.java:143)
	at org.springframework.boot.SpringApplication.refresh(SpringApplication.java:756)
	at org.springframework.boot.SpringApplication.refreshContext(SpringApplication.java:445)
	at org.springframework.boot.SpringApplication.run(SpringApplication.java:321)
	at org.springframework.boot.SpringApplication.run(SpringApplication.java:1365)
	at org.springframework.boot.SpringApplication.run(SpringApplication.java:1354)
	at com.flashcolorcard.springboot.app.Application.main(Application.java:10)
	at java.base/jdk.internal.reflect.DirectMethodHandleAccessor.invoke(DirectMethodHandleAccessor.java:103)
	at java.base/java.lang.reflect.Method.invoke(Method.java:580)
	at org.springframework.boot.devtools.restart.RestartLauncher.run(RestartLauncher.java:52)
Caused by: org.hibernate.AnnotationException: Collection 'com.flashcolorcard.springboot.app.entities.Sets.cards' is 'mappedBy' a property named 'set' which does not exist in the target entity 'com.flashcolorcard.springboot.app.entities.Card'
	at org.hibernate.boot.model.internal.CollectionBinder.getMappedByProperty(CollectionBinder.java:1507)
	at org.hibernate.boot.model.internal.CollectionBinder.isReversePropertyInJoin(CollectionBinder.java:1490)
	at org.hibernate.boot.model.internal.CollectionBinder.noAssociationTable(CollectionBinder.java:1515)
	at org.hibernate.boot.model.internal.CollectionBinder.bindStarToManySecondPass(CollectionBinder.java:1473)
	at org.hibernate.boot.model.internal.CollectionBinder$1.secondPass(CollectionBinder.java:1464)
	at org.hibernate.boot.model.internal.CollectionSecondPass.doSecondPass(CollectionSecondPass.java:39)
	at org.hibernate.boot.internal.InFlightMetadataCollectorImpl.processSecondPasses(InFlightMetadataCollectorImpl.java:1769)
	at org.hibernate.boot.internal.InFlightMetadataCollectorImpl.processSecondPasses(InFlightMetadataCollectorImpl.java:1735)
	at org.hibernate.boot.model.process.spi.MetadataBuildingProcess.coordinateProcessors(MetadataBuildingProcess.java:361)
	at org.hibernate.boot.model.process.spi.MetadataBuildingProcess.complete(MetadataBuildingProcess.java:209)
	at org.hibernate.jpa.boot.internal.EntityManagerFactoryBuilderImpl.metadata(EntityManagerFactoryBuilderImpl.java:1388)
	at org.hibernate.jpa.boot.internal.EntityManagerFactoryBuilderImpl.populateSessionFactoryBuilder(EntityManagerFactoryBuilderImpl.java:1468)
	at org.hibernate.jpa.boot.internal.EntityManagerFactoryBuilderImpl.build(EntityManagerFactoryBuilderImpl.java:1450)
	at org.springframework.orm.jpa.vendor.SpringHibernateJpaPersistenceProvider.createContainerEntityManagerFactory(SpringHibernateJpaPersistenceProvider.java:93)
	at org.springframework.orm.jpa.LocalContainerEntityManagerFactoryBean.createNativeEntityManagerFactory(LocalContainerEntityManagerFactoryBean.java:443)
	at org.springframework.orm.jpa.AbstractEntityManagerFactoryBean.buildNativeEntityManagerFactory(AbstractEntityManagerFactoryBean.java:436)
	at org.springframework.orm.jpa.AbstractEntityManagerFactoryBean.afterPropertiesSet(AbstractEntityManagerFactoryBean.java:411)
	at org.springframework.orm.jpa.LocalContainerEntityManagerFactoryBean.afterPropertiesSet(LocalContainerEntityManagerFactoryBean.java:419)
	at org.springframework.beans.factory.support.AbstractAutowireCapableBeanFactory.invokeInitMethods(AbstractAutowireCapableBeanFactory.java:1862)
	at org.springframework.beans.factory.support.AbstractAutowireCapableBeanFactory.initializeBean(AbstractAutowireCapableBeanFactory.java:1811)
	... 18 common frames omitted
2026-07-29 14:40:41.895 INFO  c.f.springboot.app.Application - Starting Application using Java 21.0.2 with PID 26564 (C:\my projects\flashColorCardsApi\target\classes started by aleonmer in C:\my projects\flashColorCardsApi)
2026-07-29 14:40:41.896 DEBUG c.f.springboot.app.Application - Running with Spring Boot v4.1.0, Spring v7.0.8
2026-07-29 14:40:41.896 INFO  c.f.springboot.app.Application - The following 1 profile is active: "dev"
2026-07-29 14:40:42.102 INFO  o.s.d.r.c.RepositoryConfigurationDelegate - Bootstrapping Spring Data JPA repositories in DEFAULT mode.
2026-07-29 14:40:42.119 WARN  o.s.b.w.s.s.c.AnnotationConfigServletWebServerApplicationContext - Exception encountered during context initialization - cancelling refresh attempt: java.lang.TypeNotPresentException: Type com.flashcolorcard.springboot.app.entities.Sets not present
2026-07-29 14:40:42.121 INFO  o.s.b.a.l.ConditionEvaluationReportLogger - 

Error starting ApplicationContext. To display the condition evaluation report re-run your application with 'debug' enabled.
2026-07-29 14:40:42.126 ERROR o.s.boot.SpringApplication - Application run failed
java.lang.TypeNotPresentException: Type com.flashcolorcard.springboot.app.entities.Sets not present
	at java.base/sun.reflect.generics.factory.CoreReflectionFactory.makeNamedType(CoreReflectionFactory.java:117)
	at java.base/sun.reflect.generics.visitor.Reifier.visitClassTypeSignature(Reifier.java:125)
	at java.base/sun.reflect.generics.tree.ClassTypeSignature.accept(ClassTypeSignature.java:49)
	at java.base/sun.reflect.generics.visitor.Reifier.reifyTypeArguments(Reifier.java:68)
	at java.base/sun.reflect.generics.visitor.Reifier.visitClassTypeSignature(Reifier.java:138)
	at java.base/sun.reflect.generics.tree.ClassTypeSignature.accept(ClassTypeSignature.java:49)
	at java.base/sun.reflect.generics.repository.ClassRepository.computeSuperInterfaces(ClassRepository.java:117)
	at java.base/sun.reflect.generics.repository.ClassRepository.getSuperInterfaces(ClassRepository.java:95)
	at java.base/java.lang.Class.getGenericInterfaces(Class.java:1296)
	at org.springframework.core.ResolvableType.getInterfaces(ResolvableType.java:544)
	at org.springframework.core.ResolvableType.as(ResolvableType.java:492)
	at org.springframework.data.core.TypeDiscoverer.getSuperTypeInformation(TypeDiscoverer.java:266)
	at org.springframework.data.core.TypeInformation.getRequiredSuperTypeInformation(TypeInformation.java:328)
	at org.springframework.data.repository.core.support.DefaultRepositoryMetadata.<init>(DefaultRepositoryMetadata.java:55)
	at org.springframework.data.repository.core.support.AbstractRepositoryMetadata.getMetadata(AbstractRepositoryMetadata.java:79)
	at org.springframework.data.repository.config.RepositoryConfigurationExtensionSupport.getRepositoryConfigurations(RepositoryConfigurationExtensionSupport.java:93)
	at org.springframework.data.repository.config.RepositoryConfigurationDelegate.registerRepositoriesIn(RepositoryConfigurationDelegate.java:170)
	at org.springframework.boot.autoconfigure.data.AbstractRepositoryConfigurationSourceSupport.registerBeanDefinitions(AbstractRepositoryConfigurationSourceSupport.java:67)
	at org.springframework.context.annotation.ConfigurationClassBeanDefinitionReader.lambda$loadBeanDefinitionsFromImportBeanDefinitionRegistrars$0(ConfigurationClassBeanDefinitionReader.java:422)
	at java.base/java.util.LinkedHashMap.forEach(LinkedHashMap.java:986)
	at org.springframework.context.annotation.ConfigurationClassBeanDefinitionReader.loadBeanDefinitionsFromImportBeanDefinitionRegistrars(ConfigurationClassBeanDefinitionReader.java:421)
	at org.springframework.context.annotation.ConfigurationClassBeanDefinitionReader.loadBeanDefinitionsForConfigurationClass(ConfigurationClassBeanDefinitionReader.java:152)
	at org.springframework.context.annotation.ConfigurationClassBeanDefinitionReader.loadBeanDefinitions(ConfigurationClassBeanDefinitionReader.java:124)
	at org.springframework.context.annotation.ConfigurationClassPostProcessor.processConfigBeanDefinitions(ConfigurationClassPostProcessor.java:464)
	at org.springframework.context.annotation.ConfigurationClassPostProcessor.postProcessBeanDefinitionRegistry(ConfigurationClassPostProcessor.java:316)
	at org.springframework.context.support.PostProcessorRegistrationDelegate.invokeBeanDefinitionRegistryPostProcessors(PostProcessorRegistrationDelegate.java:349)
	at org.springframework.context.support.PostProcessorRegistrationDelegate.invokeBeanFactoryPostProcessors(PostProcessorRegistrationDelegate.java:118)
	at org.springframework.context.support.AbstractApplicationContext.invokeBeanFactoryPostProcessors(AbstractApplicationContext.java:795)
	at org.springframework.context.support.AbstractApplicationContext.refresh(AbstractApplicationContext.java:603)
	at org.springframework.boot.web.server.servlet.context.ServletWebServerApplicationContext.refresh(ServletWebServerApplicationContext.java:143)
	at org.springframework.boot.SpringApplication.refresh(SpringApplication.java:756)
	at org.springframework.boot.SpringApplication.refreshContext(SpringApplication.java:445)
	at org.springframework.boot.SpringApplication.run(SpringApplication.java:321)
	at org.springframework.boot.SpringApplication.run(SpringApplication.java:1365)
	at org.springframework.boot.SpringApplication.run(SpringApplication.java:1354)
	at com.flashcolorcard.springboot.app.Application.main(Application.java:10)
	at java.base/jdk.internal.reflect.DirectMethodHandleAccessor.invoke(DirectMethodHandleAccessor.java:103)
	at java.base/java.lang.reflect.Method.invoke(Method.java:580)
	at org.springframework.boot.devtools.restart.RestartLauncher.run(RestartLauncher.java:52)
Caused by: java.lang.ClassNotFoundException: com.flashcolorcard.springboot.app.entities.Sets
	at java.base/jdk.internal.loader.BuiltinClassLoader.loadClass(BuiltinClassLoader.java:641)
	at java.base/jdk.internal.loader.ClassLoaders$AppClassLoader.loadClass(ClassLoaders.java:188)
	at java.base/java.lang.ClassLoader.loadClass(ClassLoader.java:526)
	at java.base/java.lang.Class.forName0(Native Method)
	at java.base/java.lang.Class.forName(Class.java:534)
	at java.base/java.lang.Class.forName(Class.java:513)
	at org.springframework.boot.devtools.restart.classloader.RestartClassLoader.loadClass(RestartClassLoader.java:123)
	at java.base/java.lang.ClassLoader.loadClass(ClassLoader.java:526)
	at java.base/java.lang.Class.forName0(Native Method)
	at java.base/java.lang.Class.forName(Class.java:534)
	at java.base/java.lang.Class.forName(Class.java:513)
	at java.base/sun.reflect.generics.factory.CoreReflectionFactory.makeNamedType(CoreReflectionFactory.java:114)
	... 38 common frames omitted
2026-07-29 14:40:43.608 INFO  c.f.springboot.app.Application - Starting Application using Java 21.0.2 with PID 26564 (C:\my projects\flashColorCardsApi\target\classes started by aleonmer in C:\my projects\flashColorCardsApi)
2026-07-29 14:40:43.608 DEBUG c.f.springboot.app.Application - Running with Spring Boot v4.1.0, Spring v7.0.8
2026-07-29 14:40:43.608 INFO  c.f.springboot.app.Application - The following 1 profile is active: "dev"
2026-07-29 14:40:43.862 INFO  o.s.d.r.c.RepositoryConfigurationDelegate - Bootstrapping Spring Data JPA repositories in DEFAULT mode.
2026-07-29 14:40:43.891 INFO  o.s.d.r.c.RepositoryConfigurationDelegate - Finished Spring Data repository scanning in 26 ms. Found 3 JPA repository interfaces.
2026-07-29 14:40:44.036 INFO  o.s.boot.tomcat.TomcatWebServer - Tomcat initialized with port 8080 (http)
2026-07-29 14:40:44.037 INFO  o.a.coyote.http11.Http11NioProtocol - Initializing ProtocolHandler ["http-nio-8080"]
2026-07-29 14:40:44.038 INFO  o.a.catalina.core.StandardService - Starting service [Tomcat]
2026-07-29 14:40:44.038 INFO  o.a.catalina.core.StandardEngine - Starting Servlet engine: [Apache Tomcat/11.0.22]
2026-07-29 14:40:44.076 INFO  o.s.b.w.c.s.WebApplicationContextInitializer - Root WebApplicationContext: initialization completed in 466 ms
2026-07-29 14:40:44.123 INFO  org.hibernate.orm.jpa - HHH008540: Processing PersistenceUnitInfo [name: default]
2026-07-29 14:40:44.166 INFO  o.s.o.j.p.SpringPersistenceUnitInfo - No LoadTimeWeaver setup: ignoring JPA class transformer
2026-07-29 14:40:44.168 INFO  com.zaxxer.hikari.HikariDataSource - HikariPool-8 - Starting...
2026-07-29 14:40:44.559 INFO  com.zaxxer.hikari.pool.HikariPool - HikariPool-8 - Added connection org.postgresql.jdbc.PgConnection@4e3f15e5
2026-07-29 14:40:44.559 INFO  com.zaxxer.hikari.HikariDataSource - HikariPool-8 - Start completed.
2026-07-29 14:40:44.603 WARN  org.hibernate.orm.deprecation - HHH90000025: PostgreSQLDialect does not need to be specified explicitly using 'hibernate.dialect' (remove the property setting and it will be selected by default)
2026-07-29 14:40:44.766 INFO  o.hibernate.orm.connections.pooling - HHH10001005: Database info:
	Database JDBC URL [jdbc:postgresql://ep-super-river-ab15ua67-pooler.eu-west-2.aws.neon.tech/neondb]
	Database driver: PostgreSQL JDBC Driver
	Database dialect: PostgreSQLDialect
	Database version: 18.4
	Default catalog/schema: neondb/public
	Autocommit mode: undefined/unknown
	Isolation level: READ_COMMITTED [default READ_COMMITTED]
	JDBC fetch size: none
	Pool: DataSourceConnectionProvider
	Minimum pool size: undefined/unknown
	Maximum pool size: undefined/unknown
2026-07-29 14:40:44.778 ERROR o.s.o.j.LocalContainerEntityManagerFactoryBean - Failed to initialize JPA EntityManagerFactory: Association 'com.flashcolorcard.springboot.app.entities.Sets.cards' is 'mappedBy' another entity and may not specify the '@JoinColumn'
2026-07-29 14:40:44.779 WARN  o.s.b.w.s.s.c.AnnotationConfigServletWebServerApplicationContext - Exception encountered during context initialization - cancelling refresh attempt: org.springframework.beans.factory.BeanCreationException: Error creating bean with name 'entityManagerFactory' defined in class path resource [org/springframework/boot/hibernate/autoconfigure/HibernateJpaConfiguration.class]: Association 'com.flashcolorcard.springboot.app.entities.Sets.cards' is 'mappedBy' another entity and may not specify the '@JoinColumn'
2026-07-29 14:40:44.779 INFO  com.zaxxer.hikari.HikariDataSource - HikariPool-8 - Shutdown initiated...
2026-07-29 14:40:45.034 INFO  com.zaxxer.hikari.HikariDataSource - HikariPool-8 - Shutdown completed.
2026-07-29 14:40:45.034 INFO  o.a.catalina.core.StandardService - Stopping service [Tomcat]
2026-07-29 14:40:45.043 INFO  o.s.b.a.l.ConditionEvaluationReportLogger - 

Error starting ApplicationContext. To display the condition evaluation report re-run your application with 'debug' enabled.
2026-07-29 14:40:45.045 ERROR o.s.boot.SpringApplication - Application run failed
org.springframework.beans.factory.BeanCreationException: Error creating bean with name 'entityManagerFactory' defined in class path resource [org/springframework/boot/hibernate/autoconfigure/HibernateJpaConfiguration.class]: Association 'com.flashcolorcard.springboot.app.entities.Sets.cards' is 'mappedBy' another entity and may not specify the '@JoinColumn'
	at org.springframework.beans.factory.support.AbstractAutowireCapableBeanFactory.initializeBean(AbstractAutowireCapableBeanFactory.java:1815)
	at org.springframework.beans.factory.support.AbstractAutowireCapableBeanFactory.doCreateBean(AbstractAutowireCapableBeanFactory.java:603)
	at org.springframework.beans.factory.support.AbstractAutowireCapableBeanFactory.createBean(AbstractAutowireCapableBeanFactory.java:525)
	at org.springframework.beans.factory.support.AbstractBeanFactory.lambda$doGetBean$0(AbstractBeanFactory.java:333)
	at org.springframework.beans.factory.support.DefaultSingletonBeanRegistry.getSingleton(DefaultSingletonBeanRegistry.java:371)
	at org.springframework.beans.factory.support.AbstractBeanFactory.doGetBean(AbstractBeanFactory.java:331)
	at org.springframework.beans.factory.support.AbstractBeanFactory.getBean(AbstractBeanFactory.java:201)
	at org.springframework.context.support.AbstractApplicationContext.finishBeanFactoryInitialization(AbstractApplicationContext.java:977)
	at org.springframework.context.support.AbstractApplicationContext.refresh(AbstractApplicationContext.java:621)
	at org.springframework.boot.web.server.servlet.context.ServletWebServerApplicationContext.refresh(ServletWebServerApplicationContext.java:143)
	at org.springframework.boot.SpringApplication.refresh(SpringApplication.java:756)
	at org.springframework.boot.SpringApplication.refreshContext(SpringApplication.java:445)
	at org.springframework.boot.SpringApplication.run(SpringApplication.java:321)
	at org.springframework.boot.SpringApplication.run(SpringApplication.java:1365)
	at org.springframework.boot.SpringApplication.run(SpringApplication.java:1354)
	at com.flashcolorcard.springboot.app.Application.main(Application.java:10)
	at java.base/jdk.internal.reflect.DirectMethodHandleAccessor.invoke(DirectMethodHandleAccessor.java:103)
	at java.base/java.lang.reflect.Method.invoke(Method.java:580)
	at org.springframework.boot.devtools.restart.RestartLauncher.run(RestartLauncher.java:52)
Caused by: org.hibernate.AnnotationException: Association 'com.flashcolorcard.springboot.app.entities.Sets.cards' is 'mappedBy' another entity and may not specify the '@JoinColumn'
	at org.hibernate.boot.model.internal.CollectionBinder.detectMappedByProblem(CollectionBinder.java:1120)
	at org.hibernate.boot.model.internal.CollectionBinder.bind(CollectionBinder.java:1063)
	at org.hibernate.boot.model.internal.CollectionBinder.bindCollection(CollectionBinder.java:312)
	at org.hibernate.boot.model.internal.PropertyBinder.bindProperty(PropertyBinder.java:934)
	at org.hibernate.boot.model.internal.PropertyBinder.buildProperty(PropertyBinder.java:831)
	at org.hibernate.boot.model.internal.PropertyBinder.processElementAnnotations(PropertyBinder.java:758)
	at org.hibernate.boot.model.internal.EntityBinder.processIdPropertiesIfNotAlready(EntityBinder.java:1132)
	at org.hibernate.boot.model.internal.EntityBinder.handleIdentifier(EntityBinder.java:443)
	at org.hibernate.boot.model.internal.EntityBinder.bindEntityClass(EntityBinder.java:259)
	at org.hibernate.boot.model.internal.AnnotationBinder.bindClass(AnnotationBinder.java:247)
	at org.hibernate.boot.model.source.internal.annotations.AnnotationMetadataSourceProcessorImpl.processEntityHierarchies(AnnotationMetadataSourceProcessorImpl.java:197)
	at org.hibernate.boot.model.process.spi.MetadataBuildingProcess$1.processEntityHierarchies(MetadataBuildingProcess.java:323)
	at org.hibernate.boot.model.process.spi.MetadataBuildingProcess.coordinateProcessors(MetadataBuildingProcess.java:356)
	at org.hibernate.boot.model.process.spi.MetadataBuildingProcess.complete(MetadataBuildingProcess.java:209)
	at org.hibernate.jpa.boot.internal.EntityManagerFactoryBuilderImpl.metadata(EntityManagerFactoryBuilderImpl.java:1388)
	at org.hibernate.jpa.boot.internal.EntityManagerFactoryBuilderImpl.populateSessionFactoryBuilder(EntityManagerFactoryBuilderImpl.java:1468)
	at org.hibernate.jpa.boot.internal.EntityManagerFactoryBuilderImpl.build(EntityManagerFactoryBuilderImpl.java:1450)
	at org.springframework.orm.jpa.vendor.SpringHibernateJpaPersistenceProvider.createContainerEntityManagerFactory(SpringHibernateJpaPersistenceProvider.java:93)
	at org.springframework.orm.jpa.LocalContainerEntityManagerFactoryBean.createNativeEntityManagerFactory(LocalContainerEntityManagerFactoryBean.java:443)
	at org.springframework.orm.jpa.AbstractEntityManagerFactoryBean.buildNativeEntityManagerFactory(AbstractEntityManagerFactoryBean.java:436)
	at org.springframework.orm.jpa.AbstractEntityManagerFactoryBean.afterPropertiesSet(AbstractEntityManagerFactoryBean.java:411)
	at org.springframework.orm.jpa.LocalContainerEntityManagerFactoryBean.afterPropertiesSet(LocalContainerEntityManagerFactoryBean.java:419)
	at org.springframework.beans.factory.support.AbstractAutowireCapableBeanFactory.invokeInitMethods(AbstractAutowireCapableBeanFactory.java:1862)
	at org.springframework.beans.factory.support.AbstractAutowireCapableBeanFactory.initializeBean(AbstractAutowireCapableBeanFactory.java:1811)
	... 18 common frames omitted
2026-07-29 14:41:32.768 INFO  c.f.springboot.app.Application - Starting Application using Java 21.0.2 with PID 26564 (C:\my projects\flashColorCardsApi\target\classes started by aleonmer in C:\my projects\flashColorCardsApi)
2026-07-29 14:41:32.769 DEBUG c.f.springboot.app.Application - Running with Spring Boot v4.1.0, Spring v7.0.8
2026-07-29 14:41:32.769 INFO  c.f.springboot.app.Application - The following 1 profile is active: "dev"
2026-07-29 14:41:33.023 INFO  o.s.d.r.c.RepositoryConfigurationDelegate - Bootstrapping Spring Data JPA repositories in DEFAULT mode.
2026-07-29 14:41:33.057 WARN  o.s.b.w.s.s.c.AnnotationConfigServletWebServerApplicationContext - Exception encountered during context initialization - cancelling refresh attempt: java.lang.TypeNotPresentException: Type com.flashcolorcard.springboot.app.entities.Sets not present
2026-07-29 14:41:33.059 INFO  o.s.b.a.l.ConditionEvaluationReportLogger - 

Error starting ApplicationContext. To display the condition evaluation report re-run your application with 'debug' enabled.
2026-07-29 14:41:33.061 ERROR o.s.boot.SpringApplication - Application run failed
java.lang.TypeNotPresentException: Type com.flashcolorcard.springboot.app.entities.Sets not present
	at java.base/sun.reflect.generics.factory.CoreReflectionFactory.makeNamedType(CoreReflectionFactory.java:117)
	at java.base/sun.reflect.generics.visitor.Reifier.visitClassTypeSignature(Reifier.java:125)
	at java.base/sun.reflect.generics.tree.ClassTypeSignature.accept(ClassTypeSignature.java:49)
	at java.base/sun.reflect.generics.visitor.Reifier.reifyTypeArguments(Reifier.java:68)
	at java.base/sun.reflect.generics.visitor.Reifier.visitClassTypeSignature(Reifier.java:138)
	at java.base/sun.reflect.generics.tree.ClassTypeSignature.accept(ClassTypeSignature.java:49)
	at java.base/sun.reflect.generics.repository.ClassRepository.computeSuperInterfaces(ClassRepository.java:117)
	at java.base/sun.reflect.generics.repository.ClassRepository.getSuperInterfaces(ClassRepository.java:95)
	at java.base/java.lang.Class.getGenericInterfaces(Class.java:1296)
	at org.springframework.core.ResolvableType.getInterfaces(ResolvableType.java:544)
	at org.springframework.core.ResolvableType.as(ResolvableType.java:492)
	at org.springframework.data.core.TypeDiscoverer.getSuperTypeInformation(TypeDiscoverer.java:266)
	at org.springframework.data.core.TypeInformation.getRequiredSuperTypeInformation(TypeInformation.java:328)
	at org.springframework.data.repository.core.support.DefaultRepositoryMetadata.<init>(DefaultRepositoryMetadata.java:55)
	at org.springframework.data.repository.core.support.AbstractRepositoryMetadata.getMetadata(AbstractRepositoryMetadata.java:79)
	at org.springframework.data.repository.config.RepositoryConfigurationExtensionSupport.getRepositoryConfigurations(RepositoryConfigurationExtensionSupport.java:93)
	at org.springframework.data.repository.config.RepositoryConfigurationDelegate.registerRepositoriesIn(RepositoryConfigurationDelegate.java:170)
	at org.springframework.boot.autoconfigure.data.AbstractRepositoryConfigurationSourceSupport.registerBeanDefinitions(AbstractRepositoryConfigurationSourceSupport.java:67)
	at org.springframework.context.annotation.ConfigurationClassBeanDefinitionReader.lambda$loadBeanDefinitionsFromImportBeanDefinitionRegistrars$0(ConfigurationClassBeanDefinitionReader.java:422)
	at java.base/java.util.LinkedHashMap.forEach(LinkedHashMap.java:986)
	at org.springframework.context.annotation.ConfigurationClassBeanDefinitionReader.loadBeanDefinitionsFromImportBeanDefinitionRegistrars(ConfigurationClassBeanDefinitionReader.java:421)
	at org.springframework.context.annotation.ConfigurationClassBeanDefinitionReader.loadBeanDefinitionsForConfigurationClass(ConfigurationClassBeanDefinitionReader.java:152)
	at org.springframework.context.annotation.ConfigurationClassBeanDefinitionReader.loadBeanDefinitions(ConfigurationClassBeanDefinitionReader.java:124)
	at org.springframework.context.annotation.ConfigurationClassPostProcessor.processConfigBeanDefinitions(ConfigurationClassPostProcessor.java:464)
	at org.springframework.context.annotation.ConfigurationClassPostProcessor.postProcessBeanDefinitionRegistry(ConfigurationClassPostProcessor.java:316)
	at org.springframework.context.support.PostProcessorRegistrationDelegate.invokeBeanDefinitionRegistryPostProcessors(PostProcessorRegistrationDelegate.java:349)
	at org.springframework.context.support.PostProcessorRegistrationDelegate.invokeBeanFactoryPostProcessors(PostProcessorRegistrationDelegate.java:118)
	at org.springframework.context.support.AbstractApplicationContext.invokeBeanFactoryPostProcessors(AbstractApplicationContext.java:795)
	at org.springframework.context.support.AbstractApplicationContext.refresh(AbstractApplicationContext.java:603)
	at org.springframework.boot.web.server.servlet.context.ServletWebServerApplicationContext.refresh(ServletWebServerApplicationContext.java:143)
	at org.springframework.boot.SpringApplication.refresh(SpringApplication.java:756)
	at org.springframework.boot.SpringApplication.refreshContext(SpringApplication.java:445)
	at org.springframework.boot.SpringApplication.run(SpringApplication.java:321)
	at org.springframework.boot.SpringApplication.run(SpringApplication.java:1365)
	at org.springframework.boot.SpringApplication.run(SpringApplication.java:1354)
	at com.flashcolorcard.springboot.app.Application.main(Application.java:10)
	at java.base/jdk.internal.reflect.DirectMethodHandleAccessor.invoke(DirectMethodHandleAccessor.java:103)
	at java.base/java.lang.reflect.Method.invoke(Method.java:580)
	at org.springframework.boot.devtools.restart.RestartLauncher.run(RestartLauncher.java:52)
Caused by: java.lang.ClassNotFoundException: com.flashcolorcard.springboot.app.entities.Sets
	at java.base/jdk.internal.loader.BuiltinClassLoader.loadClass(BuiltinClassLoader.java:641)
	at java.base/jdk.internal.loader.ClassLoaders$AppClassLoader.loadClass(ClassLoaders.java:188)
	at java.base/java.lang.ClassLoader.loadClass(ClassLoader.java:526)
	at java.base/java.lang.Class.forName0(Native Method)
	at java.base/java.lang.Class.forName(Class.java:534)
	at java.base/java.lang.Class.forName(Class.java:513)
	at org.springframework.boot.devtools.restart.classloader.RestartClassLoader.loadClass(RestartClassLoader.java:123)
	at java.base/java.lang.ClassLoader.loadClass(ClassLoader.java:526)
	at java.base/java.lang.Class.forName0(Native Method)
	at java.base/java.lang.Class.forName(Class.java:534)
	at java.base/java.lang.Class.forName(Class.java:513)
	at java.base/sun.reflect.generics.factory.CoreReflectionFactory.makeNamedType(CoreReflectionFactory.java:114)
	... 38 common frames omitted
2026-07-29 14:41:35.596 INFO  c.f.springboot.app.Application - Starting Application using Java 21.0.2 with PID 26564 (C:\my projects\flashColorCardsApi\target\classes started by aleonmer in C:\my projects\flashColorCardsApi)
2026-07-29 14:41:35.596 DEBUG c.f.springboot.app.Application - Running with Spring Boot v4.1.0, Spring v7.0.8
2026-07-29 14:41:35.596 INFO  c.f.springboot.app.Application - The following 1 profile is active: "dev"
2026-07-29 14:41:35.908 INFO  o.s.d.r.c.RepositoryConfigurationDelegate - Bootstrapping Spring Data JPA repositories in DEFAULT mode.
2026-07-29 14:41:35.939 INFO  o.s.d.r.c.RepositoryConfigurationDelegate - Finished Spring Data repository scanning in 28 ms. Found 3 JPA repository interfaces.
2026-07-29 14:41:36.084 INFO  o.s.boot.tomcat.TomcatWebServer - Tomcat initialized with port 8080 (http)
2026-07-29 14:41:36.086 INFO  o.a.coyote.http11.Http11NioProtocol - Initializing ProtocolHandler ["http-nio-8080"]
2026-07-29 14:41:36.087 INFO  o.a.catalina.core.StandardService - Starting service [Tomcat]
2026-07-29 14:41:36.087 INFO  o.a.catalina.core.StandardEngine - Starting Servlet engine: [Apache Tomcat/11.0.22]
2026-07-29 14:41:36.159 INFO  o.s.b.w.c.s.WebApplicationContextInitializer - Root WebApplicationContext: initialization completed in 561 ms
2026-07-29 14:41:36.219 INFO  org.hibernate.orm.jpa - HHH008540: Processing PersistenceUnitInfo [name: default]
2026-07-29 14:41:36.276 INFO  o.s.o.j.p.SpringPersistenceUnitInfo - No LoadTimeWeaver setup: ignoring JPA class transformer
2026-07-29 14:41:36.278 INFO  com.zaxxer.hikari.HikariDataSource - HikariPool-9 - Starting...
2026-07-29 14:41:36.692 INFO  com.zaxxer.hikari.pool.HikariPool - HikariPool-9 - Added connection org.postgresql.jdbc.PgConnection@5bbfe8d3
2026-07-29 14:41:36.692 INFO  com.zaxxer.hikari.HikariDataSource - HikariPool-9 - Start completed.
2026-07-29 14:41:36.741 WARN  org.hibernate.orm.deprecation - HHH90000025: PostgreSQLDialect does not need to be specified explicitly using 'hibernate.dialect' (remove the property setting and it will be selected by default)
2026-07-29 14:41:36.914 INFO  o.hibernate.orm.connections.pooling - HHH10001005: Database info:
	Database JDBC URL [jdbc:postgresql://ep-super-river-ab15ua67-pooler.eu-west-2.aws.neon.tech/neondb]
	Database driver: PostgreSQL JDBC Driver
	Database dialect: PostgreSQLDialect
	Database version: 18.4
	Default catalog/schema: neondb/public
	Autocommit mode: undefined/unknown
	Isolation level: READ_COMMITTED [default READ_COMMITTED]
	JDBC fetch size: none
	Pool: DataSourceConnectionProvider
	Minimum pool size: undefined/unknown
	Maximum pool size: undefined/unknown
2026-07-29 14:41:36.928 ERROR o.s.o.j.LocalContainerEntityManagerFactoryBean - Failed to initialize JPA EntityManagerFactory: Association 'com.flashcolorcard.springboot.app.entities.Sets.cards' is 'mappedBy' another entity and may not specify the '@JoinColumn'
2026-07-29 14:41:36.928 WARN  o.s.b.w.s.s.c.AnnotationConfigServletWebServerApplicationContext - Exception encountered during context initialization - cancelling refresh attempt: org.springframework.beans.factory.BeanCreationException: Error creating bean with name 'entityManagerFactory' defined in class path resource [org/springframework/boot/hibernate/autoconfigure/HibernateJpaConfiguration.class]: Association 'com.flashcolorcard.springboot.app.entities.Sets.cards' is 'mappedBy' another entity and may not specify the '@JoinColumn'
2026-07-29 14:41:36.928 INFO  com.zaxxer.hikari.HikariDataSource - HikariPool-9 - Shutdown initiated...
2026-07-29 14:41:37.187 INFO  com.zaxxer.hikari.HikariDataSource - HikariPool-9 - Shutdown completed.
2026-07-29 14:41:37.188 INFO  o.a.catalina.core.StandardService - Stopping service [Tomcat]
2026-07-29 14:41:37.203 INFO  o.s.b.a.l.ConditionEvaluationReportLogger - 

Error starting ApplicationContext. To display the condition evaluation report re-run your application with 'debug' enabled.
2026-07-29 14:41:37.206 ERROR o.s.boot.SpringApplication - Application run failed
org.springframework.beans.factory.BeanCreationException: Error creating bean with name 'entityManagerFactory' defined in class path resource [org/springframework/boot/hibernate/autoconfigure/HibernateJpaConfiguration.class]: Association 'com.flashcolorcard.springboot.app.entities.Sets.cards' is 'mappedBy' another entity and may not specify the '@JoinColumn'
	at org.springframework.beans.factory.support.AbstractAutowireCapableBeanFactory.initializeBean(AbstractAutowireCapableBeanFactory.java:1815)
	at org.springframework.beans.factory.support.AbstractAutowireCapableBeanFactory.doCreateBean(AbstractAutowireCapableBeanFactory.java:603)
	at org.springframework.beans.factory.support.AbstractAutowireCapableBeanFactory.createBean(AbstractAutowireCapableBeanFactory.java:525)
	at org.springframework.beans.factory.support.AbstractBeanFactory.lambda$doGetBean$0(AbstractBeanFactory.java:333)
	at org.springframework.beans.factory.support.DefaultSingletonBeanRegistry.getSingleton(DefaultSingletonBeanRegistry.java:371)
	at org.springframework.beans.factory.support.AbstractBeanFactory.doGetBean(AbstractBeanFactory.java:331)
	at org.springframework.beans.factory.support.AbstractBeanFactory.getBean(AbstractBeanFactory.java:201)
	at org.springframework.context.support.AbstractApplicationContext.finishBeanFactoryInitialization(AbstractApplicationContext.java:977)
	at org.springframework.context.support.AbstractApplicationContext.refresh(AbstractApplicationContext.java:621)
	at org.springframework.boot.web.server.servlet.context.ServletWebServerApplicationContext.refresh(ServletWebServerApplicationContext.java:143)
	at org.springframework.boot.SpringApplication.refresh(SpringApplication.java:756)
	at org.springframework.boot.SpringApplication.refreshContext(SpringApplication.java:445)
	at org.springframework.boot.SpringApplication.run(SpringApplication.java:321)
	at org.springframework.boot.SpringApplication.run(SpringApplication.java:1365)
	at org.springframework.boot.SpringApplication.run(SpringApplication.java:1354)
	at com.flashcolorcard.springboot.app.Application.main(Application.java:10)
	at java.base/jdk.internal.reflect.DirectMethodHandleAccessor.invoke(DirectMethodHandleAccessor.java:103)
	at java.base/java.lang.reflect.Method.invoke(Method.java:580)
	at org.springframework.boot.devtools.restart.RestartLauncher.run(RestartLauncher.java:52)
Caused by: org.hibernate.AnnotationException: Association 'com.flashcolorcard.springboot.app.entities.Sets.cards' is 'mappedBy' another entity and may not specify the '@JoinColumn'
	at org.hibernate.boot.model.internal.CollectionBinder.detectMappedByProblem(CollectionBinder.java:1120)
	at org.hibernate.boot.model.internal.CollectionBinder.bind(CollectionBinder.java:1063)
	at org.hibernate.boot.model.internal.CollectionBinder.bindCollection(CollectionBinder.java:312)
	at org.hibernate.boot.model.internal.PropertyBinder.bindProperty(PropertyBinder.java:934)
	at org.hibernate.boot.model.internal.PropertyBinder.buildProperty(PropertyBinder.java:831)
	at org.hibernate.boot.model.internal.PropertyBinder.processElementAnnotations(PropertyBinder.java:758)
	at org.hibernate.boot.model.internal.EntityBinder.processIdPropertiesIfNotAlready(EntityBinder.java:1132)
	at org.hibernate.boot.model.internal.EntityBinder.handleIdentifier(EntityBinder.java:443)
	at org.hibernate.boot.model.internal.EntityBinder.bindEntityClass(EntityBinder.java:259)
	at org.hibernate.boot.model.internal.AnnotationBinder.bindClass(AnnotationBinder.java:247)
	at org.hibernate.boot.model.source.internal.annotations.AnnotationMetadataSourceProcessorImpl.processEntityHierarchies(AnnotationMetadataSourceProcessorImpl.java:197)
	at org.hibernate.boot.model.process.spi.MetadataBuildingProcess$1.processEntityHierarchies(MetadataBuildingProcess.java:323)
	at org.hibernate.boot.model.process.spi.MetadataBuildingProcess.coordinateProcessors(MetadataBuildingProcess.java:356)
	at org.hibernate.boot.model.process.spi.MetadataBuildingProcess.complete(MetadataBuildingProcess.java:209)
	at org.hibernate.jpa.boot.internal.EntityManagerFactoryBuilderImpl.metadata(EntityManagerFactoryBuilderImpl.java:1388)
	at org.hibernate.jpa.boot.internal.EntityManagerFactoryBuilderImpl.populateSessionFactoryBuilder(EntityManagerFactoryBuilderImpl.java:1468)
	at org.hibernate.jpa.boot.internal.EntityManagerFactoryBuilderImpl.build(EntityManagerFactoryBuilderImpl.java:1450)
	at org.springframework.orm.jpa.vendor.SpringHibernateJpaPersistenceProvider.createContainerEntityManagerFactory(SpringHibernateJpaPersistenceProvider.java:93)
	at org.springframework.orm.jpa.LocalContainerEntityManagerFactoryBean.createNativeEntityManagerFactory(LocalContainerEntityManagerFactoryBean.java:443)
	at org.springframework.orm.jpa.AbstractEntityManagerFactoryBean.buildNativeEntityManagerFactory(AbstractEntityManagerFactoryBean.java:436)
	at org.springframework.orm.jpa.AbstractEntityManagerFactoryBean.afterPropertiesSet(AbstractEntityManagerFactoryBean.java:411)
	at org.springframework.orm.jpa.LocalContainerEntityManagerFactoryBean.afterPropertiesSet(LocalContainerEntityManagerFactoryBean.java:419)
	at org.springframework.beans.factory.support.AbstractAutowireCapableBeanFactory.invokeInitMethods(AbstractAutowireCapableBeanFactory.java:1862)
	at org.springframework.beans.factory.support.AbstractAutowireCapableBeanFactory.initializeBean(AbstractAutowireCapableBeanFactory.java:1811)
	... 18 common frames omitted
2026-07-29 14:42:45.422 INFO  c.f.springboot.app.Application - Starting Application using Java 21.0.2 with PID 26564 (C:\my projects\flashColorCardsApi\target\classes started by aleonmer in C:\my projects\flashColorCardsApi)
2026-07-29 14:42:45.423 DEBUG c.f.springboot.app.Application - Running with Spring Boot v4.1.0, Spring v7.0.8
2026-07-29 14:42:45.423 INFO  c.f.springboot.app.Application - The following 1 profile is active: "dev"
2026-07-29 14:42:45.745 INFO  o.s.d.r.c.RepositoryConfigurationDelegate - Bootstrapping Spring Data JPA repositories in DEFAULT mode.
2026-07-29 14:42:45.774 WARN  o.s.b.w.s.s.c.AnnotationConfigServletWebServerApplicationContext - Exception encountered during context initialization - cancelling refresh attempt: java.lang.TypeNotPresentException: Type com.flashcolorcard.springboot.app.entities.Sets not present
2026-07-29 14:42:45.776 INFO  o.s.b.a.l.ConditionEvaluationReportLogger - 

Error starting ApplicationContext. To display the condition evaluation report re-run your application with 'debug' enabled.
2026-07-29 14:42:45.779 ERROR o.s.boot.SpringApplication - Application run failed
java.lang.TypeNotPresentException: Type com.flashcolorcard.springboot.app.entities.Sets not present
	at java.base/sun.reflect.generics.factory.CoreReflectionFactory.makeNamedType(CoreReflectionFactory.java:117)
	at java.base/sun.reflect.generics.visitor.Reifier.visitClassTypeSignature(Reifier.java:125)
	at java.base/sun.reflect.generics.tree.ClassTypeSignature.accept(ClassTypeSignature.java:49)
	at java.base/sun.reflect.generics.visitor.Reifier.reifyTypeArguments(Reifier.java:68)
	at java.base/sun.reflect.generics.visitor.Reifier.visitClassTypeSignature(Reifier.java:138)
	at java.base/sun.reflect.generics.tree.ClassTypeSignature.accept(ClassTypeSignature.java:49)
	at java.base/sun.reflect.generics.repository.ClassRepository.computeSuperInterfaces(ClassRepository.java:117)
	at java.base/sun.reflect.generics.repository.ClassRepository.getSuperInterfaces(ClassRepository.java:95)
	at java.base/java.lang.Class.getGenericInterfaces(Class.java:1296)
	at org.springframework.core.ResolvableType.getInterfaces(ResolvableType.java:544)
	at org.springframework.core.ResolvableType.as(ResolvableType.java:492)
	at org.springframework.data.core.TypeDiscoverer.getSuperTypeInformation(TypeDiscoverer.java:266)
	at org.springframework.data.core.TypeInformation.getRequiredSuperTypeInformation(TypeInformation.java:328)
	at org.springframework.data.repository.core.support.DefaultRepositoryMetadata.<init>(DefaultRepositoryMetadata.java:55)
	at org.springframework.data.repository.core.support.AbstractRepositoryMetadata.getMetadata(AbstractRepositoryMetadata.java:79)
	at org.springframework.data.repository.config.RepositoryConfigurationExtensionSupport.getRepositoryConfigurations(RepositoryConfigurationExtensionSupport.java:93)
	at org.springframework.data.repository.config.RepositoryConfigurationDelegate.registerRepositoriesIn(RepositoryConfigurationDelegate.java:170)
	at org.springframework.boot.autoconfigure.data.AbstractRepositoryConfigurationSourceSupport.registerBeanDefinitions(AbstractRepositoryConfigurationSourceSupport.java:67)
	at org.springframework.context.annotation.ConfigurationClassBeanDefinitionReader.lambda$loadBeanDefinitionsFromImportBeanDefinitionRegistrars$0(ConfigurationClassBeanDefinitionReader.java:422)
	at java.base/java.util.LinkedHashMap.forEach(LinkedHashMap.java:986)
	at org.springframework.context.annotation.ConfigurationClassBeanDefinitionReader.loadBeanDefinitionsFromImportBeanDefinitionRegistrars(ConfigurationClassBeanDefinitionReader.java:421)
	at org.springframework.context.annotation.ConfigurationClassBeanDefinitionReader.loadBeanDefinitionsForConfigurationClass(ConfigurationClassBeanDefinitionReader.java:152)
	at org.springframework.context.annotation.ConfigurationClassBeanDefinitionReader.loadBeanDefinitions(ConfigurationClassBeanDefinitionReader.java:124)
	at org.springframework.context.annotation.ConfigurationClassPostProcessor.processConfigBeanDefinitions(ConfigurationClassPostProcessor.java:464)
	at org.springframework.context.annotation.ConfigurationClassPostProcessor.postProcessBeanDefinitionRegistry(ConfigurationClassPostProcessor.java:316)
	at org.springframework.context.support.PostProcessorRegistrationDelegate.invokeBeanDefinitionRegistryPostProcessors(PostProcessorRegistrationDelegate.java:349)
	at org.springframework.context.support.PostProcessorRegistrationDelegate.invokeBeanFactoryPostProcessors(PostProcessorRegistrationDelegate.java:118)
	at org.springframework.context.support.AbstractApplicationContext.invokeBeanFactoryPostProcessors(AbstractApplicationContext.java:795)
	at org.springframework.context.support.AbstractApplicationContext.refresh(AbstractApplicationContext.java:603)
	at org.springframework.boot.web.server.servlet.context.ServletWebServerApplicationContext.refresh(ServletWebServerApplicationContext.java:143)
	at org.springframework.boot.SpringApplication.refresh(SpringApplication.java:756)
	at org.springframework.boot.SpringApplication.refreshContext(SpringApplication.java:445)
	at org.springframework.boot.SpringApplication.run(SpringApplication.java:321)
	at org.springframework.boot.SpringApplication.run(SpringApplication.java:1365)
	at org.springframework.boot.SpringApplication.run(SpringApplication.java:1354)
	at com.flashcolorcard.springboot.app.Application.main(Application.java:10)
	at java.base/jdk.internal.reflect.DirectMethodHandleAccessor.invoke(DirectMethodHandleAccessor.java:103)
	at java.base/java.lang.reflect.Method.invoke(Method.java:580)
	at org.springframework.boot.devtools.restart.RestartLauncher.run(RestartLauncher.java:52)
Caused by: java.lang.ClassNotFoundException: com.flashcolorcard.springboot.app.entities.Sets
	at java.base/jdk.internal.loader.BuiltinClassLoader.loadClass(BuiltinClassLoader.java:641)
	at java.base/jdk.internal.loader.ClassLoaders$AppClassLoader.loadClass(ClassLoaders.java:188)
	at java.base/java.lang.ClassLoader.loadClass(ClassLoader.java:526)
	at java.base/java.lang.Class.forName0(Native Method)
	at java.base/java.lang.Class.forName(Class.java:534)
	at java.base/java.lang.Class.forName(Class.java:513)
	at org.springframework.boot.devtools.restart.classloader.RestartClassLoader.loadClass(RestartClassLoader.java:123)
	at java.base/java.lang.ClassLoader.loadClass(ClassLoader.java:526)
	at java.base/java.lang.Class.forName0(Native Method)
	at java.base/java.lang.Class.forName(Class.java:534)
	at java.base/java.lang.Class.forName(Class.java:513)
	at java.base/sun.reflect.generics.factory.CoreReflectionFactory.makeNamedType(CoreReflectionFactory.java:114)
	... 38 common frames omitted
2026-07-29 14:42:48.296 INFO  c.f.springboot.app.Application - Starting Application using Java 21.0.2 with PID 26564 (C:\my projects\flashColorCardsApi\target\classes started by aleonmer in C:\my projects\flashColorCardsApi)
2026-07-29 14:42:48.296 DEBUG c.f.springboot.app.Application - Running with Spring Boot v4.1.0, Spring v7.0.8
2026-07-29 14:42:48.296 INFO  c.f.springboot.app.Application - The following 1 profile is active: "dev"
2026-07-29 14:42:48.565 INFO  o.s.d.r.c.RepositoryConfigurationDelegate - Bootstrapping Spring Data JPA repositories in DEFAULT mode.
2026-07-29 14:42:48.591 INFO  o.s.d.r.c.RepositoryConfigurationDelegate - Finished Spring Data repository scanning in 24 ms. Found 3 JPA repository interfaces.
2026-07-29 14:42:48.685 INFO  o.s.boot.tomcat.TomcatWebServer - Tomcat initialized with port 8080 (http)
2026-07-29 14:42:48.686 INFO  o.a.coyote.http11.Http11NioProtocol - Initializing ProtocolHandler ["http-nio-8080"]
2026-07-29 14:42:48.686 INFO  o.a.catalina.core.StandardService - Starting service [Tomcat]
2026-07-29 14:42:48.686 INFO  o.a.catalina.core.StandardEngine - Starting Servlet engine: [Apache Tomcat/11.0.22]
2026-07-29 14:42:48.721 INFO  o.s.b.w.c.s.WebApplicationContextInitializer - Root WebApplicationContext: initialization completed in 423 ms
2026-07-29 14:42:48.762 INFO  org.hibernate.orm.jpa - HHH008540: Processing PersistenceUnitInfo [name: default]
2026-07-29 14:42:48.797 INFO  o.s.o.j.p.SpringPersistenceUnitInfo - No LoadTimeWeaver setup: ignoring JPA class transformer
2026-07-29 14:42:48.798 INFO  com.zaxxer.hikari.HikariDataSource - HikariPool-10 - Starting...
2026-07-29 14:42:49.219 INFO  com.zaxxer.hikari.pool.HikariPool - HikariPool-10 - Added connection org.postgresql.jdbc.PgConnection@6c109b69
2026-07-29 14:42:49.220 INFO  com.zaxxer.hikari.HikariDataSource - HikariPool-10 - Start completed.
2026-07-29 14:42:49.292 WARN  org.hibernate.orm.deprecation - HHH90000025: PostgreSQLDialect does not need to be specified explicitly using 'hibernate.dialect' (remove the property setting and it will be selected by default)
2026-07-29 14:42:49.469 INFO  o.hibernate.orm.connections.pooling - HHH10001005: Database info:
	Database JDBC URL [jdbc:postgresql://ep-super-river-ab15ua67-pooler.eu-west-2.aws.neon.tech/neondb]
	Database driver: PostgreSQL JDBC Driver
	Database dialect: PostgreSQLDialect
	Database version: 18.4
	Default catalog/schema: neondb/public
	Autocommit mode: undefined/unknown
	Isolation level: READ_COMMITTED [default READ_COMMITTED]
	JDBC fetch size: none
	Pool: DataSourceConnectionProvider
	Minimum pool size: undefined/unknown
	Maximum pool size: undefined/unknown
2026-07-29 14:42:49.648 INFO  org.hibernate.orm.core - HHH000489: No JTA platform available (set 'hibernate.transaction.jta.platform' to enable JTA platform integration)
2026-07-29 14:42:49.649 INFO  o.s.o.j.LocalContainerEntityManagerFactoryBean - Initialized JPA EntityManagerFactory for persistence unit 'default'
2026-07-29 14:42:49.801 INFO  o.s.s.c.a.a.c.InitializeUserDetailsBeanManagerConfigurer$InitializeUserDetailsManagerConfigurer - Global AuthenticationManager configured with UserDetailsService bean with name userDetailsService
2026-07-29 14:42:49.916 WARN  o.s.b.j.a.JpaBaseConfiguration$JpaWebConfiguration - spring.jpa.open-in-view is enabled by default. Therefore, database queries may be performed during view rendering. Explicitly configure spring.jpa.open-in-view to disable this warning
2026-07-29 14:42:50.204 INFO  o.a.coyote.http11.Http11NioProtocol - Starting ProtocolHandler ["http-nio-8080"]
2026-07-29 14:42:50.219 INFO  o.s.boot.tomcat.TomcatWebServer - Tomcat started on port 8080 (http) with context path '/'
2026-07-29 14:42:50.226 INFO  c.f.springboot.app.Application - Started Application in 1.965 seconds (process running for 2103.228)
2026-07-29 14:42:50.228 WARN  o.s.c.events.SpringDocAppInitializer - SpringDoc /v3/api-docs endpoint is enabled by default. To disable it in production, set the property 'springdoc.api-docs.enabled=false'
2026-07-29 14:42:50.228 WARN  o.s.c.events.SpringDocAppInitializer - SpringDoc /swagger-ui.html endpoint is enabled by default. To disable it in production, set the property 'springdoc.swagger-ui.enabled=false'
2026-07-29 14:42:50.230 INFO  o.s.b.d.a.ConditionEvaluationDeltaLoggingListener - Condition evaluation unchanged
2026-07-29 14:43:16.213 INFO  o.a.c.c.C.[Tomcat-4].[localhost].[/] - Initializing Spring DispatcherServlet 'dispatcherServlet'
2026-07-29 14:43:16.213 INFO  o.s.web.servlet.DispatcherServlet - Initializing Servlet 'dispatcherServlet'
2026-07-29 14:43:16.215 INFO  o.s.web.servlet.DispatcherServlet - Completed initialization in 2 ms
2026-07-29 14:43:17.207 INFO  o.s.api.AbstractOpenApiResource - Init duration for springdoc-openapi is: 381 ms
2026-07-29 14:48:10.860 INFO  o.s.b.d.a.LocalDevToolsAutoConfiguration$RestartingClassPathChangeChangedEventListener - Restarting due to 1 class path change (0 additions, 1 deletion, 0 modifications)
2026-07-29 14:48:10.862 INFO  o.s.boot.tomcat.GracefulShutdown - Commencing graceful shutdown. Waiting for active requests to complete
2026-07-29 14:48:10.863 INFO  o.a.coyote.http11.Http11NioProtocol - Pausing ProtocolHandler ["http-nio-8080"]
2026-07-29 14:48:10.870 INFO  o.s.boot.tomcat.GracefulShutdown - Graceful shutdown complete
2026-07-29 14:48:10.871 INFO  o.a.coyote.http11.Http11NioProtocol - Stopping ProtocolHandler ["http-nio-8080"]
2026-07-29 14:48:10.873 INFO  o.s.o.j.LocalContainerEntityManagerFactoryBean - Closing JPA EntityManagerFactory for persistence unit 'default'
2026-07-29 14:48:10.874 INFO  com.zaxxer.hikari.HikariDataSource - HikariPool-10 - Shutdown initiated...
2026-07-29 14:48:11.283 INFO  com.zaxxer.hikari.HikariDataSource - HikariPool-10 - Shutdown completed.
2026-07-29 14:48:11.417 INFO  c.f.springboot.app.Application - Starting Application using Java 21.0.2 with PID 26564 (C:\my projects\flashColorCardsApi\target\classes started by aleonmer in C:\my projects\flashColorCardsApi)
2026-07-29 14:48:11.418 DEBUG c.f.springboot.app.Application - Running with Spring Boot v4.1.0, Spring v7.0.8
2026-07-29 14:48:11.418 INFO  c.f.springboot.app.Application - The following 1 profile is active: "dev"
2026-07-29 14:48:11.698 INFO  o.s.d.r.c.RepositoryConfigurationDelegate - Bootstrapping Spring Data JPA repositories in DEFAULT mode.
2026-07-29 14:48:11.712 WARN  o.s.b.w.s.s.c.AnnotationConfigServletWebServerApplicationContext - Exception encountered during context initialization - cancelling refresh attempt: java.lang.TypeNotPresentException: Type com.flashcolorcard.springboot.app.entities.Card not present
2026-07-29 14:48:11.713 INFO  o.s.b.a.l.ConditionEvaluationReportLogger - 

Error starting ApplicationContext. To display the condition evaluation report re-run your application with 'debug' enabled.
2026-07-29 14:48:11.714 ERROR o.s.boot.SpringApplication - Application run failed
java.lang.TypeNotPresentException: Type com.flashcolorcard.springboot.app.entities.Card not present
	at java.base/sun.reflect.generics.factory.CoreReflectionFactory.makeNamedType(CoreReflectionFactory.java:117)
	at java.base/sun.reflect.generics.visitor.Reifier.visitClassTypeSignature(Reifier.java:125)
	at java.base/sun.reflect.generics.tree.ClassTypeSignature.accept(ClassTypeSignature.java:49)
	at java.base/sun.reflect.generics.visitor.Reifier.reifyTypeArguments(Reifier.java:68)
	at java.base/sun.reflect.generics.visitor.Reifier.visitClassTypeSignature(Reifier.java:138)
	at java.base/sun.reflect.generics.tree.ClassTypeSignature.accept(ClassTypeSignature.java:49)
	at java.base/sun.reflect.generics.repository.ClassRepository.computeSuperInterfaces(ClassRepository.java:117)
	at java.base/sun.reflect.generics.repository.ClassRepository.getSuperInterfaces(ClassRepository.java:95)
	at java.base/java.lang.Class.getGenericInterfaces(Class.java:1296)
	at org.springframework.core.ResolvableType.getInterfaces(ResolvableType.java:544)
	at org.springframework.core.ResolvableType.as(ResolvableType.java:492)
	at org.springframework.data.core.TypeDiscoverer.getSuperTypeInformation(TypeDiscoverer.java:266)
	at org.springframework.data.core.TypeInformation.getRequiredSuperTypeInformation(TypeInformation.java:328)
	at org.springframework.data.repository.core.support.DefaultRepositoryMetadata.<init>(DefaultRepositoryMetadata.java:55)
	at org.springframework.data.repository.core.support.AbstractRepositoryMetadata.getMetadata(AbstractRepositoryMetadata.java:79)
	at org.springframework.data.repository.config.RepositoryConfigurationExtensionSupport.getRepositoryConfigurations(RepositoryConfigurationExtensionSupport.java:93)
	at org.springframework.data.repository.config.RepositoryConfigurationDelegate.registerRepositoriesIn(RepositoryConfigurationDelegate.java:170)
	at org.springframework.boot.autoconfigure.data.AbstractRepositoryConfigurationSourceSupport.registerBeanDefinitions(AbstractRepositoryConfigurationSourceSupport.java:67)
	at org.springframework.context.annotation.ConfigurationClassBeanDefinitionReader.lambda$loadBeanDefinitionsFromImportBeanDefinitionRegistrars$0(ConfigurationClassBeanDefinitionReader.java:422)
	at java.base/java.util.LinkedHashMap.forEach(LinkedHashMap.java:986)
	at org.springframework.context.annotation.ConfigurationClassBeanDefinitionReader.loadBeanDefinitionsFromImportBeanDefinitionRegistrars(ConfigurationClassBeanDefinitionReader.java:421)
	at org.springframework.context.annotation.ConfigurationClassBeanDefinitionReader.loadBeanDefinitionsForConfigurationClass(ConfigurationClassBeanDefinitionReader.java:152)
	at org.springframework.context.annotation.ConfigurationClassBeanDefinitionReader.loadBeanDefinitions(ConfigurationClassBeanDefinitionReader.java:124)
	at org.springframework.context.annotation.ConfigurationClassPostProcessor.processConfigBeanDefinitions(ConfigurationClassPostProcessor.java:464)
	at org.springframework.context.annotation.ConfigurationClassPostProcessor.postProcessBeanDefinitionRegistry(ConfigurationClassPostProcessor.java:316)
	at org.springframework.context.support.PostProcessorRegistrationDelegate.invokeBeanDefinitionRegistryPostProcessors(PostProcessorRegistrationDelegate.java:349)
	at org.springframework.context.support.PostProcessorRegistrationDelegate.invokeBeanFactoryPostProcessors(PostProcessorRegistrationDelegate.java:118)
	at org.springframework.context.support.AbstractApplicationContext.invokeBeanFactoryPostProcessors(AbstractApplicationContext.java:795)
	at org.springframework.context.support.AbstractApplicationContext.refresh(AbstractApplicationContext.java:603)
	at org.springframework.boot.web.server.servlet.context.ServletWebServerApplicationContext.refresh(ServletWebServerApplicationContext.java:143)
	at org.springframework.boot.SpringApplication.refresh(SpringApplication.java:756)
	at org.springframework.boot.SpringApplication.refreshContext(SpringApplication.java:445)
	at org.springframework.boot.SpringApplication.run(SpringApplication.java:321)
	at org.springframework.boot.SpringApplication.run(SpringApplication.java:1365)
	at org.springframework.boot.SpringApplication.run(SpringApplication.java:1354)
	at com.flashcolorcard.springboot.app.Application.main(Application.java:10)
	at java.base/jdk.internal.reflect.DirectMethodHandleAccessor.invoke(DirectMethodHandleAccessor.java:103)
	at java.base/java.lang.reflect.Method.invoke(Method.java:580)
	at org.springframework.boot.devtools.restart.RestartLauncher.run(RestartLauncher.java:52)
Caused by: java.lang.ClassNotFoundException: com.flashcolorcard.springboot.app.entities.Card
	at java.base/jdk.internal.loader.BuiltinClassLoader.loadClass(BuiltinClassLoader.java:641)
	at java.base/jdk.internal.loader.ClassLoaders$AppClassLoader.loadClass(ClassLoaders.java:188)
	at java.base/java.lang.ClassLoader.loadClass(ClassLoader.java:526)
	at java.base/java.lang.Class.forName0(Native Method)
	at java.base/java.lang.Class.forName(Class.java:534)
	at java.base/java.lang.Class.forName(Class.java:513)
	at org.springframework.boot.devtools.restart.classloader.RestartClassLoader.loadClass(RestartClassLoader.java:123)
	at java.base/java.lang.ClassLoader.loadClass(ClassLoader.java:526)
	at java.base/java.lang.Class.forName0(Native Method)
	at java.base/java.lang.Class.forName(Class.java:534)
	at java.base/java.lang.Class.forName(Class.java:513)
	at java.base/sun.reflect.generics.factory.CoreReflectionFactory.makeNamedType(CoreReflectionFactory.java:114)
	... 38 common frames omitted
2026-07-29 14:48:13.194 INFO  c.f.springboot.app.Application - Starting Application using Java 21.0.2 with PID 26564 (C:\my projects\flashColorCardsApi\target\classes started by aleonmer in C:\my projects\flashColorCardsApi)
2026-07-29 14:48:13.194 DEBUG c.f.springboot.app.Application - Running with Spring Boot v4.1.0, Spring v7.0.8
2026-07-29 14:48:13.194 INFO  c.f.springboot.app.Application - The following 1 profile is active: "dev"
2026-07-29 14:48:13.404 INFO  o.s.d.r.c.RepositoryConfigurationDelegate - Bootstrapping Spring Data JPA repositories in DEFAULT mode.
2026-07-29 14:48:13.443 INFO  o.s.d.r.c.RepositoryConfigurationDelegate - Finished Spring Data repository scanning in 37 ms. Found 3 JPA repository interfaces.
2026-07-29 14:48:13.574 INFO  o.s.boot.tomcat.TomcatWebServer - Tomcat initialized with port 8080 (http)
2026-07-29 14:48:13.576 INFO  o.a.coyote.http11.Http11NioProtocol - Initializing ProtocolHandler ["http-nio-8080"]
2026-07-29 14:48:13.577 INFO  o.a.catalina.core.StandardService - Starting service [Tomcat]
2026-07-29 14:48:13.577 INFO  o.a.catalina.core.StandardEngine - Starting Servlet engine: [Apache Tomcat/11.0.22]
2026-07-29 14:48:13.616 INFO  o.s.b.w.c.s.WebApplicationContextInitializer - Root WebApplicationContext: initialization completed in 419 ms
2026-07-29 14:48:13.666 INFO  org.hibernate.orm.jpa - HHH008540: Processing PersistenceUnitInfo [name: default]
2026-07-29 14:48:13.700 INFO  o.s.o.j.p.SpringPersistenceUnitInfo - No LoadTimeWeaver setup: ignoring JPA class transformer
2026-07-29 14:48:13.702 INFO  com.zaxxer.hikari.HikariDataSource - HikariPool-11 - Starting...
2026-07-29 14:48:14.145 INFO  com.zaxxer.hikari.pool.HikariPool - HikariPool-11 - Added connection org.postgresql.jdbc.PgConnection@2209c3f9
2026-07-29 14:48:14.145 INFO  com.zaxxer.hikari.HikariDataSource - HikariPool-11 - Start completed.
2026-07-29 14:48:14.191 WARN  org.hibernate.orm.deprecation - HHH90000025: PostgreSQLDialect does not need to be specified explicitly using 'hibernate.dialect' (remove the property setting and it will be selected by default)
2026-07-29 14:48:14.366 INFO  o.hibernate.orm.connections.pooling - HHH10001005: Database info:
	Database JDBC URL [jdbc:postgresql://ep-super-river-ab15ua67-pooler.eu-west-2.aws.neon.tech/neondb]
	Database driver: PostgreSQL JDBC Driver
	Database dialect: PostgreSQLDialect
	Database version: 18.4
	Default catalog/schema: neondb/public
	Autocommit mode: undefined/unknown
	Isolation level: READ_COMMITTED [default READ_COMMITTED]
	JDBC fetch size: none
	Pool: DataSourceConnectionProvider
	Minimum pool size: undefined/unknown
	Maximum pool size: undefined/unknown
2026-07-29 14:48:14.468 INFO  org.hibernate.orm.core - HHH000489: No JTA platform available (set 'hibernate.transaction.jta.platform' to enable JTA platform integration)
2026-07-29 14:48:14.469 INFO  o.s.o.j.LocalContainerEntityManagerFactoryBean - Initialized JPA EntityManagerFactory for persistence unit 'default'
2026-07-29 14:48:14.524 INFO  o.s.s.c.a.a.c.InitializeUserDetailsBeanManagerConfigurer$InitializeUserDetailsManagerConfigurer - Global AuthenticationManager configured with UserDetailsService bean with name userDetailsService
2026-07-29 14:48:14.592 WARN  o.s.b.j.a.JpaBaseConfiguration$JpaWebConfiguration - spring.jpa.open-in-view is enabled by default. Therefore, database queries may be performed during view rendering. Explicitly configure spring.jpa.open-in-view to disable this warning
2026-07-29 14:48:14.728 INFO  o.a.coyote.http11.Http11NioProtocol - Starting ProtocolHandler ["http-nio-8080"]
2026-07-29 14:48:14.735 INFO  o.s.boot.tomcat.TomcatWebServer - Tomcat started on port 8080 (http) with context path '/'
2026-07-29 14:48:14.737 INFO  c.f.springboot.app.Application - Started Application in 1.57 seconds (process running for 2427.666)
2026-07-29 14:48:14.738 WARN  o.s.c.events.SpringDocAppInitializer - SpringDoc /v3/api-docs endpoint is enabled by default. To disable it in production, set the property 'springdoc.api-docs.enabled=false'
2026-07-29 14:48:14.738 WARN  o.s.c.events.SpringDocAppInitializer - SpringDoc /swagger-ui.html endpoint is enabled by default. To disable it in production, set the property 'springdoc.swagger-ui.enabled=false'
2026-07-29 14:48:14.738 INFO  o.s.b.d.a.ConditionEvaluationDeltaLoggingListener - Condition evaluation unchanged
2026-07-29 14:48:45.820 INFO  o.a.c.c.C.[Tomcat-4].[localhost].[/] - Initializing Spring DispatcherServlet 'dispatcherServlet'
2026-07-29 14:48:45.821 INFO  o.s.web.servlet.DispatcherServlet - Initializing Servlet 'dispatcherServlet'
2026-07-29 14:48:45.823 INFO  o.s.web.servlet.DispatcherServlet - Completed initialization in 2 ms
2026-07-29 14:48:46.629 INFO  o.s.api.AbstractOpenApiResource - Init duration for springdoc-openapi is: 291 ms
2026-07-29 14:50:56.446 INFO  o.s.b.d.a.LocalDevToolsAutoConfiguration$RestartingClassPathChangeChangedEventListener - Restarting due to 2 class path changes (0 additions, 2 deletions, 0 modifications)
2026-07-29 14:50:56.448 INFO  o.s.boot.tomcat.GracefulShutdown - Commencing graceful shutdown. Waiting for active requests to complete
2026-07-29 14:50:56.450 INFO  o.a.coyote.http11.Http11NioProtocol - Pausing ProtocolHandler ["http-nio-8080"]
2026-07-29 14:50:56.457 INFO  o.s.boot.tomcat.GracefulShutdown - Graceful shutdown complete
2026-07-29 14:50:56.458 INFO  o.a.coyote.http11.Http11NioProtocol - Stopping ProtocolHandler ["http-nio-8080"]
2026-07-29 14:50:56.460 INFO  o.s.o.j.LocalContainerEntityManagerFactoryBean - Closing JPA EntityManagerFactory for persistence unit 'default'
2026-07-29 14:50:56.460 INFO  com.zaxxer.hikari.HikariDataSource - HikariPool-11 - Shutdown initiated...
2026-07-29 14:50:56.880 INFO  com.zaxxer.hikari.HikariDataSource - HikariPool-11 - Shutdown completed.
2026-07-29 14:50:57.039 INFO  c.f.springboot.app.Application - Starting Application using Java 21.0.2 with PID 26564 (C:\my projects\flashColorCardsApi\target\classes started by aleonmer in C:\my projects\flashColorCardsApi)
2026-07-29 14:50:57.039 DEBUG c.f.springboot.app.Application - Running with Spring Boot v4.1.0, Spring v7.0.8
2026-07-29 14:50:57.039 INFO  c.f.springboot.app.Application - The following 1 profile is active: "dev"
2026-07-29 14:50:57.308 INFO  o.s.d.r.c.RepositoryConfigurationDelegate - Bootstrapping Spring Data JPA repositories in DEFAULT mode.
2026-07-29 14:50:57.321 WARN  o.s.b.w.s.s.c.AnnotationConfigServletWebServerApplicationContext - Exception encountered during context initialization - cancelling refresh attempt: java.lang.TypeNotPresentException: Type com.flashcolorcard.springboot.app.entities.Card not present
2026-07-29 14:50:57.323 INFO  o.s.b.a.l.ConditionEvaluationReportLogger - 

Error starting ApplicationContext. To display the condition evaluation report re-run your application with 'debug' enabled.
2026-07-29 14:50:57.325 ERROR o.s.boot.SpringApplication - Application run failed
java.lang.TypeNotPresentException: Type com.flashcolorcard.springboot.app.entities.Card not present
	at java.base/sun.reflect.generics.factory.CoreReflectionFactory.makeNamedType(CoreReflectionFactory.java:117)
	at java.base/sun.reflect.generics.visitor.Reifier.visitClassTypeSignature(Reifier.java:125)
	at java.base/sun.reflect.generics.tree.ClassTypeSignature.accept(ClassTypeSignature.java:49)
	at java.base/sun.reflect.generics.visitor.Reifier.reifyTypeArguments(Reifier.java:68)
	at java.base/sun.reflect.generics.visitor.Reifier.visitClassTypeSignature(Reifier.java:138)
	at java.base/sun.reflect.generics.tree.ClassTypeSignature.accept(ClassTypeSignature.java:49)
	at java.base/sun.reflect.generics.repository.ClassRepository.computeSuperInterfaces(ClassRepository.java:117)
	at java.base/sun.reflect.generics.repository.ClassRepository.getSuperInterfaces(ClassRepository.java:95)
	at java.base/java.lang.Class.getGenericInterfaces(Class.java:1296)
	at org.springframework.core.ResolvableType.getInterfaces(ResolvableType.java:544)
	at org.springframework.core.ResolvableType.as(ResolvableType.java:492)
	at org.springframework.data.core.TypeDiscoverer.getSuperTypeInformation(TypeDiscoverer.java:266)
	at org.springframework.data.core.TypeInformation.getRequiredSuperTypeInformation(TypeInformation.java:328)
	at org.springframework.data.repository.core.support.DefaultRepositoryMetadata.<init>(DefaultRepositoryMetadata.java:55)
	at org.springframework.data.repository.core.support.AbstractRepositoryMetadata.getMetadata(AbstractRepositoryMetadata.java:79)
	at org.springframework.data.repository.config.RepositoryConfigurationExtensionSupport.getRepositoryConfigurations(RepositoryConfigurationExtensionSupport.java:93)
	at org.springframework.data.repository.config.RepositoryConfigurationDelegate.registerRepositoriesIn(RepositoryConfigurationDelegate.java:170)
	at org.springframework.boot.autoconfigure.data.AbstractRepositoryConfigurationSourceSupport.registerBeanDefinitions(AbstractRepositoryConfigurationSourceSupport.java:67)
	at org.springframework.context.annotation.ConfigurationClassBeanDefinitionReader.lambda$loadBeanDefinitionsFromImportBeanDefinitionRegistrars$0(ConfigurationClassBeanDefinitionReader.java:422)
	at java.base/java.util.LinkedHashMap.forEach(LinkedHashMap.java:986)
	at org.springframework.context.annotation.ConfigurationClassBeanDefinitionReader.loadBeanDefinitionsFromImportBeanDefinitionRegistrars(ConfigurationClassBeanDefinitionReader.java:421)
	at org.springframework.context.annotation.ConfigurationClassBeanDefinitionReader.loadBeanDefinitionsForConfigurationClass(ConfigurationClassBeanDefinitionReader.java:152)
	at org.springframework.context.annotation.ConfigurationClassBeanDefinitionReader.loadBeanDefinitions(ConfigurationClassBeanDefinitionReader.java:124)
	at org.springframework.context.annotation.ConfigurationClassPostProcessor.processConfigBeanDefinitions(ConfigurationClassPostProcessor.java:464)
	at org.springframework.context.annotation.ConfigurationClassPostProcessor.postProcessBeanDefinitionRegistry(ConfigurationClassPostProcessor.java:316)
	at org.springframework.context.support.PostProcessorRegistrationDelegate.invokeBeanDefinitionRegistryPostProcessors(PostProcessorRegistrationDelegate.java:349)
	at org.springframework.context.support.PostProcessorRegistrationDelegate.invokeBeanFactoryPostProcessors(PostProcessorRegistrationDelegate.java:118)
	at org.springframework.context.support.AbstractApplicationContext.invokeBeanFactoryPostProcessors(AbstractApplicationContext.java:795)
	at org.springframework.context.support.AbstractApplicationContext.refresh(AbstractApplicationContext.java:603)
	at org.springframework.boot.web.server.servlet.context.ServletWebServerApplicationContext.refresh(ServletWebServerApplicationContext.java:143)
	at org.springframework.boot.SpringApplication.refresh(SpringApplication.java:756)
	at org.springframework.boot.SpringApplication.refreshContext(SpringApplication.java:445)
	at org.springframework.boot.SpringApplication.run(SpringApplication.java:321)
	at org.springframework.boot.SpringApplication.run(SpringApplication.java:1365)
	at org.springframework.boot.SpringApplication.run(SpringApplication.java:1354)
	at com.flashcolorcard.springboot.app.Application.main(Application.java:10)
	at java.base/jdk.internal.reflect.DirectMethodHandleAccessor.invoke(DirectMethodHandleAccessor.java:103)
	at java.base/java.lang.reflect.Method.invoke(Method.java:580)
	at org.springframework.boot.devtools.restart.RestartLauncher.run(RestartLauncher.java:52)
Caused by: java.lang.ClassNotFoundException: com.flashcolorcard.springboot.app.entities.Card
	at java.base/jdk.internal.loader.BuiltinClassLoader.loadClass(BuiltinClassLoader.java:641)
	at java.base/jdk.internal.loader.ClassLoaders$AppClassLoader.loadClass(ClassLoaders.java:188)
	at java.base/java.lang.ClassLoader.loadClass(ClassLoader.java:526)
	at java.base/java.lang.Class.forName0(Native Method)
	at java.base/java.lang.Class.forName(Class.java:534)
	at java.base/java.lang.Class.forName(Class.java:513)
	at org.springframework.boot.devtools.restart.classloader.RestartClassLoader.loadClass(RestartClassLoader.java:123)
	at java.base/java.lang.ClassLoader.loadClass(ClassLoader.java:526)
	at java.base/java.lang.Class.forName0(Native Method)
	at java.base/java.lang.Class.forName(Class.java:534)
	at java.base/java.lang.Class.forName(Class.java:513)
	at java.base/sun.reflect.generics.factory.CoreReflectionFactory.makeNamedType(CoreReflectionFactory.java:114)
	... 38 common frames omitted
2026-07-29 14:50:59.863 INFO  c.f.springboot.app.Application - Starting Application using Java 21.0.2 with PID 26564 (C:\my projects\flashColorCardsApi\target\classes started by aleonmer in C:\my projects\flashColorCardsApi)
2026-07-29 14:50:59.863 DEBUG c.f.springboot.app.Application - Running with Spring Boot v4.1.0, Spring v7.0.8
2026-07-29 14:50:59.863 INFO  c.f.springboot.app.Application - The following 1 profile is active: "dev"
2026-07-29 14:51:00.141 INFO  o.s.d.r.c.RepositoryConfigurationDelegate - Bootstrapping Spring Data JPA repositories in DEFAULT mode.
2026-07-29 14:51:00.180 INFO  o.s.d.r.c.RepositoryConfigurationDelegate - Finished Spring Data repository scanning in 34 ms. Found 3 JPA repository interfaces.
2026-07-29 14:51:00.285 INFO  o.s.boot.tomcat.TomcatWebServer - Tomcat initialized with port 8080 (http)
2026-07-29 14:51:00.286 INFO  o.a.coyote.http11.Http11NioProtocol - Initializing ProtocolHandler ["http-nio-8080"]
2026-07-29 14:51:00.286 INFO  o.a.catalina.core.StandardService - Starting service [Tomcat]
2026-07-29 14:51:00.286 INFO  o.a.catalina.core.StandardEngine - Starting Servlet engine: [Apache Tomcat/11.0.22]
2026-07-29 14:51:00.336 INFO  o.s.b.w.c.s.WebApplicationContextInitializer - Root WebApplicationContext: initialization completed in 471 ms
2026-07-29 14:51:00.409 INFO  org.hibernate.orm.jpa - HHH008540: Processing PersistenceUnitInfo [name: default]
2026-07-29 14:51:00.450 INFO  o.s.o.j.p.SpringPersistenceUnitInfo - No LoadTimeWeaver setup: ignoring JPA class transformer
2026-07-29 14:51:00.452 INFO  com.zaxxer.hikari.HikariDataSource - HikariPool-12 - Starting...
2026-07-29 14:51:00.866 INFO  com.zaxxer.hikari.pool.HikariPool - HikariPool-12 - Added connection org.postgresql.jdbc.PgConnection@850e6fd
2026-07-29 14:51:00.868 INFO  com.zaxxer.hikari.HikariDataSource - HikariPool-12 - Start completed.
2026-07-29 14:51:00.913 WARN  org.hibernate.orm.deprecation - HHH90000025: PostgreSQLDialect does not need to be specified explicitly using 'hibernate.dialect' (remove the property setting and it will be selected by default)
2026-07-29 14:51:01.085 INFO  o.hibernate.orm.connections.pooling - HHH10001005: Database info:
	Database JDBC URL [jdbc:postgresql://ep-super-river-ab15ua67-pooler.eu-west-2.aws.neon.tech/neondb]
	Database driver: PostgreSQL JDBC Driver
	Database dialect: PostgreSQLDialect
	Database version: 18.4
	Default catalog/schema: neondb/public
	Autocommit mode: undefined/unknown
	Isolation level: READ_COMMITTED [default READ_COMMITTED]
	JDBC fetch size: none
	Pool: DataSourceConnectionProvider
	Minimum pool size: undefined/unknown
	Maximum pool size: undefined/unknown
2026-07-29 14:51:01.104 ERROR o.s.o.j.LocalContainerEntityManagerFactoryBean - Failed to initialize JPA EntityManagerFactory: A '@JoinColumn' references a column named 'id_set' but the target entity 'com.flashcolorcard.springboot.app.entities.Sets' has no property which maps to this column
2026-07-29 14:51:01.105 WARN  o.s.b.w.s.s.c.AnnotationConfigServletWebServerApplicationContext - Exception encountered during context initialization - cancelling refresh attempt: org.springframework.beans.factory.BeanCreationException: Error creating bean with name 'entityManagerFactory' defined in class path resource [org/springframework/boot/hibernate/autoconfigure/HibernateJpaConfiguration.class]: A '@JoinColumn' references a column named 'id_set' but the target entity 'com.flashcolorcard.springboot.app.entities.Sets' has no property which maps to this column
2026-07-29 14:51:01.105 INFO  com.zaxxer.hikari.HikariDataSource - HikariPool-12 - Shutdown initiated...
2026-07-29 14:51:01.364 INFO  com.zaxxer.hikari.HikariDataSource - HikariPool-12 - Shutdown completed.
2026-07-29 14:51:01.365 INFO  o.a.catalina.core.StandardService - Stopping service [Tomcat]
2026-07-29 14:51:01.385 INFO  o.s.b.a.l.ConditionEvaluationReportLogger - 

Error starting ApplicationContext. To display the condition evaluation report re-run your application with 'debug' enabled.
2026-07-29 14:51:01.388 ERROR o.s.boot.SpringApplication - Application run failed
org.springframework.beans.factory.BeanCreationException: Error creating bean with name 'entityManagerFactory' defined in class path resource [org/springframework/boot/hibernate/autoconfigure/HibernateJpaConfiguration.class]: A '@JoinColumn' references a column named 'id_set' but the target entity 'com.flashcolorcard.springboot.app.entities.Sets' has no property which maps to this column
	at org.springframework.beans.factory.support.AbstractAutowireCapableBeanFactory.initializeBean(AbstractAutowireCapableBeanFactory.java:1815)
	at org.springframework.beans.factory.support.AbstractAutowireCapableBeanFactory.doCreateBean(AbstractAutowireCapableBeanFactory.java:603)
	at org.springframework.beans.factory.support.AbstractAutowireCapableBeanFactory.createBean(AbstractAutowireCapableBeanFactory.java:525)
	at org.springframework.beans.factory.support.AbstractBeanFactory.lambda$doGetBean$0(AbstractBeanFactory.java:333)
	at org.springframework.beans.factory.support.DefaultSingletonBeanRegistry.getSingleton(DefaultSingletonBeanRegistry.java:371)
	at org.springframework.beans.factory.support.AbstractBeanFactory.doGetBean(AbstractBeanFactory.java:331)
	at org.springframework.beans.factory.support.AbstractBeanFactory.getBean(AbstractBeanFactory.java:201)
	at org.springframework.context.support.AbstractApplicationContext.finishBeanFactoryInitialization(AbstractApplicationContext.java:977)
	at org.springframework.context.support.AbstractApplicationContext.refresh(AbstractApplicationContext.java:621)
	at org.springframework.boot.web.server.servlet.context.ServletWebServerApplicationContext.refresh(ServletWebServerApplicationContext.java:143)
	at org.springframework.boot.SpringApplication.refresh(SpringApplication.java:756)
	at org.springframework.boot.SpringApplication.refreshContext(SpringApplication.java:445)
	at org.springframework.boot.SpringApplication.run(SpringApplication.java:321)
	at org.springframework.boot.SpringApplication.run(SpringApplication.java:1365)
	at org.springframework.boot.SpringApplication.run(SpringApplication.java:1354)
	at com.flashcolorcard.springboot.app.Application.main(Application.java:10)
	at java.base/jdk.internal.reflect.DirectMethodHandleAccessor.invoke(DirectMethodHandleAccessor.java:103)
	at java.base/java.lang.reflect.Method.invoke(Method.java:580)
	at org.springframework.boot.devtools.restart.RestartLauncher.run(RestartLauncher.java:52)
Caused by: org.hibernate.boot.internal.FailedSecondPassException: A '@JoinColumn' references a column named 'id_set' but the target entity 'com.flashcolorcard.springboot.app.entities.Sets' has no property which maps to this column
	at org.hibernate.boot.model.internal.AnnotatedJoinColumns.getReferencedColumnsType(AnnotatedJoinColumns.java:350)
	at org.hibernate.boot.model.internal.BinderHelper.createSyntheticPropertyReference(BinderHelper.java:146)
	at org.hibernate.boot.model.internal.CollectionBinder.bindCollectionSecondPass(CollectionBinder.java:2655)
	at org.hibernate.boot.model.internal.CollectionBinder.bindOneToManySecondPass(CollectionBinder.java:1592)
	at org.hibernate.boot.model.internal.CollectionBinder.bindStarToManySecondPass(CollectionBinder.java:1475)
	at org.hibernate.boot.model.internal.CollectionBinder$1.secondPass(CollectionBinder.java:1464)
	at org.hibernate.boot.model.internal.CollectionSecondPass.doSecondPass(CollectionSecondPass.java:39)
	at org.hibernate.boot.internal.InFlightMetadataCollectorImpl.processSecondPasses(InFlightMetadataCollectorImpl.java:1769)
	at org.hibernate.boot.internal.InFlightMetadataCollectorImpl.processSecondPasses(InFlightMetadataCollectorImpl.java:1735)
	at org.hibernate.boot.model.process.spi.MetadataBuildingProcess.coordinateProcessors(MetadataBuildingProcess.java:361)
	at org.hibernate.boot.model.process.spi.MetadataBuildingProcess.complete(MetadataBuildingProcess.java:209)
	at org.hibernate.jpa.boot.internal.EntityManagerFactoryBuilderImpl.metadata(EntityManagerFactoryBuilderImpl.java:1388)
	at org.hibernate.jpa.boot.internal.EntityManagerFactoryBuilderImpl.populateSessionFactoryBuilder(EntityManagerFactoryBuilderImpl.java:1468)
	at org.hibernate.jpa.boot.internal.EntityManagerFactoryBuilderImpl.build(EntityManagerFactoryBuilderImpl.java:1450)
	at org.springframework.orm.jpa.vendor.SpringHibernateJpaPersistenceProvider.createContainerEntityManagerFactory(SpringHibernateJpaPersistenceProvider.java:93)
	at org.springframework.orm.jpa.LocalContainerEntityManagerFactoryBean.createNativeEntityManagerFactory(LocalContainerEntityManagerFactoryBean.java:443)
	at org.springframework.orm.jpa.AbstractEntityManagerFactoryBean.buildNativeEntityManagerFactory(AbstractEntityManagerFactoryBean.java:436)
	at org.springframework.orm.jpa.AbstractEntityManagerFactoryBean.afterPropertiesSet(AbstractEntityManagerFactoryBean.java:411)
	at org.springframework.orm.jpa.LocalContainerEntityManagerFactoryBean.afterPropertiesSet(LocalContainerEntityManagerFactoryBean.java:419)
	at org.springframework.beans.factory.support.AbstractAutowireCapableBeanFactory.invokeInitMethods(AbstractAutowireCapableBeanFactory.java:1862)
	at org.springframework.beans.factory.support.AbstractAutowireCapableBeanFactory.initializeBean(AbstractAutowireCapableBeanFactory.java:1811)
	... 18 common frames omitted
Caused by: org.hibernate.MappingException: A '@JoinColumn' references a column named 'id_set' but the target entity 'com.flashcolorcard.springboot.app.entities.Sets' has no property which maps to this column
	at org.hibernate.boot.model.internal.AnnotatedJoinColumns.getReferencedColumnsType(AnnotatedJoinColumns.java:344)
	... 38 common frames omitted
2026-07-29 14:51:31.612 INFO  c.f.springboot.app.Application - Starting Application using Java 21.0.2 with PID 26564 (C:\my projects\flashColorCardsApi\target\classes started by aleonmer in C:\my projects\flashColorCardsApi)
2026-07-29 14:51:31.612 DEBUG c.f.springboot.app.Application - Running with Spring Boot v4.1.0, Spring v7.0.8
2026-07-29 14:51:31.612 INFO  c.f.springboot.app.Application - The following 1 profile is active: "dev"
2026-07-29 14:51:31.863 INFO  o.s.d.r.c.RepositoryConfigurationDelegate - Bootstrapping Spring Data JPA repositories in DEFAULT mode.
2026-07-29 14:51:31.886 WARN  o.s.b.w.s.s.c.AnnotationConfigServletWebServerApplicationContext - Exception encountered during context initialization - cancelling refresh attempt: java.lang.TypeNotPresentException: Type com.flashcolorcard.springboot.app.entities.Sets not present
2026-07-29 14:51:31.888 INFO  o.s.b.a.l.ConditionEvaluationReportLogger - 

Error starting ApplicationContext. To display the condition evaluation report re-run your application with 'debug' enabled.
2026-07-29 14:51:31.891 ERROR o.s.boot.SpringApplication - Application run failed
java.lang.TypeNotPresentException: Type com.flashcolorcard.springboot.app.entities.Sets not present
	at java.base/sun.reflect.generics.factory.CoreReflectionFactory.makeNamedType(CoreReflectionFactory.java:117)
	at java.base/sun.reflect.generics.visitor.Reifier.visitClassTypeSignature(Reifier.java:125)
	at java.base/sun.reflect.generics.tree.ClassTypeSignature.accept(ClassTypeSignature.java:49)
	at java.base/sun.reflect.generics.visitor.Reifier.reifyTypeArguments(Reifier.java:68)
	at java.base/sun.reflect.generics.visitor.Reifier.visitClassTypeSignature(Reifier.java:138)
	at java.base/sun.reflect.generics.tree.ClassTypeSignature.accept(ClassTypeSignature.java:49)
	at java.base/sun.reflect.generics.repository.ClassRepository.computeSuperInterfaces(ClassRepository.java:117)
	at java.base/sun.reflect.generics.repository.ClassRepository.getSuperInterfaces(ClassRepository.java:95)
	at java.base/java.lang.Class.getGenericInterfaces(Class.java:1296)
	at org.springframework.core.ResolvableType.getInterfaces(ResolvableType.java:544)
	at org.springframework.core.ResolvableType.as(ResolvableType.java:492)
	at org.springframework.data.core.TypeDiscoverer.getSuperTypeInformation(TypeDiscoverer.java:266)
	at org.springframework.data.core.TypeInformation.getRequiredSuperTypeInformation(TypeInformation.java:328)
	at org.springframework.data.repository.core.support.DefaultRepositoryMetadata.<init>(DefaultRepositoryMetadata.java:55)
	at org.springframework.data.repository.core.support.AbstractRepositoryMetadata.getMetadata(AbstractRepositoryMetadata.java:79)
	at org.springframework.data.repository.config.RepositoryConfigurationExtensionSupport.getRepositoryConfigurations(RepositoryConfigurationExtensionSupport.java:93)
	at org.springframework.data.repository.config.RepositoryConfigurationDelegate.registerRepositoriesIn(RepositoryConfigurationDelegate.java:170)
	at org.springframework.boot.autoconfigure.data.AbstractRepositoryConfigurationSourceSupport.registerBeanDefinitions(AbstractRepositoryConfigurationSourceSupport.java:67)
	at org.springframework.context.annotation.ConfigurationClassBeanDefinitionReader.lambda$loadBeanDefinitionsFromImportBeanDefinitionRegistrars$0(ConfigurationClassBeanDefinitionReader.java:422)
	at java.base/java.util.LinkedHashMap.forEach(LinkedHashMap.java:986)
	at org.springframework.context.annotation.ConfigurationClassBeanDefinitionReader.loadBeanDefinitionsFromImportBeanDefinitionRegistrars(ConfigurationClassBeanDefinitionReader.java:421)
	at org.springframework.context.annotation.ConfigurationClassBeanDefinitionReader.loadBeanDefinitionsForConfigurationClass(ConfigurationClassBeanDefinitionReader.java:152)
	at org.springframework.context.annotation.ConfigurationClassBeanDefinitionReader.loadBeanDefinitions(ConfigurationClassBeanDefinitionReader.java:124)
	at org.springframework.context.annotation.ConfigurationClassPostProcessor.processConfigBeanDefinitions(ConfigurationClassPostProcessor.java:464)
	at org.springframework.context.annotation.ConfigurationClassPostProcessor.postProcessBeanDefinitionRegistry(ConfigurationClassPostProcessor.java:316)
	at org.springframework.context.support.PostProcessorRegistrationDelegate.invokeBeanDefinitionRegistryPostProcessors(PostProcessorRegistrationDelegate.java:349)
	at org.springframework.context.support.PostProcessorRegistrationDelegate.invokeBeanFactoryPostProcessors(PostProcessorRegistrationDelegate.java:118)
	at org.springframework.context.support.AbstractApplicationContext.invokeBeanFactoryPostProcessors(AbstractApplicationContext.java:795)
	at org.springframework.context.support.AbstractApplicationContext.refresh(AbstractApplicationContext.java:603)
	at org.springframework.boot.web.server.servlet.context.ServletWebServerApplicationContext.refresh(ServletWebServerApplicationContext.java:143)
	at org.springframework.boot.SpringApplication.refresh(SpringApplication.java:756)
	at org.springframework.boot.SpringApplication.refreshContext(SpringApplication.java:445)
	at org.springframework.boot.SpringApplication.run(SpringApplication.java:321)
	at org.springframework.boot.SpringApplication.run(SpringApplication.java:1365)
	at org.springframework.boot.SpringApplication.run(SpringApplication.java:1354)
	at com.flashcolorcard.springboot.app.Application.main(Application.java:10)
	at java.base/jdk.internal.reflect.DirectMethodHandleAccessor.invoke(DirectMethodHandleAccessor.java:103)
	at java.base/java.lang.reflect.Method.invoke(Method.java:580)
	at org.springframework.boot.devtools.restart.RestartLauncher.run(RestartLauncher.java:52)
Caused by: java.lang.ClassNotFoundException: com.flashcolorcard.springboot.app.entities.Sets
	at java.base/jdk.internal.loader.BuiltinClassLoader.loadClass(BuiltinClassLoader.java:641)
	at java.base/jdk.internal.loader.ClassLoaders$AppClassLoader.loadClass(ClassLoaders.java:188)
	at java.base/java.lang.ClassLoader.loadClass(ClassLoader.java:526)
	at java.base/java.lang.Class.forName0(Native Method)
	at java.base/java.lang.Class.forName(Class.java:534)
	at java.base/java.lang.Class.forName(Class.java:513)
	at org.springframework.boot.devtools.restart.classloader.RestartClassLoader.loadClass(RestartClassLoader.java:123)
	at java.base/java.lang.ClassLoader.loadClass(ClassLoader.java:526)
	at java.base/java.lang.Class.forName0(Native Method)
	at java.base/java.lang.Class.forName(Class.java:534)
	at java.base/java.lang.Class.forName(Class.java:513)
	at java.base/sun.reflect.generics.factory.CoreReflectionFactory.makeNamedType(CoreReflectionFactory.java:114)
	... 38 common frames omitted
2026-07-29 14:51:34.410 INFO  c.f.springboot.app.Application - Starting Application using Java 21.0.2 with PID 26564 (C:\my projects\flashColorCardsApi\target\classes started by aleonmer in C:\my projects\flashColorCardsApi)
2026-07-29 14:51:34.411 DEBUG c.f.springboot.app.Application - Running with Spring Boot v4.1.0, Spring v7.0.8
2026-07-29 14:51:34.411 INFO  c.f.springboot.app.Application - The following 1 profile is active: "dev"
2026-07-29 14:51:34.748 INFO  o.s.d.r.c.RepositoryConfigurationDelegate - Bootstrapping Spring Data JPA repositories in DEFAULT mode.
2026-07-29 14:51:34.777 INFO  o.s.d.r.c.RepositoryConfigurationDelegate - Finished Spring Data repository scanning in 25 ms. Found 3 JPA repository interfaces.
2026-07-29 14:51:34.902 INFO  o.s.boot.tomcat.TomcatWebServer - Tomcat initialized with port 8080 (http)
2026-07-29 14:51:34.904 INFO  o.a.coyote.http11.Http11NioProtocol - Initializing ProtocolHandler ["http-nio-8080"]
2026-07-29 14:51:34.904 INFO  o.a.catalina.core.StandardService - Starting service [Tomcat]
2026-07-29 14:51:34.905 INFO  o.a.catalina.core.StandardEngine - Starting Servlet engine: [Apache Tomcat/11.0.22]
2026-07-29 14:51:34.946 INFO  o.s.b.w.c.s.WebApplicationContextInitializer - Root WebApplicationContext: initialization completed in 533 ms
2026-07-29 14:51:35.014 INFO  org.hibernate.orm.jpa - HHH008540: Processing PersistenceUnitInfo [name: default]
2026-07-29 14:51:35.058 INFO  o.s.o.j.p.SpringPersistenceUnitInfo - No LoadTimeWeaver setup: ignoring JPA class transformer
2026-07-29 14:51:35.059 INFO  com.zaxxer.hikari.HikariDataSource - HikariPool-13 - Starting...
2026-07-29 14:51:35.477 INFO  com.zaxxer.hikari.pool.HikariPool - HikariPool-13 - Added connection org.postgresql.jdbc.PgConnection@408af5f6
2026-07-29 14:51:35.478 INFO  com.zaxxer.hikari.HikariDataSource - HikariPool-13 - Start completed.
2026-07-29 14:51:35.525 WARN  org.hibernate.orm.deprecation - HHH90000025: PostgreSQLDialect does not need to be specified explicitly using 'hibernate.dialect' (remove the property setting and it will be selected by default)
2026-07-29 14:51:35.696 INFO  o.hibernate.orm.connections.pooling - HHH10001005: Database info:
	Database JDBC URL [jdbc:postgresql://ep-super-river-ab15ua67-pooler.eu-west-2.aws.neon.tech/neondb]
	Database driver: PostgreSQL JDBC Driver
	Database dialect: PostgreSQLDialect
	Database version: 18.4
	Default catalog/schema: neondb/public
	Autocommit mode: undefined/unknown
	Isolation level: READ_COMMITTED [default READ_COMMITTED]
	JDBC fetch size: none
	Pool: DataSourceConnectionProvider
	Minimum pool size: undefined/unknown
	Maximum pool size: undefined/unknown
2026-07-29 14:51:35.713 ERROR o.s.o.j.LocalContainerEntityManagerFactoryBean - Failed to initialize JPA EntityManagerFactory: A '@JoinColumn' references a column named 'id_set' but the target entity 'com.flashcolorcard.springboot.app.entities.Sets' has no property which maps to this column
2026-07-29 14:51:35.713 WARN  o.s.b.w.s.s.c.AnnotationConfigServletWebServerApplicationContext - Exception encountered during context initialization - cancelling refresh attempt: org.springframework.beans.factory.BeanCreationException: Error creating bean with name 'entityManagerFactory' defined in class path resource [org/springframework/boot/hibernate/autoconfigure/HibernateJpaConfiguration.class]: A '@JoinColumn' references a column named 'id_set' but the target entity 'com.flashcolorcard.springboot.app.entities.Sets' has no property which maps to this column
2026-07-29 14:51:35.713 INFO  com.zaxxer.hikari.HikariDataSource - HikariPool-13 - Shutdown initiated...
2026-07-29 14:51:35.954 INFO  com.zaxxer.hikari.HikariDataSource - HikariPool-13 - Shutdown completed.
2026-07-29 14:51:35.955 INFO  o.a.catalina.core.StandardService - Stopping service [Tomcat]
2026-07-29 14:51:35.971 INFO  o.s.b.a.l.ConditionEvaluationReportLogger - 

Error starting ApplicationContext. To display the condition evaluation report re-run your application with 'debug' enabled.
2026-07-29 14:51:35.974 ERROR o.s.boot.SpringApplication - Application run failed
org.springframework.beans.factory.BeanCreationException: Error creating bean with name 'entityManagerFactory' defined in class path resource [org/springframework/boot/hibernate/autoconfigure/HibernateJpaConfiguration.class]: A '@JoinColumn' references a column named 'id_set' but the target entity 'com.flashcolorcard.springboot.app.entities.Sets' has no property which maps to this column
	at org.springframework.beans.factory.support.AbstractAutowireCapableBeanFactory.initializeBean(AbstractAutowireCapableBeanFactory.java:1815)
	at org.springframework.beans.factory.support.AbstractAutowireCapableBeanFactory.doCreateBean(AbstractAutowireCapableBeanFactory.java:603)
	at org.springframework.beans.factory.support.AbstractAutowireCapableBeanFactory.createBean(AbstractAutowireCapableBeanFactory.java:525)
	at org.springframework.beans.factory.support.AbstractBeanFactory.lambda$doGetBean$0(AbstractBeanFactory.java:333)
	at org.springframework.beans.factory.support.DefaultSingletonBeanRegistry.getSingleton(DefaultSingletonBeanRegistry.java:371)
	at org.springframework.beans.factory.support.AbstractBeanFactory.doGetBean(AbstractBeanFactory.java:331)
	at org.springframework.beans.factory.support.AbstractBeanFactory.getBean(AbstractBeanFactory.java:201)
	at org.springframework.context.support.AbstractApplicationContext.finishBeanFactoryInitialization(AbstractApplicationContext.java:977)
	at org.springframework.context.support.AbstractApplicationContext.refresh(AbstractApplicationContext.java:621)
	at org.springframework.boot.web.server.servlet.context.ServletWebServerApplicationContext.refresh(ServletWebServerApplicationContext.java:143)
	at org.springframework.boot.SpringApplication.refresh(SpringApplication.java:756)
	at org.springframework.boot.SpringApplication.refreshContext(SpringApplication.java:445)
	at org.springframework.boot.SpringApplication.run(SpringApplication.java:321)
	at org.springframework.boot.SpringApplication.run(SpringApplication.java:1365)
	at org.springframework.boot.SpringApplication.run(SpringApplication.java:1354)
	at com.flashcolorcard.springboot.app.Application.main(Application.java:10)
	at java.base/jdk.internal.reflect.DirectMethodHandleAccessor.invoke(DirectMethodHandleAccessor.java:103)
	at java.base/java.lang.reflect.Method.invoke(Method.java:580)
	at org.springframework.boot.devtools.restart.RestartLauncher.run(RestartLauncher.java:52)
Caused by: org.hibernate.boot.internal.FailedSecondPassException: A '@JoinColumn' references a column named 'id_set' but the target entity 'com.flashcolorcard.springboot.app.entities.Sets' has no property which maps to this column
	at org.hibernate.boot.model.internal.AnnotatedJoinColumns.getReferencedColumnsType(AnnotatedJoinColumns.java:350)
	at org.hibernate.boot.model.internal.BinderHelper.createSyntheticPropertyReference(BinderHelper.java:146)
	at org.hibernate.boot.model.internal.CollectionBinder.bindCollectionSecondPass(CollectionBinder.java:2655)
	at org.hibernate.boot.model.internal.CollectionBinder.bindOneToManySecondPass(CollectionBinder.java:1592)
	at org.hibernate.boot.model.internal.CollectionBinder.bindStarToManySecondPass(CollectionBinder.java:1475)
	at org.hibernate.boot.model.internal.CollectionBinder$1.secondPass(CollectionBinder.java:1464)
	at org.hibernate.boot.model.internal.CollectionSecondPass.doSecondPass(CollectionSecondPass.java:39)
	at org.hibernate.boot.internal.InFlightMetadataCollectorImpl.processSecondPasses(InFlightMetadataCollectorImpl.java:1769)
	at org.hibernate.boot.internal.InFlightMetadataCollectorImpl.processSecondPasses(InFlightMetadataCollectorImpl.java:1735)
	at org.hibernate.boot.model.process.spi.MetadataBuildingProcess.coordinateProcessors(MetadataBuildingProcess.java:361)
	at org.hibernate.boot.model.process.spi.MetadataBuildingProcess.complete(MetadataBuildingProcess.java:209)
	at org.hibernate.jpa.boot.internal.EntityManagerFactoryBuilderImpl.metadata(EntityManagerFactoryBuilderImpl.java:1388)
	at org.hibernate.jpa.boot.internal.EntityManagerFactoryBuilderImpl.populateSessionFactoryBuilder(EntityManagerFactoryBuilderImpl.java:1468)
	at org.hibernate.jpa.boot.internal.EntityManagerFactoryBuilderImpl.build(EntityManagerFactoryBuilderImpl.java:1450)
	at org.springframework.orm.jpa.vendor.SpringHibernateJpaPersistenceProvider.createContainerEntityManagerFactory(SpringHibernateJpaPersistenceProvider.java:93)
	at org.springframework.orm.jpa.LocalContainerEntityManagerFactoryBean.createNativeEntityManagerFactory(LocalContainerEntityManagerFactoryBean.java:443)
	at org.springframework.orm.jpa.AbstractEntityManagerFactoryBean.buildNativeEntityManagerFactory(AbstractEntityManagerFactoryBean.java:436)
	at org.springframework.orm.jpa.AbstractEntityManagerFactoryBean.afterPropertiesSet(AbstractEntityManagerFactoryBean.java:411)
	at org.springframework.orm.jpa.LocalContainerEntityManagerFactoryBean.afterPropertiesSet(LocalContainerEntityManagerFactoryBean.java:419)
	at org.springframework.beans.factory.support.AbstractAutowireCapableBeanFactory.invokeInitMethods(AbstractAutowireCapableBeanFactory.java:1862)
	at org.springframework.beans.factory.support.AbstractAutowireCapableBeanFactory.initializeBean(AbstractAutowireCapableBeanFactory.java:1811)
	... 18 common frames omitted
Caused by: org.hibernate.MappingException: A '@JoinColumn' references a column named 'id_set' but the target entity 'com.flashcolorcard.springboot.app.entities.Sets' has no property which maps to this column
	at org.hibernate.boot.model.internal.AnnotatedJoinColumns.getReferencedColumnsType(AnnotatedJoinColumns.java:344)
	... 38 common frames omitted
2026-07-29 14:52:19.721 INFO  c.f.springboot.app.Application - Starting Application using Java 21.0.2 with PID 26564 (C:\my projects\flashColorCardsApi\target\classes started by aleonmer in C:\my projects\flashColorCardsApi)
2026-07-29 14:52:19.721 DEBUG c.f.springboot.app.Application - Running with Spring Boot v4.1.0, Spring v7.0.8
2026-07-29 14:52:19.723 INFO  c.f.springboot.app.Application - The following 1 profile is active: "dev"
2026-07-29 14:52:19.902 INFO  o.s.d.r.c.RepositoryConfigurationDelegate - Bootstrapping Spring Data JPA repositories in DEFAULT mode.
2026-07-29 14:52:19.913 WARN  o.s.b.w.s.s.c.AnnotationConfigServletWebServerApplicationContext - Exception encountered during context initialization - cancelling refresh attempt: java.lang.TypeNotPresentException: Type com.flashcolorcard.springboot.app.entities.Card not present
2026-07-29 14:52:19.914 INFO  o.s.b.a.l.ConditionEvaluationReportLogger - 

Error starting ApplicationContext. To display the condition evaluation report re-run your application with 'debug' enabled.
2026-07-29 14:52:19.916 ERROR o.s.boot.SpringApplication - Application run failed
java.lang.TypeNotPresentException: Type com.flashcolorcard.springboot.app.entities.Card not present
	at java.base/sun.reflect.generics.factory.CoreReflectionFactory.makeNamedType(CoreReflectionFactory.java:117)
	at java.base/sun.reflect.generics.visitor.Reifier.visitClassTypeSignature(Reifier.java:125)
	at java.base/sun.reflect.generics.tree.ClassTypeSignature.accept(ClassTypeSignature.java:49)
	at java.base/sun.reflect.generics.visitor.Reifier.reifyTypeArguments(Reifier.java:68)
	at java.base/sun.reflect.generics.visitor.Reifier.visitClassTypeSignature(Reifier.java:138)
	at java.base/sun.reflect.generics.tree.ClassTypeSignature.accept(ClassTypeSignature.java:49)
	at java.base/sun.reflect.generics.repository.ClassRepository.computeSuperInterfaces(ClassRepository.java:117)
	at java.base/sun.reflect.generics.repository.ClassRepository.getSuperInterfaces(ClassRepository.java:95)
	at java.base/java.lang.Class.getGenericInterfaces(Class.java:1296)
	at org.springframework.core.ResolvableType.getInterfaces(ResolvableType.java:544)
	at org.springframework.core.ResolvableType.as(ResolvableType.java:492)
	at org.springframework.data.core.TypeDiscoverer.getSuperTypeInformation(TypeDiscoverer.java:266)
	at org.springframework.data.core.TypeInformation.getRequiredSuperTypeInformation(TypeInformation.java:328)
	at org.springframework.data.repository.core.support.DefaultRepositoryMetadata.<init>(DefaultRepositoryMetadata.java:55)
	at org.springframework.data.repository.core.support.AbstractRepositoryMetadata.getMetadata(AbstractRepositoryMetadata.java:79)
	at org.springframework.data.repository.config.RepositoryConfigurationExtensionSupport.getRepositoryConfigurations(RepositoryConfigurationExtensionSupport.java:93)
	at org.springframework.data.repository.config.RepositoryConfigurationDelegate.registerRepositoriesIn(RepositoryConfigurationDelegate.java:170)
	at org.springframework.boot.autoconfigure.data.AbstractRepositoryConfigurationSourceSupport.registerBeanDefinitions(AbstractRepositoryConfigurationSourceSupport.java:67)
	at org.springframework.context.annotation.ConfigurationClassBeanDefinitionReader.lambda$loadBeanDefinitionsFromImportBeanDefinitionRegistrars$0(ConfigurationClassBeanDefinitionReader.java:422)
	at java.base/java.util.LinkedHashMap.forEach(LinkedHashMap.java:986)
	at org.springframework.context.annotation.ConfigurationClassBeanDefinitionReader.loadBeanDefinitionsFromImportBeanDefinitionRegistrars(ConfigurationClassBeanDefinitionReader.java:421)
	at org.springframework.context.annotation.ConfigurationClassBeanDefinitionReader.loadBeanDefinitionsForConfigurationClass(ConfigurationClassBeanDefinitionReader.java:152)
	at org.springframework.context.annotation.ConfigurationClassBeanDefinitionReader.loadBeanDefinitions(ConfigurationClassBeanDefinitionReader.java:124)
	at org.springframework.context.annotation.ConfigurationClassPostProcessor.processConfigBeanDefinitions(ConfigurationClassPostProcessor.java:464)
	at org.springframework.context.annotation.ConfigurationClassPostProcessor.postProcessBeanDefinitionRegistry(ConfigurationClassPostProcessor.java:316)
	at org.springframework.context.support.PostProcessorRegistrationDelegate.invokeBeanDefinitionRegistryPostProcessors(PostProcessorRegistrationDelegate.java:349)
	at org.springframework.context.support.PostProcessorRegistrationDelegate.invokeBeanFactoryPostProcessors(PostProcessorRegistrationDelegate.java:118)
	at org.springframework.context.support.AbstractApplicationContext.invokeBeanFactoryPostProcessors(AbstractApplicationContext.java:795)
	at org.springframework.context.support.AbstractApplicationContext.refresh(AbstractApplicationContext.java:603)
	at org.springframework.boot.web.server.servlet.context.ServletWebServerApplicationContext.refresh(ServletWebServerApplicationContext.java:143)
	at org.springframework.boot.SpringApplication.refresh(SpringApplication.java:756)
	at org.springframework.boot.SpringApplication.refreshContext(SpringApplication.java:445)
	at org.springframework.boot.SpringApplication.run(SpringApplication.java:321)
	at org.springframework.boot.SpringApplication.run(SpringApplication.java:1365)
	at org.springframework.boot.SpringApplication.run(SpringApplication.java:1354)
	at com.flashcolorcard.springboot.app.Application.main(Application.java:10)
	at java.base/jdk.internal.reflect.DirectMethodHandleAccessor.invoke(DirectMethodHandleAccessor.java:103)
	at java.base/java.lang.reflect.Method.invoke(Method.java:580)
	at org.springframework.boot.devtools.restart.RestartLauncher.run(RestartLauncher.java:52)
Caused by: java.lang.ClassNotFoundException: com.flashcolorcard.springboot.app.entities.Card
	at java.base/jdk.internal.loader.BuiltinClassLoader.loadClass(BuiltinClassLoader.java:641)
	at java.base/jdk.internal.loader.ClassLoaders$AppClassLoader.loadClass(ClassLoaders.java:188)
	at java.base/java.lang.ClassLoader.loadClass(ClassLoader.java:526)
	at java.base/java.lang.Class.forName0(Native Method)
	at java.base/java.lang.Class.forName(Class.java:534)
	at java.base/java.lang.Class.forName(Class.java:513)
	at org.springframework.boot.devtools.restart.classloader.RestartClassLoader.loadClass(RestartClassLoader.java:123)
	at java.base/java.lang.ClassLoader.loadClass(ClassLoader.java:526)
	at java.base/java.lang.Class.forName0(Native Method)
	at java.base/java.lang.Class.forName(Class.java:534)
	at java.base/java.lang.Class.forName(Class.java:513)
	at java.base/sun.reflect.generics.factory.CoreReflectionFactory.makeNamedType(CoreReflectionFactory.java:114)
	... 38 common frames omitted
2026-07-29 14:52:22.432 INFO  c.f.springboot.app.Application - Starting Application using Java 21.0.2 with PID 26564 (C:\my projects\flashColorCardsApi\target\classes started by aleonmer in C:\my projects\flashColorCardsApi)
2026-07-29 14:52:22.433 DEBUG c.f.springboot.app.Application - Running with Spring Boot v4.1.0, Spring v7.0.8
2026-07-29 14:52:22.433 INFO  c.f.springboot.app.Application - The following 1 profile is active: "dev"
2026-07-29 14:52:22.609 INFO  o.s.d.r.c.RepositoryConfigurationDelegate - Bootstrapping Spring Data JPA repositories in DEFAULT mode.
2026-07-29 14:52:22.633 INFO  o.s.d.r.c.RepositoryConfigurationDelegate - Finished Spring Data repository scanning in 22 ms. Found 3 JPA repository interfaces.
2026-07-29 14:52:22.755 INFO  o.s.boot.tomcat.TomcatWebServer - Tomcat initialized with port 8080 (http)
2026-07-29 14:52:22.756 INFO  o.a.coyote.http11.Http11NioProtocol - Initializing ProtocolHandler ["http-nio-8080"]
2026-07-29 14:52:22.756 INFO  o.a.catalina.core.StandardService - Starting service [Tomcat]
2026-07-29 14:52:22.756 INFO  o.a.catalina.core.StandardEngine - Starting Servlet engine: [Apache Tomcat/11.0.22]
2026-07-29 14:52:22.791 INFO  o.s.b.w.c.s.WebApplicationContextInitializer - Root WebApplicationContext: initialization completed in 356 ms
2026-07-29 14:52:22.814 INFO  org.hibernate.orm.jpa - HHH008540: Processing PersistenceUnitInfo [name: default]
2026-07-29 14:52:22.847 INFO  o.s.o.j.p.SpringPersistenceUnitInfo - No LoadTimeWeaver setup: ignoring JPA class transformer
2026-07-29 14:52:22.860 INFO  com.zaxxer.hikari.HikariDataSource - HikariPool-14 - Starting...
2026-07-29 14:52:23.256 INFO  com.zaxxer.hikari.pool.HikariPool - HikariPool-14 - Added connection org.postgresql.jdbc.PgConnection@30fe42b7
2026-07-29 14:52:23.257 INFO  com.zaxxer.hikari.HikariDataSource - HikariPool-14 - Start completed.
2026-07-29 14:52:23.299 WARN  org.hibernate.orm.deprecation - HHH90000025: PostgreSQLDialect does not need to be specified explicitly using 'hibernate.dialect' (remove the property setting and it will be selected by default)
2026-07-29 14:52:23.482 INFO  o.hibernate.orm.connections.pooling - HHH10001005: Database info:
	Database JDBC URL [jdbc:postgresql://ep-super-river-ab15ua67-pooler.eu-west-2.aws.neon.tech/neondb]
	Database driver: PostgreSQL JDBC Driver
	Database dialect: PostgreSQLDialect
	Database version: 18.4
	Default catalog/schema: neondb/public
	Autocommit mode: undefined/unknown
	Isolation level: READ_COMMITTED [default READ_COMMITTED]
	JDBC fetch size: none
	Pool: DataSourceConnectionProvider
	Minimum pool size: undefined/unknown
	Maximum pool size: undefined/unknown
2026-07-29 14:52:23.500 ERROR o.s.o.j.LocalContainerEntityManagerFactoryBean - Failed to initialize JPA EntityManagerFactory: A '@JoinColumn' references a column named 'id_set' but the target entity 'com.flashcolorcard.springboot.app.entities.Sets' has no property which maps to this column
2026-07-29 14:52:23.500 WARN  o.s.b.w.s.s.c.AnnotationConfigServletWebServerApplicationContext - Exception encountered during context initialization - cancelling refresh attempt: org.springframework.beans.factory.BeanCreationException: Error creating bean with name 'entityManagerFactory' defined in class path resource [org/springframework/boot/hibernate/autoconfigure/HibernateJpaConfiguration.class]: A '@JoinColumn' references a column named 'id_set' but the target entity 'com.flashcolorcard.springboot.app.entities.Sets' has no property which maps to this column
2026-07-29 14:52:23.500 INFO  com.zaxxer.hikari.HikariDataSource - HikariPool-14 - Shutdown initiated...
2026-07-29 14:52:23.785 INFO  com.zaxxer.hikari.HikariDataSource - HikariPool-14 - Shutdown completed.
2026-07-29 14:52:23.786 INFO  o.a.catalina.core.StandardService - Stopping service [Tomcat]
2026-07-29 14:52:23.801 INFO  o.s.b.a.l.ConditionEvaluationReportLogger - 

Error starting ApplicationContext. To display the condition evaluation report re-run your application with 'debug' enabled.
2026-07-29 14:52:23.804 ERROR o.s.boot.SpringApplication - Application run failed
org.springframework.beans.factory.BeanCreationException: Error creating bean with name 'entityManagerFactory' defined in class path resource [org/springframework/boot/hibernate/autoconfigure/HibernateJpaConfiguration.class]: A '@JoinColumn' references a column named 'id_set' but the target entity 'com.flashcolorcard.springboot.app.entities.Sets' has no property which maps to this column
	at org.springframework.beans.factory.support.AbstractAutowireCapableBeanFactory.initializeBean(AbstractAutowireCapableBeanFactory.java:1815)
	at org.springframework.beans.factory.support.AbstractAutowireCapableBeanFactory.doCreateBean(AbstractAutowireCapableBeanFactory.java:603)
	at org.springframework.beans.factory.support.AbstractAutowireCapableBeanFactory.createBean(AbstractAutowireCapableBeanFactory.java:525)
	at org.springframework.beans.factory.support.AbstractBeanFactory.lambda$doGetBean$0(AbstractBeanFactory.java:333)
	at org.springframework.beans.factory.support.DefaultSingletonBeanRegistry.getSingleton(DefaultSingletonBeanRegistry.java:371)
	at org.springframework.beans.factory.support.AbstractBeanFactory.doGetBean(AbstractBeanFactory.java:331)
	at org.springframework.beans.factory.support.AbstractBeanFactory.getBean(AbstractBeanFactory.java:201)
	at org.springframework.context.support.AbstractApplicationContext.finishBeanFactoryInitialization(AbstractApplicationContext.java:977)
	at org.springframework.context.support.AbstractApplicationContext.refresh(AbstractApplicationContext.java:621)
	at org.springframework.boot.web.server.servlet.context.ServletWebServerApplicationContext.refresh(ServletWebServerApplicationContext.java:143)
	at org.springframework.boot.SpringApplication.refresh(SpringApplication.java:756)
	at org.springframework.boot.SpringApplication.refreshContext(SpringApplication.java:445)
	at org.springframework.boot.SpringApplication.run(SpringApplication.java:321)
	at org.springframework.boot.SpringApplication.run(SpringApplication.java:1365)
	at org.springframework.boot.SpringApplication.run(SpringApplication.java:1354)
	at com.flashcolorcard.springboot.app.Application.main(Application.java:10)
	at java.base/jdk.internal.reflect.DirectMethodHandleAccessor.invoke(DirectMethodHandleAccessor.java:103)
	at java.base/java.lang.reflect.Method.invoke(Method.java:580)
	at org.springframework.boot.devtools.restart.RestartLauncher.run(RestartLauncher.java:52)
Caused by: org.hibernate.boot.internal.FailedSecondPassException: A '@JoinColumn' references a column named 'id_set' but the target entity 'com.flashcolorcard.springboot.app.entities.Sets' has no property which maps to this column
	at org.hibernate.boot.model.internal.AnnotatedJoinColumns.getReferencedColumnsType(AnnotatedJoinColumns.java:350)
	at org.hibernate.boot.model.internal.BinderHelper.createSyntheticPropertyReference(BinderHelper.java:146)
	at org.hibernate.boot.model.internal.CollectionBinder.bindCollectionSecondPass(CollectionBinder.java:2655)
	at org.hibernate.boot.model.internal.CollectionBinder.bindOneToManySecondPass(CollectionBinder.java:1592)
	at org.hibernate.boot.model.internal.CollectionBinder.bindStarToManySecondPass(CollectionBinder.java:1475)
	at org.hibernate.boot.model.internal.CollectionBinder$1.secondPass(CollectionBinder.java:1464)
	at org.hibernate.boot.model.internal.CollectionSecondPass.doSecondPass(CollectionSecondPass.java:39)
	at org.hibernate.boot.internal.InFlightMetadataCollectorImpl.processSecondPasses(InFlightMetadataCollectorImpl.java:1769)
	at org.hibernate.boot.internal.InFlightMetadataCollectorImpl.processSecondPasses(InFlightMetadataCollectorImpl.java:1735)
	at org.hibernate.boot.model.process.spi.MetadataBuildingProcess.coordinateProcessors(MetadataBuildingProcess.java:361)
	at org.hibernate.boot.model.process.spi.MetadataBuildingProcess.complete(MetadataBuildingProcess.java:209)
	at org.hibernate.jpa.boot.internal.EntityManagerFactoryBuilderImpl.metadata(EntityManagerFactoryBuilderImpl.java:1388)
	at org.hibernate.jpa.boot.internal.EntityManagerFactoryBuilderImpl.populateSessionFactoryBuilder(EntityManagerFactoryBuilderImpl.java:1468)
	at org.hibernate.jpa.boot.internal.EntityManagerFactoryBuilderImpl.build(EntityManagerFactoryBuilderImpl.java:1450)
	at org.springframework.orm.jpa.vendor.SpringHibernateJpaPersistenceProvider.createContainerEntityManagerFactory(SpringHibernateJpaPersistenceProvider.java:93)
	at org.springframework.orm.jpa.LocalContainerEntityManagerFactoryBean.createNativeEntityManagerFactory(LocalContainerEntityManagerFactoryBean.java:443)
	at org.springframework.orm.jpa.AbstractEntityManagerFactoryBean.buildNativeEntityManagerFactory(AbstractEntityManagerFactoryBean.java:436)
	at org.springframework.orm.jpa.AbstractEntityManagerFactoryBean.afterPropertiesSet(AbstractEntityManagerFactoryBean.java:411)
	at org.springframework.orm.jpa.LocalContainerEntityManagerFactoryBean.afterPropertiesSet(LocalContainerEntityManagerFactoryBean.java:419)
	at org.springframework.beans.factory.support.AbstractAutowireCapableBeanFactory.invokeInitMethods(AbstractAutowireCapableBeanFactory.java:1862)
	at org.springframework.beans.factory.support.AbstractAutowireCapableBeanFactory.initializeBean(AbstractAutowireCapableBeanFactory.java:1811)
	... 18 common frames omitted
Caused by: org.hibernate.MappingException: A '@JoinColumn' references a column named 'id_set' but the target entity 'com.flashcolorcard.springboot.app.entities.Sets' has no property which maps to this column
	at org.hibernate.boot.model.internal.AnnotatedJoinColumns.getReferencedColumnsType(AnnotatedJoinColumns.java:344)
	... 38 common frames omitted
2026-07-29 14:52:45.869 INFO  c.f.springboot.app.Application - Starting Application using Java 21.0.2 with PID 29044 (C:\my projects\flashColorCardsApi\target\classes started by aleonmer in C:\my projects\flashColorCardsApi)
2026-07-29 14:52:45.873 DEBUG c.f.springboot.app.Application - Running with Spring Boot v4.1.0, Spring v7.0.8
2026-07-29 14:52:45.874 INFO  c.f.springboot.app.Application - The following 1 profile is active: "dev"
2026-07-29 14:52:45.929 INFO  o.s.b.d.e.DevToolsPropertyDefaultsPostProcessor - Devtools property defaults active! Set 'spring.devtools.add-properties' to 'false' to disable
2026-07-29 14:52:45.929 INFO  o.s.b.d.e.DevToolsPropertyDefaultsPostProcessor - For additional web related logging consider setting the 'logging.level.web' property to 'DEBUG'
2026-07-29 14:52:46.419 INFO  o.h.validator.internal.util.Version - HV000001: Hibernate Validator 9.1.0.Final
2026-07-29 14:52:47.420 INFO  o.s.d.r.c.RepositoryConfigurationDelegate - Bootstrapping Spring Data JPA repositories in DEFAULT mode.
2026-07-29 14:52:47.517 INFO  o.s.d.r.c.RepositoryConfigurationDelegate - Finished Spring Data repository scanning in 83 ms. Found 3 JPA repository interfaces.
2026-07-29 14:52:48.684 INFO  o.s.boot.tomcat.TomcatWebServer - Tomcat initialized with port 8080 (http)
2026-07-29 14:52:48.712 INFO  o.a.coyote.http11.Http11NioProtocol - Initializing ProtocolHandler ["http-nio-8080"]
2026-07-29 14:52:48.718 INFO  o.a.catalina.core.StandardService - Starting service [Tomcat]
2026-07-29 14:52:48.719 INFO  o.a.catalina.core.StandardEngine - Starting Servlet engine: [Apache Tomcat/11.0.22]
2026-07-29 14:52:48.822 INFO  o.s.b.w.c.s.WebApplicationContextInitializer - Root WebApplicationContext: initialization completed in 2891 ms
2026-07-29 14:52:49.167 INFO  org.hibernate.orm.jpa - HHH008540: Processing PersistenceUnitInfo [name: default]
2026-07-29 14:52:49.253 INFO  org.hibernate.orm.core - HHH000001: Hibernate ORM core version 7.4.1.Final
2026-07-29 14:52:49.839 INFO  o.s.o.j.p.SpringPersistenceUnitInfo - No LoadTimeWeaver setup: ignoring JPA class transformer
2026-07-29 14:52:49.870 INFO  com.zaxxer.hikari.HikariDataSource - HikariPool-1 - Starting...
2026-07-29 14:52:50.591 INFO  com.zaxxer.hikari.pool.HikariPool - HikariPool-1 - Added connection org.postgresql.jdbc.PgConnection@5bcf6ecc
2026-07-29 14:52:50.593 INFO  com.zaxxer.hikari.HikariDataSource - HikariPool-1 - Start completed.
2026-07-29 14:52:50.660 WARN  org.hibernate.orm.deprecation - HHH90000025: PostgreSQLDialect does not need to be specified explicitly using 'hibernate.dialect' (remove the property setting and it will be selected by default)
2026-07-29 14:52:50.845 INFO  o.hibernate.orm.connections.pooling - HHH10001005: Database info:
	Database JDBC URL [jdbc:postgresql://ep-super-river-ab15ua67-pooler.eu-west-2.aws.neon.tech/neondb]
	Database driver: PostgreSQL JDBC Driver
	Database dialect: PostgreSQLDialect
	Database version: 18.4
	Default catalog/schema: neondb/public
	Autocommit mode: undefined/unknown
	Isolation level: READ_COMMITTED [default READ_COMMITTED]
	JDBC fetch size: none
	Pool: DataSourceConnectionProvider
	Minimum pool size: undefined/unknown
	Maximum pool size: undefined/unknown
2026-07-29 14:52:51.100 ERROR o.s.o.j.LocalContainerEntityManagerFactoryBean - Failed to initialize JPA EntityManagerFactory: A '@JoinColumn' references a column named 'id_set' but the target entity 'com.flashcolorcard.springboot.app.entities.Sets' has no property which maps to this column
2026-07-29 14:52:51.101 WARN  o.s.b.w.s.s.c.AnnotationConfigServletWebServerApplicationContext - Exception encountered during context initialization - cancelling refresh attempt: org.springframework.beans.factory.BeanCreationException: Error creating bean with name 'entityManagerFactory' defined in class path resource [org/springframework/boot/hibernate/autoconfigure/HibernateJpaConfiguration.class]: A '@JoinColumn' references a column named 'id_set' but the target entity 'com.flashcolorcard.springboot.app.entities.Sets' has no property which maps to this column
2026-07-29 14:52:51.106 INFO  com.zaxxer.hikari.HikariDataSource - HikariPool-1 - Shutdown initiated...
2026-07-29 14:52:51.587 INFO  com.zaxxer.hikari.HikariDataSource - HikariPool-1 - Shutdown completed.
2026-07-29 14:52:51.594 INFO  o.a.catalina.core.StandardService - Stopping service [Tomcat]
2026-07-29 14:52:51.615 INFO  o.s.b.a.l.ConditionEvaluationReportLogger - 

Error starting ApplicationContext. To display the condition evaluation report re-run your application with 'debug' enabled.
2026-07-29 14:52:51.637 ERROR o.s.boot.SpringApplication - Application run failed
org.springframework.beans.factory.BeanCreationException: Error creating bean with name 'entityManagerFactory' defined in class path resource [org/springframework/boot/hibernate/autoconfigure/HibernateJpaConfiguration.class]: A '@JoinColumn' references a column named 'id_set' but the target entity 'com.flashcolorcard.springboot.app.entities.Sets' has no property which maps to this column
	at org.springframework.beans.factory.support.AbstractAutowireCapableBeanFactory.initializeBean(AbstractAutowireCapableBeanFactory.java:1815)
	at org.springframework.beans.factory.support.AbstractAutowireCapableBeanFactory.doCreateBean(AbstractAutowireCapableBeanFactory.java:603)
	at org.springframework.beans.factory.support.AbstractAutowireCapableBeanFactory.createBean(AbstractAutowireCapableBeanFactory.java:525)
	at org.springframework.beans.factory.support.AbstractBeanFactory.lambda$doGetBean$0(AbstractBeanFactory.java:333)
	at org.springframework.beans.factory.support.DefaultSingletonBeanRegistry.getSingleton(DefaultSingletonBeanRegistry.java:371)
	at org.springframework.beans.factory.support.AbstractBeanFactory.doGetBean(AbstractBeanFactory.java:331)
	at org.springframework.beans.factory.support.AbstractBeanFactory.getBean(AbstractBeanFactory.java:201)
	at org.springframework.context.support.AbstractApplicationContext.finishBeanFactoryInitialization(AbstractApplicationContext.java:977)
	at org.springframework.context.support.AbstractApplicationContext.refresh(AbstractApplicationContext.java:621)
	at org.springframework.boot.web.server.servlet.context.ServletWebServerApplicationContext.refresh(ServletWebServerApplicationContext.java:143)
	at org.springframework.boot.SpringApplication.refresh(SpringApplication.java:756)
	at org.springframework.boot.SpringApplication.refreshContext(SpringApplication.java:445)
	at org.springframework.boot.SpringApplication.run(SpringApplication.java:321)
	at org.springframework.boot.SpringApplication.run(SpringApplication.java:1365)
	at org.springframework.boot.SpringApplication.run(SpringApplication.java:1354)
	at com.flashcolorcard.springboot.app.Application.main(Application.java:10)
	at java.base/jdk.internal.reflect.DirectMethodHandleAccessor.invoke(DirectMethodHandleAccessor.java:103)
	at java.base/java.lang.reflect.Method.invoke(Method.java:580)
	at org.springframework.boot.devtools.restart.RestartLauncher.run(RestartLauncher.java:52)
Caused by: org.hibernate.boot.internal.FailedSecondPassException: A '@JoinColumn' references a column named 'id_set' but the target entity 'com.flashcolorcard.springboot.app.entities.Sets' has no property which maps to this column
	at org.hibernate.boot.model.internal.AnnotatedJoinColumns.getReferencedColumnsType(AnnotatedJoinColumns.java:350)
	at org.hibernate.boot.model.internal.BinderHelper.createSyntheticPropertyReference(BinderHelper.java:146)
	at org.hibernate.boot.model.internal.CollectionBinder.bindCollectionSecondPass(CollectionBinder.java:2655)
	at org.hibernate.boot.model.internal.CollectionBinder.bindOneToManySecondPass(CollectionBinder.java:1592)
	at org.hibernate.boot.model.internal.CollectionBinder.bindStarToManySecondPass(CollectionBinder.java:1475)
	at org.hibernate.boot.model.internal.CollectionBinder$1.secondPass(CollectionBinder.java:1464)
	at org.hibernate.boot.model.internal.CollectionSecondPass.doSecondPass(CollectionSecondPass.java:39)
	at org.hibernate.boot.internal.InFlightMetadataCollectorImpl.processSecondPasses(InFlightMetadataCollectorImpl.java:1769)
	at org.hibernate.boot.internal.InFlightMetadataCollectorImpl.processSecondPasses(InFlightMetadataCollectorImpl.java:1735)
	at org.hibernate.boot.model.process.spi.MetadataBuildingProcess.coordinateProcessors(MetadataBuildingProcess.java:361)
	at org.hibernate.boot.model.process.spi.MetadataBuildingProcess.complete(MetadataBuildingProcess.java:209)
	at org.hibernate.jpa.boot.internal.EntityManagerFactoryBuilderImpl.metadata(EntityManagerFactoryBuilderImpl.java:1388)
	at org.hibernate.jpa.boot.internal.EntityManagerFactoryBuilderImpl.populateSessionFactoryBuilder(EntityManagerFactoryBuilderImpl.java:1468)
	at org.hibernate.jpa.boot.internal.EntityManagerFactoryBuilderImpl.build(EntityManagerFactoryBuilderImpl.java:1450)
	at org.springframework.orm.jpa.vendor.SpringHibernateJpaPersistenceProvider.createContainerEntityManagerFactory(SpringHibernateJpaPersistenceProvider.java:93)
	at org.springframework.orm.jpa.LocalContainerEntityManagerFactoryBean.createNativeEntityManagerFactory(LocalContainerEntityManagerFactoryBean.java:443)
	at org.springframework.orm.jpa.AbstractEntityManagerFactoryBean.buildNativeEntityManagerFactory(AbstractEntityManagerFactoryBean.java:436)
	at org.springframework.orm.jpa.AbstractEntityManagerFactoryBean.afterPropertiesSet(AbstractEntityManagerFactoryBean.java:411)
	at org.springframework.orm.jpa.LocalContainerEntityManagerFactoryBean.afterPropertiesSet(LocalContainerEntityManagerFactoryBean.java:419)
	at org.springframework.beans.factory.support.AbstractAutowireCapableBeanFactory.invokeInitMethods(AbstractAutowireCapableBeanFactory.java:1862)
	at org.springframework.beans.factory.support.AbstractAutowireCapableBeanFactory.initializeBean(AbstractAutowireCapableBeanFactory.java:1811)
	... 18 common frames omitted
Caused by: org.hibernate.MappingException: A '@JoinColumn' references a column named 'id_set' but the target entity 'com.flashcolorcard.springboot.app.entities.Sets' has no property which maps to this column
	at org.hibernate.boot.model.internal.AnnotatedJoinColumns.getReferencedColumnsType(AnnotatedJoinColumns.java:344)
	... 38 common frames omitted
2026-07-29 14:53:58.251 INFO  c.f.springboot.app.Application - Starting Application using Java 21.0.2 with PID 2616 (C:\my projects\flashColorCardsApi\target\classes started by aleonmer in C:\my projects\flashColorCardsApi)
2026-07-29 14:53:58.256 DEBUG c.f.springboot.app.Application - Running with Spring Boot v4.1.0, Spring v7.0.8
2026-07-29 14:53:58.257 INFO  c.f.springboot.app.Application - The following 1 profile is active: "dev"
2026-07-29 14:53:58.319 INFO  o.s.b.d.e.DevToolsPropertyDefaultsPostProcessor - Devtools property defaults active! Set 'spring.devtools.add-properties' to 'false' to disable
2026-07-29 14:53:58.319 INFO  o.s.b.d.e.DevToolsPropertyDefaultsPostProcessor - For additional web related logging consider setting the 'logging.level.web' property to 'DEBUG'
2026-07-29 14:53:58.830 INFO  o.h.validator.internal.util.Version - HV000001: Hibernate Validator 9.1.0.Final
2026-07-29 14:53:59.763 INFO  o.s.d.r.c.RepositoryConfigurationDelegate - Bootstrapping Spring Data JPA repositories in DEFAULT mode.
2026-07-29 14:53:59.850 INFO  o.s.d.r.c.RepositoryConfigurationDelegate - Finished Spring Data repository scanning in 74 ms. Found 3 JPA repository interfaces.
2026-07-29 14:54:00.837 INFO  o.s.boot.tomcat.TomcatWebServer - Tomcat initialized with port 8080 (http)
2026-07-29 14:54:00.862 INFO  o.a.coyote.http11.Http11NioProtocol - Initializing ProtocolHandler ["http-nio-8080"]
2026-07-29 14:54:00.865 INFO  o.a.catalina.core.StandardService - Starting service [Tomcat]
2026-07-29 14:54:00.866 INFO  o.a.catalina.core.StandardEngine - Starting Servlet engine: [Apache Tomcat/11.0.22]
2026-07-29 14:54:00.967 INFO  o.s.b.w.c.s.WebApplicationContextInitializer - Root WebApplicationContext: initialization completed in 2646 ms
2026-07-29 14:54:01.341 INFO  org.hibernate.orm.jpa - HHH008540: Processing PersistenceUnitInfo [name: default]
2026-07-29 14:54:01.440 INFO  org.hibernate.orm.core - HHH000001: Hibernate ORM core version 7.4.1.Final
2026-07-29 14:54:01.996 INFO  o.s.o.j.p.SpringPersistenceUnitInfo - No LoadTimeWeaver setup: ignoring JPA class transformer
2026-07-29 14:54:02.034 INFO  com.zaxxer.hikari.HikariDataSource - HikariPool-1 - Starting...
2026-07-29 14:54:02.853 INFO  com.zaxxer.hikari.pool.HikariPool - HikariPool-1 - Added connection org.postgresql.jdbc.PgConnection@7e84f009
2026-07-29 14:54:02.855 INFO  com.zaxxer.hikari.HikariDataSource - HikariPool-1 - Start completed.
2026-07-29 14:54:02.924 WARN  org.hibernate.orm.deprecation - HHH90000025: PostgreSQLDialect does not need to be specified explicitly using 'hibernate.dialect' (remove the property setting and it will be selected by default)
2026-07-29 14:54:03.112 INFO  o.hibernate.orm.connections.pooling - HHH10001005: Database info:
	Database JDBC URL [jdbc:postgresql://ep-super-river-ab15ua67-pooler.eu-west-2.aws.neon.tech/neondb]
	Database driver: PostgreSQL JDBC Driver
	Database dialect: PostgreSQLDialect
	Database version: 18.4
	Default catalog/schema: neondb/public
	Autocommit mode: undefined/unknown
	Isolation level: READ_COMMITTED [default READ_COMMITTED]
	JDBC fetch size: none
	Pool: DataSourceConnectionProvider
	Minimum pool size: undefined/unknown
	Maximum pool size: undefined/unknown
2026-07-29 14:54:03.424 ERROR o.s.o.j.LocalContainerEntityManagerFactoryBean - Failed to initialize JPA EntityManagerFactory: A '@JoinColumn' references a column named 'id_set' but the target entity 'com.flashcolorcard.springboot.app.entities.Sets' has no property which maps to this column
2026-07-29 14:54:03.425 WARN  o.s.b.w.s.s.c.AnnotationConfigServletWebServerApplicationContext - Exception encountered during context initialization - cancelling refresh attempt: org.springframework.beans.factory.BeanCreationException: Error creating bean with name 'entityManagerFactory' defined in class path resource [org/springframework/boot/hibernate/autoconfigure/HibernateJpaConfiguration.class]: A '@JoinColumn' references a column named 'id_set' but the target entity 'com.flashcolorcard.springboot.app.entities.Sets' has no property which maps to this column
2026-07-29 14:54:03.429 INFO  com.zaxxer.hikari.HikariDataSource - HikariPool-1 - Shutdown initiated...
2026-07-29 14:54:03.751 INFO  com.zaxxer.hikari.HikariDataSource - HikariPool-1 - Shutdown completed.
2026-07-29 14:54:03.755 INFO  o.a.catalina.core.StandardService - Stopping service [Tomcat]
2026-07-29 14:54:03.780 INFO  o.s.b.a.l.ConditionEvaluationReportLogger - 

Error starting ApplicationContext. To display the condition evaluation report re-run your application with 'debug' enabled.
2026-07-29 14:54:03.804 ERROR o.s.boot.SpringApplication - Application run failed
org.springframework.beans.factory.BeanCreationException: Error creating bean with name 'entityManagerFactory' defined in class path resource [org/springframework/boot/hibernate/autoconfigure/HibernateJpaConfiguration.class]: A '@JoinColumn' references a column named 'id_set' but the target entity 'com.flashcolorcard.springboot.app.entities.Sets' has no property which maps to this column
	at org.springframework.beans.factory.support.AbstractAutowireCapableBeanFactory.initializeBean(AbstractAutowireCapableBeanFactory.java:1815)
	at org.springframework.beans.factory.support.AbstractAutowireCapableBeanFactory.doCreateBean(AbstractAutowireCapableBeanFactory.java:603)
	at org.springframework.beans.factory.support.AbstractAutowireCapableBeanFactory.createBean(AbstractAutowireCapableBeanFactory.java:525)
	at org.springframework.beans.factory.support.AbstractBeanFactory.lambda$doGetBean$0(AbstractBeanFactory.java:333)
	at org.springframework.beans.factory.support.DefaultSingletonBeanRegistry.getSingleton(DefaultSingletonBeanRegistry.java:371)
	at org.springframework.beans.factory.support.AbstractBeanFactory.doGetBean(AbstractBeanFactory.java:331)
	at org.springframework.beans.factory.support.AbstractBeanFactory.getBean(AbstractBeanFactory.java:201)
	at org.springframework.context.support.AbstractApplicationContext.finishBeanFactoryInitialization(AbstractApplicationContext.java:977)
	at org.springframework.context.support.AbstractApplicationContext.refresh(AbstractApplicationContext.java:621)
	at org.springframework.boot.web.server.servlet.context.ServletWebServerApplicationContext.refresh(ServletWebServerApplicationContext.java:143)
	at org.springframework.boot.SpringApplication.refresh(SpringApplication.java:756)
	at org.springframework.boot.SpringApplication.refreshContext(SpringApplication.java:445)
	at org.springframework.boot.SpringApplication.run(SpringApplication.java:321)
	at org.springframework.boot.SpringApplication.run(SpringApplication.java:1365)
	at org.springframework.boot.SpringApplication.run(SpringApplication.java:1354)
	at com.flashcolorcard.springboot.app.Application.main(Application.java:10)
	at java.base/jdk.internal.reflect.DirectMethodHandleAccessor.invoke(DirectMethodHandleAccessor.java:103)
	at java.base/java.lang.reflect.Method.invoke(Method.java:580)
	at org.springframework.boot.devtools.restart.RestartLauncher.run(RestartLauncher.java:52)
Caused by: org.hibernate.boot.internal.FailedSecondPassException: A '@JoinColumn' references a column named 'id_set' but the target entity 'com.flashcolorcard.springboot.app.entities.Sets' has no property which maps to this column
	at org.hibernate.boot.model.internal.AnnotatedJoinColumns.getReferencedColumnsType(AnnotatedJoinColumns.java:350)
	at org.hibernate.boot.model.internal.BinderHelper.createSyntheticPropertyReference(BinderHelper.java:146)
	at org.hibernate.boot.model.internal.CollectionBinder.bindCollectionSecondPass(CollectionBinder.java:2655)
	at org.hibernate.boot.model.internal.CollectionBinder.bindOneToManySecondPass(CollectionBinder.java:1592)
	at org.hibernate.boot.model.internal.CollectionBinder.bindStarToManySecondPass(CollectionBinder.java:1475)
	at org.hibernate.boot.model.internal.CollectionBinder$1.secondPass(CollectionBinder.java:1464)
	at org.hibernate.boot.model.internal.CollectionSecondPass.doSecondPass(CollectionSecondPass.java:39)
	at org.hibernate.boot.internal.InFlightMetadataCollectorImpl.processSecondPasses(InFlightMetadataCollectorImpl.java:1769)
	at org.hibernate.boot.internal.InFlightMetadataCollectorImpl.processSecondPasses(InFlightMetadataCollectorImpl.java:1735)
	at org.hibernate.boot.model.process.spi.MetadataBuildingProcess.coordinateProcessors(MetadataBuildingProcess.java:361)
	at org.hibernate.boot.model.process.spi.MetadataBuildingProcess.complete(MetadataBuildingProcess.java:209)
	at org.hibernate.jpa.boot.internal.EntityManagerFactoryBuilderImpl.metadata(EntityManagerFactoryBuilderImpl.java:1388)
	at org.hibernate.jpa.boot.internal.EntityManagerFactoryBuilderImpl.populateSessionFactoryBuilder(EntityManagerFactoryBuilderImpl.java:1468)
	at org.hibernate.jpa.boot.internal.EntityManagerFactoryBuilderImpl.build(EntityManagerFactoryBuilderImpl.java:1450)
	at org.springframework.orm.jpa.vendor.SpringHibernateJpaPersistenceProvider.createContainerEntityManagerFactory(SpringHibernateJpaPersistenceProvider.java:93)
	at org.springframework.orm.jpa.LocalContainerEntityManagerFactoryBean.createNativeEntityManagerFactory(LocalContainerEntityManagerFactoryBean.java:443)
	at org.springframework.orm.jpa.AbstractEntityManagerFactoryBean.buildNativeEntityManagerFactory(AbstractEntityManagerFactoryBean.java:436)
	at org.springframework.orm.jpa.AbstractEntityManagerFactoryBean.afterPropertiesSet(AbstractEntityManagerFactoryBean.java:411)
	at org.springframework.orm.jpa.LocalContainerEntityManagerFactoryBean.afterPropertiesSet(LocalContainerEntityManagerFactoryBean.java:419)
	at org.springframework.beans.factory.support.AbstractAutowireCapableBeanFactory.invokeInitMethods(AbstractAutowireCapableBeanFactory.java:1862)
	at org.springframework.beans.factory.support.AbstractAutowireCapableBeanFactory.initializeBean(AbstractAutowireCapableBeanFactory.java:1811)
	... 18 common frames omitted
Caused by: org.hibernate.MappingException: A '@JoinColumn' references a column named 'id_set' but the target entity 'com.flashcolorcard.springboot.app.entities.Sets' has no property which maps to this column
	at org.hibernate.boot.model.internal.AnnotatedJoinColumns.getReferencedColumnsType(AnnotatedJoinColumns.java:344)
	... 38 common frames omitted
2026-07-29 14:55:07.072 INFO  c.f.springboot.app.Application - Starting Application using Java 21.0.2 with PID 20040 (C:\my projects\flashColorCardsApi\target\classes started by aleonmer in C:\my projects\flashColorCardsApi)
2026-07-29 14:55:07.076 DEBUG c.f.springboot.app.Application - Running with Spring Boot v4.1.0, Spring v7.0.8
2026-07-29 14:55:07.077 INFO  c.f.springboot.app.Application - The following 1 profile is active: "dev"
2026-07-29 14:55:07.129 INFO  o.s.b.d.e.DevToolsPropertyDefaultsPostProcessor - Devtools property defaults active! Set 'spring.devtools.add-properties' to 'false' to disable
2026-07-29 14:55:07.129 INFO  o.s.b.d.e.DevToolsPropertyDefaultsPostProcessor - For additional web related logging consider setting the 'logging.level.web' property to 'DEBUG'
2026-07-29 14:55:07.640 INFO  o.h.validator.internal.util.Version - HV000001: Hibernate Validator 9.1.0.Final
2026-07-29 14:55:08.791 INFO  o.s.d.r.c.RepositoryConfigurationDelegate - Bootstrapping Spring Data JPA repositories in DEFAULT mode.
2026-07-29 14:55:08.914 INFO  o.s.d.r.c.RepositoryConfigurationDelegate - Finished Spring Data repository scanning in 104 ms. Found 3 JPA repository interfaces.
2026-07-29 14:55:10.058 INFO  o.s.boot.tomcat.TomcatWebServer - Tomcat initialized with port 8080 (http)
2026-07-29 14:55:10.082 INFO  o.a.coyote.http11.Http11NioProtocol - Initializing ProtocolHandler ["http-nio-8080"]
2026-07-29 14:55:10.085 INFO  o.a.catalina.core.StandardService - Starting service [Tomcat]
2026-07-29 14:55:10.086 INFO  o.a.catalina.core.StandardEngine - Starting Servlet engine: [Apache Tomcat/11.0.22]
2026-07-29 14:55:10.196 INFO  o.s.b.w.c.s.WebApplicationContextInitializer - Root WebApplicationContext: initialization completed in 3065 ms
2026-07-29 14:55:10.631 INFO  org.hibernate.orm.jpa - HHH008540: Processing PersistenceUnitInfo [name: default]
2026-07-29 14:55:10.776 INFO  org.hibernate.orm.core - HHH000001: Hibernate ORM core version 7.4.1.Final
2026-07-29 14:55:11.340 INFO  o.s.o.j.p.SpringPersistenceUnitInfo - No LoadTimeWeaver setup: ignoring JPA class transformer
2026-07-29 14:55:11.376 INFO  com.zaxxer.hikari.HikariDataSource - HikariPool-1 - Starting...
2026-07-29 14:55:12.219 INFO  com.zaxxer.hikari.pool.HikariPool - HikariPool-1 - Added connection org.postgresql.jdbc.PgConnection@7b429f5
2026-07-29 14:55:12.220 INFO  com.zaxxer.hikari.HikariDataSource - HikariPool-1 - Start completed.
2026-07-29 14:55:12.290 WARN  org.hibernate.orm.deprecation - HHH90000025: PostgreSQLDialect does not need to be specified explicitly using 'hibernate.dialect' (remove the property setting and it will be selected by default)
2026-07-29 14:55:12.479 INFO  o.hibernate.orm.connections.pooling - HHH10001005: Database info:
	Database JDBC URL [jdbc:postgresql://ep-super-river-ab15ua67-pooler.eu-west-2.aws.neon.tech/neondb]
	Database driver: PostgreSQL JDBC Driver
	Database dialect: PostgreSQLDialect
	Database version: 18.4
	Default catalog/schema: neondb/public
	Autocommit mode: undefined/unknown
	Isolation level: READ_COMMITTED [default READ_COMMITTED]
	JDBC fetch size: none
	Pool: DataSourceConnectionProvider
	Minimum pool size: undefined/unknown
	Maximum pool size: undefined/unknown
2026-07-29 14:55:12.719 ERROR o.s.o.j.LocalContainerEntityManagerFactoryBean - Failed to initialize JPA EntityManagerFactory: A '@JoinColumn' references a column named 'id_set' but the target entity 'com.flashcolorcard.springboot.app.entities.Sets' has no property which maps to this column
2026-07-29 14:55:12.720 WARN  o.s.b.w.s.s.c.AnnotationConfigServletWebServerApplicationContext - Exception encountered during context initialization - cancelling refresh attempt: org.springframework.beans.factory.BeanCreationException: Error creating bean with name 'entityManagerFactory' defined in class path resource [org/springframework/boot/hibernate/autoconfigure/HibernateJpaConfiguration.class]: A '@JoinColumn' references a column named 'id_set' but the target entity 'com.flashcolorcard.springboot.app.entities.Sets' has no property which maps to this column
2026-07-29 14:55:12.725 INFO  com.zaxxer.hikari.HikariDataSource - HikariPool-1 - Shutdown initiated...
2026-07-29 14:55:13.097 INFO  com.zaxxer.hikari.HikariDataSource - HikariPool-1 - Shutdown completed.
2026-07-29 14:55:13.102 INFO  o.a.catalina.core.StandardService - Stopping service [Tomcat]
2026-07-29 14:55:13.125 INFO  o.s.b.a.l.ConditionEvaluationReportLogger - 

Error starting ApplicationContext. To display the condition evaluation report re-run your application with 'debug' enabled.
2026-07-29 14:55:13.145 ERROR o.s.boot.SpringApplication - Application run failed
org.springframework.beans.factory.BeanCreationException: Error creating bean with name 'entityManagerFactory' defined in class path resource [org/springframework/boot/hibernate/autoconfigure/HibernateJpaConfiguration.class]: A '@JoinColumn' references a column named 'id_set' but the target entity 'com.flashcolorcard.springboot.app.entities.Sets' has no property which maps to this column
	at org.springframework.beans.factory.support.AbstractAutowireCapableBeanFactory.initializeBean(AbstractAutowireCapableBeanFactory.java:1815)
	at org.springframework.beans.factory.support.AbstractAutowireCapableBeanFactory.doCreateBean(AbstractAutowireCapableBeanFactory.java:603)
	at org.springframework.beans.factory.support.AbstractAutowireCapableBeanFactory.createBean(AbstractAutowireCapableBeanFactory.java:525)
	at org.springframework.beans.factory.support.AbstractBeanFactory.lambda$doGetBean$0(AbstractBeanFactory.java:333)
	at org.springframework.beans.factory.support.DefaultSingletonBeanRegistry.getSingleton(DefaultSingletonBeanRegistry.java:371)
	at org.springframework.beans.factory.support.AbstractBeanFactory.doGetBean(AbstractBeanFactory.java:331)
	at org.springframework.beans.factory.support.AbstractBeanFactory.getBean(AbstractBeanFactory.java:201)
	at org.springframework.context.support.AbstractApplicationContext.finishBeanFactoryInitialization(AbstractApplicationContext.java:977)
	at org.springframework.context.support.AbstractApplicationContext.refresh(AbstractApplicationContext.java:621)
	at org.springframework.boot.web.server.servlet.context.ServletWebServerApplicationContext.refresh(ServletWebServerApplicationContext.java:143)
	at org.springframework.boot.SpringApplication.refresh(SpringApplication.java:756)
	at org.springframework.boot.SpringApplication.refreshContext(SpringApplication.java:445)
	at org.springframework.boot.SpringApplication.run(SpringApplication.java:321)
	at org.springframework.boot.SpringApplication.run(SpringApplication.java:1365)
	at org.springframework.boot.SpringApplication.run(SpringApplication.java:1354)
	at com.flashcolorcard.springboot.app.Application.main(Application.java:10)
	at java.base/jdk.internal.reflect.DirectMethodHandleAccessor.invoke(DirectMethodHandleAccessor.java:103)
	at java.base/java.lang.reflect.Method.invoke(Method.java:580)
	at org.springframework.boot.devtools.restart.RestartLauncher.run(RestartLauncher.java:52)
Caused by: org.hibernate.boot.internal.FailedSecondPassException: A '@JoinColumn' references a column named 'id_set' but the target entity 'com.flashcolorcard.springboot.app.entities.Sets' has no property which maps to this column
	at org.hibernate.boot.model.internal.AnnotatedJoinColumns.getReferencedColumnsType(AnnotatedJoinColumns.java:350)
	at org.hibernate.boot.model.internal.BinderHelper.createSyntheticPropertyReference(BinderHelper.java:146)
	at org.hibernate.boot.model.internal.CollectionBinder.bindCollectionSecondPass(CollectionBinder.java:2655)
	at org.hibernate.boot.model.internal.CollectionBinder.bindOneToManySecondPass(CollectionBinder.java:1592)
	at org.hibernate.boot.model.internal.CollectionBinder.bindStarToManySecondPass(CollectionBinder.java:1475)
	at org.hibernate.boot.model.internal.CollectionBinder$1.secondPass(CollectionBinder.java:1464)
	at org.hibernate.boot.model.internal.CollectionSecondPass.doSecondPass(CollectionSecondPass.java:39)
	at org.hibernate.boot.internal.InFlightMetadataCollectorImpl.processSecondPasses(InFlightMetadataCollectorImpl.java:1769)
	at org.hibernate.boot.internal.InFlightMetadataCollectorImpl.processSecondPasses(InFlightMetadataCollectorImpl.java:1735)
	at org.hibernate.boot.model.process.spi.MetadataBuildingProcess.coordinateProcessors(MetadataBuildingProcess.java:361)
	at org.hibernate.boot.model.process.spi.MetadataBuildingProcess.complete(MetadataBuildingProcess.java:209)
	at org.hibernate.jpa.boot.internal.EntityManagerFactoryBuilderImpl.metadata(EntityManagerFactoryBuilderImpl.java:1388)
	at org.hibernate.jpa.boot.internal.EntityManagerFactoryBuilderImpl.populateSessionFactoryBuilder(EntityManagerFactoryBuilderImpl.java:1468)
	at org.hibernate.jpa.boot.internal.EntityManagerFactoryBuilderImpl.build(EntityManagerFactoryBuilderImpl.java:1450)
	at org.springframework.orm.jpa.vendor.SpringHibernateJpaPersistenceProvider.createContainerEntityManagerFactory(SpringHibernateJpaPersistenceProvider.java:93)
	at org.springframework.orm.jpa.LocalContainerEntityManagerFactoryBean.createNativeEntityManagerFactory(LocalContainerEntityManagerFactoryBean.java:443)
	at org.springframework.orm.jpa.AbstractEntityManagerFactoryBean.buildNativeEntityManagerFactory(AbstractEntityManagerFactoryBean.java:436)
	at org.springframework.orm.jpa.AbstractEntityManagerFactoryBean.afterPropertiesSet(AbstractEntityManagerFactoryBean.java:411)
	at org.springframework.orm.jpa.LocalContainerEntityManagerFactoryBean.afterPropertiesSet(LocalContainerEntityManagerFactoryBean.java:419)
	at org.springframework.beans.factory.support.AbstractAutowireCapableBeanFactory.invokeInitMethods(AbstractAutowireCapableBeanFactory.java:1862)
	at org.springframework.beans.factory.support.AbstractAutowireCapableBeanFactory.initializeBean(AbstractAutowireCapableBeanFactory.java:1811)
	... 18 common frames omitted
Caused by: org.hibernate.MappingException: A '@JoinColumn' references a column named 'id_set' but the target entity 'com.flashcolorcard.springboot.app.entities.Sets' has no property which maps to this column
	at org.hibernate.boot.model.internal.AnnotatedJoinColumns.getReferencedColumnsType(AnnotatedJoinColumns.java:344)
	... 38 common frames omitted
2026-07-29 16:10:29.473 INFO  c.f.springboot.app.Application - Starting Application using Java 21.0.2 with PID 33592 (C:\my projects\flashColorCardsApi\target\classes started by aleonmer in C:\my projects\flashColorCardsApi)
2026-07-29 16:10:29.478 DEBUG c.f.springboot.app.Application - Running with Spring Boot v4.1.0, Spring v7.0.8
2026-07-29 16:10:29.479 INFO  c.f.springboot.app.Application - The following 1 profile is active: "dev"
2026-07-29 16:10:29.542 INFO  o.s.b.d.e.DevToolsPropertyDefaultsPostProcessor - Devtools property defaults active! Set 'spring.devtools.add-properties' to 'false' to disable
2026-07-29 16:10:29.542 INFO  o.s.b.d.e.DevToolsPropertyDefaultsPostProcessor - For additional web related logging consider setting the 'logging.level.web' property to 'DEBUG'
2026-07-29 16:10:30.108 INFO  o.h.validator.internal.util.Version - HV000001: Hibernate Validator 9.1.0.Final
2026-07-29 16:10:30.887 INFO  o.s.d.r.c.RepositoryConfigurationDelegate - Bootstrapping Spring Data JPA repositories in DEFAULT mode.
2026-07-29 16:10:30.974 INFO  o.s.d.r.c.RepositoryConfigurationDelegate - Finished Spring Data repository scanning in 72 ms. Found 3 JPA repository interfaces.
2026-07-29 16:10:32.187 INFO  o.s.boot.tomcat.TomcatWebServer - Tomcat initialized with port 8080 (http)
2026-07-29 16:10:32.207 INFO  o.a.coyote.http11.Http11NioProtocol - Initializing ProtocolHandler ["http-nio-8080"]
2026-07-29 16:10:32.212 INFO  o.a.catalina.core.StandardService - Starting service [Tomcat]
2026-07-29 16:10:32.213 INFO  o.a.catalina.core.StandardEngine - Starting Servlet engine: [Apache Tomcat/11.0.22]
2026-07-29 16:10:32.303 INFO  o.s.b.w.c.s.WebApplicationContextInitializer - Root WebApplicationContext: initialization completed in 2758 ms
2026-07-29 16:10:32.769 INFO  org.hibernate.orm.jpa - HHH008540: Processing PersistenceUnitInfo [name: default]
2026-07-29 16:10:32.962 INFO  org.hibernate.orm.core - HHH000001: Hibernate ORM core version 7.4.1.Final
2026-07-29 16:10:33.843 INFO  o.s.o.j.p.SpringPersistenceUnitInfo - No LoadTimeWeaver setup: ignoring JPA class transformer
2026-07-29 16:10:33.890 INFO  com.zaxxer.hikari.HikariDataSource - HikariPool-1 - Starting...
2026-07-29 16:10:35.622 INFO  com.zaxxer.hikari.pool.HikariPool - HikariPool-1 - Added connection org.postgresql.jdbc.PgConnection@5557af45
2026-07-29 16:10:35.625 INFO  com.zaxxer.hikari.HikariDataSource - HikariPool-1 - Start completed.
2026-07-29 16:10:35.793 WARN  org.hibernate.orm.deprecation - HHH90000025: PostgreSQLDialect does not need to be specified explicitly using 'hibernate.dialect' (remove the property setting and it will be selected by default)
2026-07-29 16:10:36.051 INFO  o.hibernate.orm.connections.pooling - HHH10001005: Database info:
	Database JDBC URL [jdbc:postgresql://ep-super-river-ab15ua67-pooler.eu-west-2.aws.neon.tech/neondb]
	Database driver: PostgreSQL JDBC Driver
	Database dialect: PostgreSQLDialect
	Database version: 18.4
	Default catalog/schema: neondb/public
	Autocommit mode: undefined/unknown
	Isolation level: READ_COMMITTED [default READ_COMMITTED]
	JDBC fetch size: none
	Pool: DataSourceConnectionProvider
	Minimum pool size: undefined/unknown
	Maximum pool size: undefined/unknown
2026-07-29 16:10:37.564 INFO  org.hibernate.orm.core - HHH000489: No JTA platform available (set 'hibernate.transaction.jta.platform' to enable JTA platform integration)
2026-07-29 16:10:37.575 INFO  o.s.o.j.LocalContainerEntityManagerFactoryBean - Initialized JPA EntityManagerFactory for persistence unit 'default'
2026-07-29 16:10:37.711 INFO  o.s.d.j.r.q.QueryEnhancerFactories - Hibernate is in classpath; If applicable, HQL parser will be used.
2026-07-29 16:10:37.991 INFO  o.s.s.c.a.a.c.InitializeUserDetailsBeanManagerConfigurer$InitializeUserDetailsManagerConfigurer - Global AuthenticationManager configured with UserDetailsService bean with name userDetailsService
2026-07-29 16:10:38.245 WARN  o.s.b.j.a.JpaBaseConfiguration$JpaWebConfiguration - spring.jpa.open-in-view is enabled by default. Therefore, database queries may be performed during view rendering. Explicitly configure spring.jpa.open-in-view to disable this warning
2026-07-29 16:10:39.260 INFO  o.a.coyote.http11.Http11NioProtocol - Starting ProtocolHandler ["http-nio-8080"]
2026-07-29 16:10:39.301 INFO  o.s.boot.tomcat.TomcatWebServer - Tomcat started on port 8080 (http) with context path '/'
2026-07-29 16:10:39.311 INFO  c.f.springboot.app.Application - Started Application in 10.698 seconds (process running for 11.691)
2026-07-29 16:10:39.318 WARN  o.s.c.events.SpringDocAppInitializer - SpringDoc /v3/api-docs endpoint is enabled by default. To disable it in production, set the property 'springdoc.api-docs.enabled=false'
2026-07-29 16:10:39.318 WARN  o.s.c.events.SpringDocAppInitializer - SpringDoc /swagger-ui.html endpoint is enabled by default. To disable it in production, set the property 'springdoc.swagger-ui.enabled=false'
2026-07-29 16:11:21.751 INFO  o.a.c.c.C.[Tomcat].[localhost].[/] - Initializing Spring DispatcherServlet 'dispatcherServlet'
2026-07-29 16:11:21.751 INFO  o.s.web.servlet.DispatcherServlet - Initializing Servlet 'dispatcherServlet'
2026-07-29 16:11:21.754 INFO  o.s.web.servlet.DispatcherServlet - Completed initialization in 3 ms
2026-07-29 16:11:23.315 INFO  o.s.api.AbstractOpenApiResource - Init duration for springdoc-openapi is: 669 ms
2026-07-29 16:14:12.487 WARN  o.s.w.s.m.m.a.ExceptionHandlerExceptionResolver - Resolved [org.springframework.http.converter.HttpMessageNotWritableException: Could not write JSON: (was java.util.ConcurrentModificationException)]
2026-07-29 16:18:05.208 INFO  o.s.b.d.a.LocalDevToolsAutoConfiguration$RestartingClassPathChangeChangedEventListener - Restarting due to 1 class path change (0 additions, 1 deletion, 0 modifications)
2026-07-29 16:18:05.225 INFO  o.s.boot.tomcat.GracefulShutdown - Commencing graceful shutdown. Waiting for active requests to complete
2026-07-29 16:18:05.232 INFO  o.a.coyote.http11.Http11NioProtocol - Pausing ProtocolHandler ["http-nio-8080"]
2026-07-29 16:18:05.244 INFO  o.s.boot.tomcat.GracefulShutdown - Graceful shutdown complete
2026-07-29 16:18:05.244 INFO  o.a.coyote.http11.Http11NioProtocol - Stopping ProtocolHandler ["http-nio-8080"]
2026-07-29 16:18:05.257 INFO  o.s.o.j.LocalContainerEntityManagerFactoryBean - Closing JPA EntityManagerFactory for persistence unit 'default'
2026-07-29 16:18:05.263 INFO  com.zaxxer.hikari.HikariDataSource - HikariPool-1 - Shutdown initiated...
2026-07-29 16:18:05.714 INFO  com.zaxxer.hikari.HikariDataSource - HikariPool-1 - Shutdown completed.
2026-07-29 16:18:06.148 INFO  c.f.springboot.app.Application - Starting Application using Java 21.0.2 with PID 33592 (C:\my projects\flashColorCardsApi\target\classes started by aleonmer in C:\my projects\flashColorCardsApi)
2026-07-29 16:18:06.148 DEBUG c.f.springboot.app.Application - Running with Spring Boot v4.1.0, Spring v7.0.8
2026-07-29 16:18:06.149 INFO  c.f.springboot.app.Application - The following 1 profile is active: "dev"
2026-07-29 16:18:07.981 INFO  o.s.d.r.c.RepositoryConfigurationDelegate - Bootstrapping Spring Data JPA repositories in DEFAULT mode.
2026-07-29 16:18:08.160 WARN  o.s.b.w.s.s.c.AnnotationConfigServletWebServerApplicationContext - Exception encountered during context initialization - cancelling refresh attempt: java.lang.TypeNotPresentException: Type com.flashcolorcard.springboot.app.entities.Sets not present
2026-07-29 16:18:08.175 INFO  o.s.b.a.l.ConditionEvaluationReportLogger - 

Error starting ApplicationContext. To display the condition evaluation report re-run your application with 'debug' enabled.
2026-07-29 16:18:08.340 ERROR o.s.boot.SpringApplication - Application run failed
java.lang.TypeNotPresentException: Type com.flashcolorcard.springboot.app.entities.Sets not present
	at java.base/sun.reflect.generics.factory.CoreReflectionFactory.makeNamedType(CoreReflectionFactory.java:117)
	at java.base/sun.reflect.generics.visitor.Reifier.visitClassTypeSignature(Reifier.java:125)
	at java.base/sun.reflect.generics.tree.ClassTypeSignature.accept(ClassTypeSignature.java:49)
	at java.base/sun.reflect.generics.visitor.Reifier.reifyTypeArguments(Reifier.java:68)
	at java.base/sun.reflect.generics.visitor.Reifier.visitClassTypeSignature(Reifier.java:138)
	at java.base/sun.reflect.generics.tree.ClassTypeSignature.accept(ClassTypeSignature.java:49)
	at java.base/sun.reflect.generics.repository.ClassRepository.computeSuperInterfaces(ClassRepository.java:117)
	at java.base/sun.reflect.generics.repository.ClassRepository.getSuperInterfaces(ClassRepository.java:95)
	at java.base/java.lang.Class.getGenericInterfaces(Class.java:1296)
	at org.springframework.core.ResolvableType.getInterfaces(ResolvableType.java:544)
	at org.springframework.core.ResolvableType.as(ResolvableType.java:492)
	at org.springframework.data.core.TypeDiscoverer.getSuperTypeInformation(TypeDiscoverer.java:266)
	at org.springframework.data.core.TypeInformation.getRequiredSuperTypeInformation(TypeInformation.java:328)
	at org.springframework.data.repository.core.support.DefaultRepositoryMetadata.<init>(DefaultRepositoryMetadata.java:55)
	at org.springframework.data.repository.core.support.AbstractRepositoryMetadata.getMetadata(AbstractRepositoryMetadata.java:79)
	at org.springframework.data.repository.config.RepositoryConfigurationExtensionSupport.getRepositoryConfigurations(RepositoryConfigurationExtensionSupport.java:93)
	at org.springframework.data.repository.config.RepositoryConfigurationDelegate.registerRepositoriesIn(RepositoryConfigurationDelegate.java:170)
	at org.springframework.boot.autoconfigure.data.AbstractRepositoryConfigurationSourceSupport.registerBeanDefinitions(AbstractRepositoryConfigurationSourceSupport.java:67)
	at org.springframework.context.annotation.ConfigurationClassBeanDefinitionReader.lambda$loadBeanDefinitionsFromImportBeanDefinitionRegistrars$0(ConfigurationClassBeanDefinitionReader.java:422)
	at java.base/java.util.LinkedHashMap.forEach(LinkedHashMap.java:986)
	at org.springframework.context.annotation.ConfigurationClassBeanDefinitionReader.loadBeanDefinitionsFromImportBeanDefinitionRegistrars(ConfigurationClassBeanDefinitionReader.java:421)
	at org.springframework.context.annotation.ConfigurationClassBeanDefinitionReader.loadBeanDefinitionsForConfigurationClass(ConfigurationClassBeanDefinitionReader.java:152)
	at org.springframework.context.annotation.ConfigurationClassBeanDefinitionReader.loadBeanDefinitions(ConfigurationClassBeanDefinitionReader.java:124)
	at org.springframework.context.annotation.ConfigurationClassPostProcessor.processConfigBeanDefinitions(ConfigurationClassPostProcessor.java:464)
	at org.springframework.context.annotation.ConfigurationClassPostProcessor.postProcessBeanDefinitionRegistry(ConfigurationClassPostProcessor.java:316)
	at org.springframework.context.support.PostProcessorRegistrationDelegate.invokeBeanDefinitionRegistryPostProcessors(PostProcessorRegistrationDelegate.java:349)
	at org.springframework.context.support.PostProcessorRegistrationDelegate.invokeBeanFactoryPostProcessors(PostProcessorRegistrationDelegate.java:118)
	at org.springframework.context.support.AbstractApplicationContext.invokeBeanFactoryPostProcessors(AbstractApplicationContext.java:795)
	at org.springframework.context.support.AbstractApplicationContext.refresh(AbstractApplicationContext.java:603)
	at org.springframework.boot.web.server.servlet.context.ServletWebServerApplicationContext.refresh(ServletWebServerApplicationContext.java:143)
	at org.springframework.boot.SpringApplication.refresh(SpringApplication.java:756)
	at org.springframework.boot.SpringApplication.refreshContext(SpringApplication.java:445)
	at org.springframework.boot.SpringApplication.run(SpringApplication.java:321)
	at org.springframework.boot.SpringApplication.run(SpringApplication.java:1365)
	at org.springframework.boot.SpringApplication.run(SpringApplication.java:1354)
	at com.flashcolorcard.springboot.app.Application.main(Application.java:10)
	at java.base/jdk.internal.reflect.DirectMethodHandleAccessor.invoke(DirectMethodHandleAccessor.java:103)
	at java.base/java.lang.reflect.Method.invoke(Method.java:580)
	at org.springframework.boot.devtools.restart.RestartLauncher.run(RestartLauncher.java:52)
Caused by: java.lang.ClassNotFoundException: com.flashcolorcard.springboot.app.entities.Sets
	at java.base/jdk.internal.loader.BuiltinClassLoader.loadClass(BuiltinClassLoader.java:641)
	at java.base/jdk.internal.loader.ClassLoaders$AppClassLoader.loadClass(ClassLoaders.java:188)
	at java.base/java.lang.ClassLoader.loadClass(ClassLoader.java:526)
	at java.base/java.lang.Class.forName0(Native Method)
	at java.base/java.lang.Class.forName(Class.java:534)
	at java.base/java.lang.Class.forName(Class.java:513)
	at org.springframework.boot.devtools.restart.classloader.RestartClassLoader.loadClass(RestartClassLoader.java:123)
	at java.base/java.lang.ClassLoader.loadClass(ClassLoader.java:526)
	at java.base/java.lang.Class.forName0(Native Method)
	at java.base/java.lang.Class.forName(Class.java:534)
	at java.base/java.lang.Class.forName(Class.java:513)
	at java.base/sun.reflect.generics.factory.CoreReflectionFactory.makeNamedType(CoreReflectionFactory.java:114)
	... 38 common frames omitted
2026-07-29 16:19:14.883 INFO  c.f.springboot.app.Application - Starting Application using Java 21.0.2 with PID 33592 (C:\my projects\flashColorCardsApi\target\classes started by aleonmer in C:\my projects\flashColorCardsApi)
2026-07-29 16:19:14.884 DEBUG c.f.springboot.app.Application - Running with Spring Boot v4.1.0, Spring v7.0.8
2026-07-29 16:19:14.884 INFO  c.f.springboot.app.Application - The following 1 profile is active: "dev"
2026-07-29 16:19:15.290 INFO  o.s.d.r.c.RepositoryConfigurationDelegate - Bootstrapping Spring Data JPA repositories in DEFAULT mode.
2026-07-29 16:19:15.330 INFO  o.s.d.r.c.RepositoryConfigurationDelegate - Finished Spring Data repository scanning in 36 ms. Found 3 JPA repository interfaces.
2026-07-29 16:19:15.541 INFO  o.s.boot.tomcat.TomcatWebServer - Tomcat initialized with port 8080 (http)
2026-07-29 16:19:15.543 INFO  o.a.coyote.http11.Http11NioProtocol - Initializing ProtocolHandler ["http-nio-8080"]
2026-07-29 16:19:15.543 INFO  o.a.catalina.core.StandardService - Starting service [Tomcat]
2026-07-29 16:19:15.544 INFO  o.a.catalina.core.StandardEngine - Starting Servlet engine: [Apache Tomcat/11.0.22]
2026-07-29 16:19:15.593 INFO  o.s.b.w.c.s.WebApplicationContextInitializer - Root WebApplicationContext: initialization completed in 706 ms
2026-07-29 16:19:15.649 INFO  org.hibernate.orm.jpa - HHH008540: Processing PersistenceUnitInfo [name: default]
2026-07-29 16:19:15.688 INFO  o.s.o.j.p.SpringPersistenceUnitInfo - No LoadTimeWeaver setup: ignoring JPA class transformer
2026-07-29 16:19:15.689 INFO  com.zaxxer.hikari.HikariDataSource - HikariPool-2 - Starting...
2026-07-29 16:19:16.398 INFO  com.zaxxer.hikari.pool.HikariPool - HikariPool-2 - Added connection org.postgresql.jdbc.PgConnection@64835c3e
2026-07-29 16:19:16.399 INFO  com.zaxxer.hikari.HikariDataSource - HikariPool-2 - Start completed.
2026-07-29 16:19:16.443 WARN  org.hibernate.orm.deprecation - HHH90000025: PostgreSQLDialect does not need to be specified explicitly using 'hibernate.dialect' (remove the property setting and it will be selected by default)
2026-07-29 16:19:16.609 INFO  o.hibernate.orm.connections.pooling - HHH10001005: Database info:
	Database JDBC URL [jdbc:postgresql://ep-super-river-ab15ua67-pooler.eu-west-2.aws.neon.tech/neondb]
	Database driver: PostgreSQL JDBC Driver
	Database dialect: PostgreSQLDialect
	Database version: 18.4
	Default catalog/schema: neondb/public
	Autocommit mode: undefined/unknown
	Isolation level: READ_COMMITTED [default READ_COMMITTED]
	JDBC fetch size: none
	Pool: DataSourceConnectionProvider
	Minimum pool size: undefined/unknown
	Maximum pool size: undefined/unknown
2026-07-29 16:19:16.723 INFO  org.hibernate.orm.core - HHH000489: No JTA platform available (set 'hibernate.transaction.jta.platform' to enable JTA platform integration)
2026-07-29 16:19:16.724 INFO  o.s.o.j.LocalContainerEntityManagerFactoryBean - Initialized JPA EntityManagerFactory for persistence unit 'default'
2026-07-29 16:19:16.779 INFO  o.s.s.c.a.a.c.InitializeUserDetailsBeanManagerConfigurer$InitializeUserDetailsManagerConfigurer - Global AuthenticationManager configured with UserDetailsService bean with name userDetailsService
2026-07-29 16:19:16.871 WARN  o.s.b.j.a.JpaBaseConfiguration$JpaWebConfiguration - spring.jpa.open-in-view is enabled by default. Therefore, database queries may be performed during view rendering. Explicitly configure spring.jpa.open-in-view to disable this warning
2026-07-29 16:19:17.067 INFO  o.a.coyote.http11.Http11NioProtocol - Starting ProtocolHandler ["http-nio-8080"]
2026-07-29 16:19:17.081 INFO  o.s.boot.tomcat.TomcatWebServer - Tomcat started on port 8080 (http) with context path '/'
2026-07-29 16:19:17.086 INFO  c.f.springboot.app.Application - Started Application in 2.248 seconds (process running for 529.478)
2026-07-29 16:19:17.088 WARN  o.s.c.events.SpringDocAppInitializer - SpringDoc /v3/api-docs endpoint is enabled by default. To disable it in production, set the property 'springdoc.api-docs.enabled=false'
2026-07-29 16:19:17.089 WARN  o.s.c.events.SpringDocAppInitializer - SpringDoc /swagger-ui.html endpoint is enabled by default. To disable it in production, set the property 'springdoc.swagger-ui.enabled=false'
2026-07-29 16:19:17.090 INFO  o.s.b.d.a.ConditionEvaluationDeltaLoggingListener - Condition evaluation unchanged
2026-07-29 16:19:33.744 INFO  o.a.c.c.C.[Tomcat].[localhost].[/] - Initializing Spring DispatcherServlet 'dispatcherServlet'
2026-07-29 16:19:33.744 INFO  o.s.web.servlet.DispatcherServlet - Initializing Servlet 'dispatcherServlet'
2026-07-29 16:19:33.746 INFO  o.s.web.servlet.DispatcherServlet - Completed initialization in 2 ms
2026-07-29 16:19:34.555 INFO  o.s.api.AbstractOpenApiResource - Init duration for springdoc-openapi is: 309 ms
2026-07-29 16:20:10.571 WARN  o.s.w.s.m.m.a.ExceptionHandlerExceptionResolver - Resolved [org.springframework.http.converter.HttpMessageNotWritableException: Could not write JSON: Document nesting depth (501) exceeds the maximum allowed (500, from `StreamWriteConstraints.getMaxNestingDepth()`)]
2026-07-29 16:21:25.636 WARN  o.s.w.s.m.m.a.ExceptionHandlerExceptionResolver - Resolved [org.springframework.http.converter.HttpMessageNotWritableException: Could not write JSON: Document nesting depth (501) exceeds the maximum allowed (500, from `StreamWriteConstraints.getMaxNestingDepth()`)]
2026-07-29 16:29:37.639 INFO  o.s.b.d.a.LocalDevToolsAutoConfiguration$RestartingClassPathChangeChangedEventListener - Restarting due to 2 class path changes (0 additions, 2 deletions, 0 modifications)
2026-07-29 16:29:37.642 INFO  o.s.boot.tomcat.GracefulShutdown - Commencing graceful shutdown. Waiting for active requests to complete
2026-07-29 16:29:37.644 INFO  o.a.coyote.http11.Http11NioProtocol - Pausing ProtocolHandler ["http-nio-8080"]
2026-07-29 16:29:37.655 INFO  o.s.boot.tomcat.GracefulShutdown - Graceful shutdown complete
2026-07-29 16:29:37.656 INFO  o.a.coyote.http11.Http11NioProtocol - Stopping ProtocolHandler ["http-nio-8080"]
2026-07-29 16:29:37.660 INFO  o.s.o.j.LocalContainerEntityManagerFactoryBean - Closing JPA EntityManagerFactory for persistence unit 'default'
2026-07-29 16:29:37.661 INFO  com.zaxxer.hikari.HikariDataSource - HikariPool-2 - Shutdown initiated...
2026-07-29 16:29:38.067 INFO  com.zaxxer.hikari.HikariDataSource - HikariPool-2 - Shutdown completed.
2026-07-29 16:29:38.288 INFO  c.f.springboot.app.Application - Starting Application using Java 21.0.2 with PID 33592 (C:\my projects\flashColorCardsApi\target\classes started by aleonmer in C:\my projects\flashColorCardsApi)
2026-07-29 16:29:38.288 DEBUG c.f.springboot.app.Application - Running with Spring Boot v4.1.0, Spring v7.0.8
2026-07-29 16:29:38.289 INFO  c.f.springboot.app.Application - The following 1 profile is active: "dev"
2026-07-29 16:29:38.781 INFO  o.s.d.r.c.RepositoryConfigurationDelegate - Bootstrapping Spring Data JPA repositories in DEFAULT mode.
2026-07-29 16:29:38.821 INFO  o.s.d.r.c.RepositoryConfigurationDelegate - Finished Spring Data repository scanning in 36 ms. Found 3 JPA repository interfaces.
2026-07-29 16:29:39.023 INFO  o.s.boot.tomcat.TomcatWebServer - Tomcat initialized with port 8080 (http)
2026-07-29 16:29:39.024 INFO  o.a.coyote.http11.Http11NioProtocol - Initializing ProtocolHandler ["http-nio-8080"]
2026-07-29 16:29:39.025 INFO  o.a.catalina.core.StandardService - Starting service [Tomcat]
2026-07-29 16:29:39.025 INFO  o.a.catalina.core.StandardEngine - Starting Servlet engine: [Apache Tomcat/11.0.22]
2026-07-29 16:29:39.111 INFO  o.s.b.w.c.s.WebApplicationContextInitializer - Root WebApplicationContext: initialization completed in 818 ms
2026-07-29 16:29:39.200 INFO  org.hibernate.orm.jpa - HHH008540: Processing PersistenceUnitInfo [name: default]
2026-07-29 16:29:39.261 INFO  o.s.o.j.p.SpringPersistenceUnitInfo - No LoadTimeWeaver setup: ignoring JPA class transformer
2026-07-29 16:29:39.266 INFO  com.zaxxer.hikari.HikariDataSource - HikariPool-3 - Starting...
2026-07-29 16:29:39.798 INFO  com.zaxxer.hikari.pool.HikariPool - HikariPool-3 - Added connection org.postgresql.jdbc.PgConnection@7ed27767
2026-07-29 16:29:39.800 INFO  com.zaxxer.hikari.HikariDataSource - HikariPool-3 - Start completed.
2026-07-29 16:29:39.841 WARN  org.hibernate.orm.deprecation - HHH90000025: PostgreSQLDialect does not need to be specified explicitly using 'hibernate.dialect' (remove the property setting and it will be selected by default)
2026-07-29 16:29:40.017 INFO  o.hibernate.orm.connections.pooling - HHH10001005: Database info:
	Database JDBC URL [jdbc:postgresql://ep-super-river-ab15ua67-pooler.eu-west-2.aws.neon.tech/neondb]
	Database driver: PostgreSQL JDBC Driver
	Database dialect: PostgreSQLDialect
	Database version: 18.4
	Default catalog/schema: neondb/public
	Autocommit mode: undefined/unknown
	Isolation level: READ_COMMITTED [default READ_COMMITTED]
	JDBC fetch size: none
	Pool: DataSourceConnectionProvider
	Minimum pool size: undefined/unknown
	Maximum pool size: undefined/unknown
2026-07-29 16:29:40.152 INFO  org.hibernate.orm.core - HHH000489: No JTA platform available (set 'hibernate.transaction.jta.platform' to enable JTA platform integration)
2026-07-29 16:29:40.153 INFO  o.s.o.j.LocalContainerEntityManagerFactoryBean - Initialized JPA EntityManagerFactory for persistence unit 'default'
2026-07-29 16:29:40.230 INFO  o.s.s.c.a.a.c.InitializeUserDetailsBeanManagerConfigurer$InitializeUserDetailsManagerConfigurer - Global AuthenticationManager configured with UserDetailsService bean with name userDetailsService
2026-07-29 16:29:40.383 WARN  o.s.b.j.a.JpaBaseConfiguration$JpaWebConfiguration - spring.jpa.open-in-view is enabled by default. Therefore, database queries may be performed during view rendering. Explicitly configure spring.jpa.open-in-view to disable this warning
2026-07-29 16:29:40.592 INFO  o.a.coyote.http11.Http11NioProtocol - Starting ProtocolHandler ["http-nio-8080"]
2026-07-29 16:29:40.607 INFO  o.s.boot.tomcat.TomcatWebServer - Tomcat started on port 8080 (http) with context path '/'
2026-07-29 16:29:40.609 INFO  c.f.springboot.app.Application - Started Application in 2.386 seconds (process running for 1152.999)
2026-07-29 16:29:40.610 WARN  o.s.c.events.SpringDocAppInitializer - SpringDoc /v3/api-docs endpoint is enabled by default. To disable it in production, set the property 'springdoc.api-docs.enabled=false'
2026-07-29 16:29:40.611 WARN  o.s.c.events.SpringDocAppInitializer - SpringDoc /swagger-ui.html endpoint is enabled by default. To disable it in production, set the property 'springdoc.swagger-ui.enabled=false'
2026-07-29 16:29:40.611 INFO  o.s.b.d.a.ConditionEvaluationDeltaLoggingListener - Condition evaluation unchanged
2026-07-29 16:29:57.785 INFO  o.a.c.c.C.[Tomcat].[localhost].[/] - Initializing Spring DispatcherServlet 'dispatcherServlet'
2026-07-29 16:29:57.786 INFO  o.s.web.servlet.DispatcherServlet - Initializing Servlet 'dispatcherServlet'
2026-07-29 16:29:57.787 INFO  o.s.web.servlet.DispatcherServlet - Completed initialization in 1 ms
2026-07-29 16:29:58.997 INFO  o.s.api.AbstractOpenApiResource - Init duration for springdoc-openapi is: 391 ms
2026-07-29 16:30:41.535 WARN  o.s.w.s.m.m.a.ExceptionHandlerExceptionResolver - Resolved [org.springframework.http.converter.HttpMessageNotWritableException: Could not write JSON: Document nesting depth (501) exceeds the maximum allowed (500, from `StreamWriteConstraints.getMaxNestingDepth()`)]
2026-07-29 16:30:48.422 WARN  o.s.w.s.m.m.a.ExceptionHandlerExceptionResolver - Resolved [org.springframework.http.converter.HttpMessageNotWritableException: Could not write JSON: Document nesting depth (501) exceeds the maximum allowed (500, from `StreamWriteConstraints.getMaxNestingDepth()`)]
2026-07-29 16:33:42.537 INFO  o.s.b.d.a.LocalDevToolsAutoConfiguration$RestartingClassPathChangeChangedEventListener - Restarting due to 2 class path changes (0 additions, 2 deletions, 0 modifications)
2026-07-29 16:33:42.572 INFO  o.s.boot.tomcat.GracefulShutdown - Commencing graceful shutdown. Waiting for active requests to complete
2026-07-29 16:33:42.585 INFO  o.a.coyote.http11.Http11NioProtocol - Pausing ProtocolHandler ["http-nio-8080"]
2026-07-29 16:33:42.627 INFO  o.s.boot.tomcat.GracefulShutdown - Graceful shutdown complete
2026-07-29 16:33:42.628 INFO  o.a.coyote.http11.Http11NioProtocol - Stopping ProtocolHandler ["http-nio-8080"]
2026-07-29 16:33:42.632 INFO  o.s.o.j.LocalContainerEntityManagerFactoryBean - Closing JPA EntityManagerFactory for persistence unit 'default'
2026-07-29 16:33:42.634 INFO  com.zaxxer.hikari.HikariDataSource - HikariPool-3 - Shutdown initiated...
2026-07-29 16:33:43.084 INFO  com.zaxxer.hikari.HikariDataSource - HikariPool-3 - Shutdown completed.
2026-07-29 16:33:43.428 INFO  c.f.springboot.app.Application - Starting Application using Java 21.0.2 with PID 33592 (C:\my projects\flashColorCardsApi\target\classes started by aleonmer in C:\my projects\flashColorCardsApi)
2026-07-29 16:33:43.429 DEBUG c.f.springboot.app.Application - Running with Spring Boot v4.1.0, Spring v7.0.8
2026-07-29 16:33:43.430 INFO  c.f.springboot.app.Application - The following 1 profile is active: "dev"
2026-07-29 16:33:44.239 INFO  o.s.d.r.c.RepositoryConfigurationDelegate - Bootstrapping Spring Data JPA repositories in DEFAULT mode.
2026-07-29 16:33:44.275 WARN  o.s.b.w.s.s.c.AnnotationConfigServletWebServerApplicationContext - Exception encountered during context initialization - cancelling refresh attempt: java.lang.TypeNotPresentException: Type com.flashcolorcard.springboot.app.entities.Sets not present
2026-07-29 16:33:44.277 INFO  o.s.b.a.l.ConditionEvaluationReportLogger - 

Error starting ApplicationContext. To display the condition evaluation report re-run your application with 'debug' enabled.
2026-07-29 16:33:44.284 ERROR o.s.boot.SpringApplication - Application run failed
java.lang.TypeNotPresentException: Type com.flashcolorcard.springboot.app.entities.Sets not present
	at java.base/sun.reflect.generics.factory.CoreReflectionFactory.makeNamedType(CoreReflectionFactory.java:117)
	at java.base/sun.reflect.generics.visitor.Reifier.visitClassTypeSignature(Reifier.java:125)
	at java.base/sun.reflect.generics.tree.ClassTypeSignature.accept(ClassTypeSignature.java:49)
	at java.base/sun.reflect.generics.visitor.Reifier.reifyTypeArguments(Reifier.java:68)
	at java.base/sun.reflect.generics.visitor.Reifier.visitClassTypeSignature(Reifier.java:138)
	at java.base/sun.reflect.generics.tree.ClassTypeSignature.accept(ClassTypeSignature.java:49)
	at java.base/sun.reflect.generics.repository.ClassRepository.computeSuperInterfaces(ClassRepository.java:117)
	at java.base/sun.reflect.generics.repository.ClassRepository.getSuperInterfaces(ClassRepository.java:95)
	at java.base/java.lang.Class.getGenericInterfaces(Class.java:1296)
	at org.springframework.core.ResolvableType.getInterfaces(ResolvableType.java:544)
	at org.springframework.core.ResolvableType.as(ResolvableType.java:492)
	at org.springframework.data.core.TypeDiscoverer.getSuperTypeInformation(TypeDiscoverer.java:266)
	at org.springframework.data.core.TypeInformation.getRequiredSuperTypeInformation(TypeInformation.java:328)
	at org.springframework.data.repository.core.support.DefaultRepositoryMetadata.<init>(DefaultRepositoryMetadata.java:55)
	at org.springframework.data.repository.core.support.AbstractRepositoryMetadata.getMetadata(AbstractRepositoryMetadata.java:79)
	at org.springframework.data.repository.config.RepositoryConfigurationExtensionSupport.getRepositoryConfigurations(RepositoryConfigurationExtensionSupport.java:93)
	at org.springframework.data.repository.config.RepositoryConfigurationDelegate.registerRepositoriesIn(RepositoryConfigurationDelegate.java:170)
	at org.springframework.boot.autoconfigure.data.AbstractRepositoryConfigurationSourceSupport.registerBeanDefinitions(AbstractRepositoryConfigurationSourceSupport.java:67)
	at org.springframework.context.annotation.ConfigurationClassBeanDefinitionReader.lambda$loadBeanDefinitionsFromImportBeanDefinitionRegistrars$0(ConfigurationClassBeanDefinitionReader.java:422)
	at java.base/java.util.LinkedHashMap.forEach(LinkedHashMap.java:986)
	at org.springframework.context.annotation.ConfigurationClassBeanDefinitionReader.loadBeanDefinitionsFromImportBeanDefinitionRegistrars(ConfigurationClassBeanDefinitionReader.java:421)
	at org.springframework.context.annotation.ConfigurationClassBeanDefinitionReader.loadBeanDefinitionsForConfigurationClass(ConfigurationClassBeanDefinitionReader.java:152)
	at org.springframework.context.annotation.ConfigurationClassBeanDefinitionReader.loadBeanDefinitions(ConfigurationClassBeanDefinitionReader.java:124)
	at org.springframework.context.annotation.ConfigurationClassPostProcessor.processConfigBeanDefinitions(ConfigurationClassPostProcessor.java:464)
	at org.springframework.context.annotation.ConfigurationClassPostProcessor.postProcessBeanDefinitionRegistry(ConfigurationClassPostProcessor.java:316)
	at org.springframework.context.support.PostProcessorRegistrationDelegate.invokeBeanDefinitionRegistryPostProcessors(PostProcessorRegistrationDelegate.java:349)
	at org.springframework.context.support.PostProcessorRegistrationDelegate.invokeBeanFactoryPostProcessors(PostProcessorRegistrationDelegate.java:118)
	at org.springframework.context.support.AbstractApplicationContext.invokeBeanFactoryPostProcessors(AbstractApplicationContext.java:795)
	at org.springframework.context.support.AbstractApplicationContext.refresh(AbstractApplicationContext.java:603)
	at org.springframework.boot.web.server.servlet.context.ServletWebServerApplicationContext.refresh(ServletWebServerApplicationContext.java:143)
	at org.springframework.boot.SpringApplication.refresh(SpringApplication.java:756)
	at org.springframework.boot.SpringApplication.refreshContext(SpringApplication.java:445)
	at org.springframework.boot.SpringApplication.run(SpringApplication.java:321)
	at org.springframework.boot.SpringApplication.run(SpringApplication.java:1365)
	at org.springframework.boot.SpringApplication.run(SpringApplication.java:1354)
	at com.flashcolorcard.springboot.app.Application.main(Application.java:10)
	at java.base/jdk.internal.reflect.DirectMethodHandleAccessor.invoke(DirectMethodHandleAccessor.java:103)
	at java.base/java.lang.reflect.Method.invoke(Method.java:580)
	at org.springframework.boot.devtools.restart.RestartLauncher.run(RestartLauncher.java:52)
Caused by: java.lang.ClassNotFoundException: com.flashcolorcard.springboot.app.entities.Sets
	at java.base/jdk.internal.loader.BuiltinClassLoader.loadClass(BuiltinClassLoader.java:641)
	at java.base/jdk.internal.loader.ClassLoaders$AppClassLoader.loadClass(ClassLoaders.java:188)
	at java.base/java.lang.ClassLoader.loadClass(ClassLoader.java:526)
	at java.base/java.lang.Class.forName0(Native Method)
	at java.base/java.lang.Class.forName(Class.java:534)
	at java.base/java.lang.Class.forName(Class.java:513)
	at org.springframework.boot.devtools.restart.classloader.RestartClassLoader.loadClass(RestartClassLoader.java:123)
	at java.base/java.lang.ClassLoader.loadClass(ClassLoader.java:526)
	at java.base/java.lang.Class.forName0(Native Method)
	at java.base/java.lang.Class.forName(Class.java:534)
	at java.base/java.lang.Class.forName(Class.java:513)
	at java.base/sun.reflect.generics.factory.CoreReflectionFactory.makeNamedType(CoreReflectionFactory.java:114)
	... 38 common frames omitted
2026-07-29 16:33:49.033 INFO  c.f.springboot.app.Application - Starting Application using Java 21.0.2 with PID 33592 (C:\my projects\flashColorCardsApi\target\classes started by aleonmer in C:\my projects\flashColorCardsApi)
2026-07-29 16:33:49.034 DEBUG c.f.springboot.app.Application - Running with Spring Boot v4.1.0, Spring v7.0.8
2026-07-29 16:33:49.034 INFO  c.f.springboot.app.Application - The following 1 profile is active: "dev"
2026-07-29 16:33:49.763 INFO  o.s.d.r.c.RepositoryConfigurationDelegate - Bootstrapping Spring Data JPA repositories in DEFAULT mode.
2026-07-29 16:33:49.830 INFO  o.s.d.r.c.RepositoryConfigurationDelegate - Finished Spring Data repository scanning in 61 ms. Found 3 JPA repository interfaces.
2026-07-29 16:33:50.121 INFO  o.s.boot.tomcat.TomcatWebServer - Tomcat initialized with port 8080 (http)
2026-07-29 16:33:50.123 INFO  o.a.coyote.http11.Http11NioProtocol - Initializing ProtocolHandler ["http-nio-8080"]
2026-07-29 16:33:50.124 INFO  o.a.catalina.core.StandardService - Starting service [Tomcat]
2026-07-29 16:33:50.124 INFO  o.a.catalina.core.StandardEngine - Starting Servlet engine: [Apache Tomcat/11.0.22]
2026-07-29 16:33:50.223 INFO  o.s.b.w.c.s.WebApplicationContextInitializer - Root WebApplicationContext: initialization completed in 1184 ms
2026-07-29 16:33:50.299 INFO  org.hibernate.orm.jpa - HHH008540: Processing PersistenceUnitInfo [name: default]
2026-07-29 16:33:50.410 INFO  o.s.o.j.p.SpringPersistenceUnitInfo - No LoadTimeWeaver setup: ignoring JPA class transformer
2026-07-29 16:33:50.415 INFO  com.zaxxer.hikari.HikariDataSource - HikariPool-4 - Starting...
2026-07-29 16:33:50.833 INFO  com.zaxxer.hikari.pool.HikariPool - HikariPool-4 - Added connection org.postgresql.jdbc.PgConnection@3ab76017
2026-07-29 16:33:50.833 INFO  com.zaxxer.hikari.HikariDataSource - HikariPool-4 - Start completed.
2026-07-29 16:33:50.876 WARN  org.hibernate.orm.deprecation - HHH90000025: PostgreSQLDialect does not need to be specified explicitly using 'hibernate.dialect' (remove the property setting and it will be selected by default)
2026-07-29 16:33:51.038 INFO  o.hibernate.orm.connections.pooling - HHH10001005: Database info:
	Database JDBC URL [jdbc:postgresql://ep-super-river-ab15ua67-pooler.eu-west-2.aws.neon.tech/neondb]
	Database driver: PostgreSQL JDBC Driver
	Database dialect: PostgreSQLDialect
	Database version: 18.4
	Default catalog/schema: neondb/public
	Autocommit mode: undefined/unknown
	Isolation level: READ_COMMITTED [default READ_COMMITTED]
	JDBC fetch size: none
	Pool: DataSourceConnectionProvider
	Minimum pool size: undefined/unknown
	Maximum pool size: undefined/unknown
2026-07-29 16:33:51.442 INFO  org.hibernate.orm.core - HHH000489: No JTA platform available (set 'hibernate.transaction.jta.platform' to enable JTA platform integration)
2026-07-29 16:33:51.446 INFO  o.s.o.j.LocalContainerEntityManagerFactoryBean - Initialized JPA EntityManagerFactory for persistence unit 'default'
2026-07-29 16:33:51.614 INFO  o.s.s.c.a.a.c.InitializeUserDetailsBeanManagerConfigurer$InitializeUserDetailsManagerConfigurer - Global AuthenticationManager configured with UserDetailsService bean with name userDetailsService
2026-07-29 16:33:51.915 WARN  o.s.b.j.a.JpaBaseConfiguration$JpaWebConfiguration - spring.jpa.open-in-view is enabled by default. Therefore, database queries may be performed during view rendering. Explicitly configure spring.jpa.open-in-view to disable this warning
2026-07-29 16:33:52.413 INFO  o.a.coyote.http11.Http11NioProtocol - Starting ProtocolHandler ["http-nio-8080"]
2026-07-29 16:33:52.429 INFO  o.s.boot.tomcat.TomcatWebServer - Tomcat started on port 8080 (http) with context path '/'
2026-07-29 16:33:52.434 INFO  c.f.springboot.app.Application - Started Application in 3.479 seconds (process running for 1404.822)
2026-07-29 16:33:52.436 WARN  o.s.c.events.SpringDocAppInitializer - SpringDoc /v3/api-docs endpoint is enabled by default. To disable it in production, set the property 'springdoc.api-docs.enabled=false'
2026-07-29 16:33:52.436 WARN  o.s.c.events.SpringDocAppInitializer - SpringDoc /swagger-ui.html endpoint is enabled by default. To disable it in production, set the property 'springdoc.swagger-ui.enabled=false'
2026-07-29 16:33:52.438 INFO  o.s.b.d.a.ConditionEvaluationDeltaLoggingListener - Condition evaluation unchanged
2026-07-29 16:37:30.396 INFO  o.s.b.d.a.LocalDevToolsAutoConfiguration$RestartingClassPathChangeChangedEventListener - Restarting due to 4 class path changes (0 additions, 4 deletions, 0 modifications)
2026-07-29 16:37:30.400 INFO  o.s.boot.tomcat.GracefulShutdown - Commencing graceful shutdown. Waiting for active requests to complete
2026-07-29 16:37:30.402 INFO  o.a.coyote.http11.Http11NioProtocol - Pausing ProtocolHandler ["http-nio-8080"]
2026-07-29 16:37:30.417 INFO  o.s.boot.tomcat.GracefulShutdown - Graceful shutdown complete
2026-07-29 16:37:30.418 INFO  o.a.coyote.http11.Http11NioProtocol - Stopping ProtocolHandler ["http-nio-8080"]
2026-07-29 16:37:30.422 INFO  o.s.o.j.LocalContainerEntityManagerFactoryBean - Closing JPA EntityManagerFactory for persistence unit 'default'
2026-07-29 16:37:30.424 INFO  com.zaxxer.hikari.HikariDataSource - HikariPool-4 - Shutdown initiated...
2026-07-29 16:37:30.830 INFO  com.zaxxer.hikari.HikariDataSource - HikariPool-4 - Shutdown completed.
2026-07-29 16:37:31.119 INFO  c.f.springboot.app.Application - Starting Application using Java 21.0.2 with PID 33592 (C:\my projects\flashColorCardsApi\target\classes started by aleonmer in C:\my projects\flashColorCardsApi)
2026-07-29 16:37:31.122 DEBUG c.f.springboot.app.Application - Running with Spring Boot v4.1.0, Spring v7.0.8
2026-07-29 16:37:31.122 INFO  c.f.springboot.app.Application - The following 1 profile is active: "dev"
2026-07-29 16:37:31.819 INFO  o.s.d.r.c.RepositoryConfigurationDelegate - Bootstrapping Spring Data JPA repositories in DEFAULT mode.
2026-07-29 16:37:31.850 WARN  o.s.b.w.s.s.c.AnnotationConfigServletWebServerApplicationContext - Exception encountered during context initialization - cancelling refresh attempt: java.lang.TypeNotPresentException: Type com.flashcolorcard.springboot.app.entities.Card not present
2026-07-29 16:37:31.853 INFO  o.s.b.a.l.ConditionEvaluationReportLogger - 

Error starting ApplicationContext. To display the condition evaluation report re-run your application with 'debug' enabled.
2026-07-29 16:37:31.859 ERROR o.s.boot.SpringApplication - Application run failed
java.lang.TypeNotPresentException: Type com.flashcolorcard.springboot.app.entities.Card not present
	at java.base/sun.reflect.generics.factory.CoreReflectionFactory.makeNamedType(CoreReflectionFactory.java:117)
	at java.base/sun.reflect.generics.visitor.Reifier.visitClassTypeSignature(Reifier.java:125)
	at java.base/sun.reflect.generics.tree.ClassTypeSignature.accept(ClassTypeSignature.java:49)
	at java.base/sun.reflect.generics.visitor.Reifier.reifyTypeArguments(Reifier.java:68)
	at java.base/sun.reflect.generics.visitor.Reifier.visitClassTypeSignature(Reifier.java:138)
	at java.base/sun.reflect.generics.tree.ClassTypeSignature.accept(ClassTypeSignature.java:49)
	at java.base/sun.reflect.generics.repository.ClassRepository.computeSuperInterfaces(ClassRepository.java:117)
	at java.base/sun.reflect.generics.repository.ClassRepository.getSuperInterfaces(ClassRepository.java:95)
	at java.base/java.lang.Class.getGenericInterfaces(Class.java:1296)
	at org.springframework.core.ResolvableType.getInterfaces(ResolvableType.java:544)
	at org.springframework.core.ResolvableType.as(ResolvableType.java:492)
	at org.springframework.data.core.TypeDiscoverer.getSuperTypeInformation(TypeDiscoverer.java:266)
	at org.springframework.data.core.TypeInformation.getRequiredSuperTypeInformation(TypeInformation.java:328)
	at org.springframework.data.repository.core.support.DefaultRepositoryMetadata.<init>(DefaultRepositoryMetadata.java:55)
	at org.springframework.data.repository.core.support.AbstractRepositoryMetadata.getMetadata(AbstractRepositoryMetadata.java:79)
	at org.springframework.data.repository.config.RepositoryConfigurationExtensionSupport.getRepositoryConfigurations(RepositoryConfigurationExtensionSupport.java:93)
	at org.springframework.data.repository.config.RepositoryConfigurationDelegate.registerRepositoriesIn(RepositoryConfigurationDelegate.java:170)
	at org.springframework.boot.autoconfigure.data.AbstractRepositoryConfigurationSourceSupport.registerBeanDefinitions(AbstractRepositoryConfigurationSourceSupport.java:67)
	at org.springframework.context.annotation.ConfigurationClassBeanDefinitionReader.lambda$loadBeanDefinitionsFromImportBeanDefinitionRegistrars$0(ConfigurationClassBeanDefinitionReader.java:422)
	at java.base/java.util.LinkedHashMap.forEach(LinkedHashMap.java:986)
	at org.springframework.context.annotation.ConfigurationClassBeanDefinitionReader.loadBeanDefinitionsFromImportBeanDefinitionRegistrars(ConfigurationClassBeanDefinitionReader.java:421)
	at org.springframework.context.annotation.ConfigurationClassBeanDefinitionReader.loadBeanDefinitionsForConfigurationClass(ConfigurationClassBeanDefinitionReader.java:152)
	at org.springframework.context.annotation.ConfigurationClassBeanDefinitionReader.loadBeanDefinitions(ConfigurationClassBeanDefinitionReader.java:124)
	at org.springframework.context.annotation.ConfigurationClassPostProcessor.processConfigBeanDefinitions(ConfigurationClassPostProcessor.java:464)
	at org.springframework.context.annotation.ConfigurationClassPostProcessor.postProcessBeanDefinitionRegistry(ConfigurationClassPostProcessor.java:316)
	at org.springframework.context.support.PostProcessorRegistrationDelegate.invokeBeanDefinitionRegistryPostProcessors(PostProcessorRegistrationDelegate.java:349)
	at org.springframework.context.support.PostProcessorRegistrationDelegate.invokeBeanFactoryPostProcessors(PostProcessorRegistrationDelegate.java:118)
	at org.springframework.context.support.AbstractApplicationContext.invokeBeanFactoryPostProcessors(AbstractApplicationContext.java:795)
	at org.springframework.context.support.AbstractApplicationContext.refresh(AbstractApplicationContext.java:603)
	at org.springframework.boot.web.server.servlet.context.ServletWebServerApplicationContext.refresh(ServletWebServerApplicationContext.java:143)
	at org.springframework.boot.SpringApplication.refresh(SpringApplication.java:756)
	at org.springframework.boot.SpringApplication.refreshContext(SpringApplication.java:445)
	at org.springframework.boot.SpringApplication.run(SpringApplication.java:321)
	at org.springframework.boot.SpringApplication.run(SpringApplication.java:1365)
	at org.springframework.boot.SpringApplication.run(SpringApplication.java:1354)
	at com.flashcolorcard.springboot.app.Application.main(Application.java:10)
	at java.base/jdk.internal.reflect.DirectMethodHandleAccessor.invoke(DirectMethodHandleAccessor.java:103)
	at java.base/java.lang.reflect.Method.invoke(Method.java:580)
	at org.springframework.boot.devtools.restart.RestartLauncher.run(RestartLauncher.java:52)
Caused by: java.lang.ClassNotFoundException: com.flashcolorcard.springboot.app.entities.Card
	at java.base/jdk.internal.loader.BuiltinClassLoader.loadClass(BuiltinClassLoader.java:641)
	at java.base/jdk.internal.loader.ClassLoaders$AppClassLoader.loadClass(ClassLoaders.java:188)
	at java.base/java.lang.ClassLoader.loadClass(ClassLoader.java:526)
	at java.base/java.lang.Class.forName0(Native Method)
	at java.base/java.lang.Class.forName(Class.java:534)
	at java.base/java.lang.Class.forName(Class.java:513)
	at org.springframework.boot.devtools.restart.classloader.RestartClassLoader.loadClass(RestartClassLoader.java:123)
	at java.base/java.lang.ClassLoader.loadClass(ClassLoader.java:526)
	at java.base/java.lang.Class.forName0(Native Method)
	at java.base/java.lang.Class.forName(Class.java:534)
	at java.base/java.lang.Class.forName(Class.java:513)
	at java.base/sun.reflect.generics.factory.CoreReflectionFactory.makeNamedType(CoreReflectionFactory.java:114)
	... 38 common frames omitted
2026-07-29 16:37:36.970 INFO  c.f.springboot.app.Application - Starting Application using Java 21.0.2 with PID 33592 (C:\my projects\flashColorCardsApi\target\classes started by aleonmer in C:\my projects\flashColorCardsApi)
2026-07-29 16:37:36.971 DEBUG c.f.springboot.app.Application - Running with Spring Boot v4.1.0, Spring v7.0.8
2026-07-29 16:37:36.972 INFO  c.f.springboot.app.Application - The following 1 profile is active: "dev"
2026-07-29 16:37:37.548 INFO  o.s.d.r.c.RepositoryConfigurationDelegate - Bootstrapping Spring Data JPA repositories in DEFAULT mode.
2026-07-29 16:37:37.611 INFO  o.s.d.r.c.RepositoryConfigurationDelegate - Finished Spring Data repository scanning in 56 ms. Found 3 JPA repository interfaces.
2026-07-29 16:37:37.870 INFO  o.s.boot.tomcat.TomcatWebServer - Tomcat initialized with port 8080 (http)
2026-07-29 16:37:37.872 INFO  o.a.coyote.http11.Http11NioProtocol - Initializing ProtocolHandler ["http-nio-8080"]
2026-07-29 16:37:37.873 INFO  o.a.catalina.core.StandardService - Starting service [Tomcat]
2026-07-29 16:37:37.874 INFO  o.a.catalina.core.StandardEngine - Starting Servlet engine: [Apache Tomcat/11.0.22]
2026-07-29 16:37:37.970 INFO  o.s.b.w.c.s.WebApplicationContextInitializer - Root WebApplicationContext: initialization completed in 994 ms
2026-07-29 16:37:38.052 INFO  org.hibernate.orm.jpa - HHH008540: Processing PersistenceUnitInfo [name: default]
2026-07-29 16:37:38.137 INFO  o.s.o.j.p.SpringPersistenceUnitInfo - No LoadTimeWeaver setup: ignoring JPA class transformer
2026-07-29 16:37:38.138 INFO  com.zaxxer.hikari.HikariDataSource - HikariPool-5 - Starting...
2026-07-29 16:37:38.681 INFO  com.zaxxer.hikari.pool.HikariPool - HikariPool-5 - Added connection org.postgresql.jdbc.PgConnection@396a70ba
2026-07-29 16:37:38.681 INFO  com.zaxxer.hikari.HikariDataSource - HikariPool-5 - Start completed.
2026-07-29 16:37:38.758 WARN  org.hibernate.orm.deprecation - HHH90000025: PostgreSQLDialect does not need to be specified explicitly using 'hibernate.dialect' (remove the property setting and it will be selected by default)
2026-07-29 16:37:38.943 INFO  o.hibernate.orm.connections.pooling - HHH10001005: Database info:
	Database JDBC URL [jdbc:postgresql://ep-super-river-ab15ua67-pooler.eu-west-2.aws.neon.tech/neondb]
	Database driver: PostgreSQL JDBC Driver
	Database dialect: PostgreSQLDialect
	Database version: 18.4
	Default catalog/schema: neondb/public
	Autocommit mode: undefined/unknown
	Isolation level: READ_COMMITTED [default READ_COMMITTED]
	JDBC fetch size: none
	Pool: DataSourceConnectionProvider
	Minimum pool size: undefined/unknown
	Maximum pool size: undefined/unknown
2026-07-29 16:37:39.138 INFO  org.hibernate.orm.core - HHH000489: No JTA platform available (set 'hibernate.transaction.jta.platform' to enable JTA platform integration)
2026-07-29 16:37:39.141 INFO  o.s.o.j.LocalContainerEntityManagerFactoryBean - Initialized JPA EntityManagerFactory for persistence unit 'default'
2026-07-29 16:37:39.303 INFO  o.s.s.c.a.a.c.InitializeUserDetailsBeanManagerConfigurer$InitializeUserDetailsManagerConfigurer - Global AuthenticationManager configured with UserDetailsService bean with name userDetailsService
2026-07-29 16:37:39.312 WARN  o.s.b.w.s.s.c.AnnotationConfigServletWebServerApplicationContext - Exception encountered during context initialization - cancelling refresh attempt: org.springframework.beans.factory.UnsatisfiedDependencyException: Error creating bean with name 'cardController': Unsatisfied dependency expressed through field 'service': No qualifying bean of type 'com.flashcolorcard.springboot.app.servicies.CardService' available: expected at least 1 bean which qualifies as autowire candidate. Dependency annotations: {@org.springframework.beans.factory.annotation.Autowired(required=true)}
2026-07-29 16:37:39.313 INFO  o.s.o.j.LocalContainerEntityManagerFactoryBean - Closing JPA EntityManagerFactory for persistence unit 'default'
2026-07-29 16:37:39.314 INFO  com.zaxxer.hikari.HikariDataSource - HikariPool-5 - Shutdown initiated...
2026-07-29 16:37:39.578 INFO  com.zaxxer.hikari.HikariDataSource - HikariPool-5 - Shutdown completed.
2026-07-29 16:37:39.581 INFO  o.a.catalina.core.StandardService - Stopping service [Tomcat]
2026-07-29 16:37:39.611 INFO  o.s.b.a.l.ConditionEvaluationReportLogger - 

Error starting ApplicationContext. To display the condition evaluation report re-run your application with 'debug' enabled.
2026-07-29 16:37:39.625 ERROR o.s.b.d.LoggingFailureAnalysisReporter - 

***************************
APPLICATION FAILED TO START
***************************

Description:

Field service in com.flashcolorcard.springboot.app.controllers.CardController required a bean of type 'com.flashcolorcard.springboot.app.servicies.CardService' that could not be found.

The injection point has the following annotations:
	- @org.springframework.beans.factory.annotation.Autowired(required=true)


Action:

Consider defining a bean of type 'com.flashcolorcard.springboot.app.servicies.CardService' in your configuration.

2026-07-29 16:38:12.864 INFO  c.f.springboot.app.Application - Starting Application using Java 21.0.2 with PID 33592 (C:\my projects\flashColorCardsApi\target\classes started by aleonmer in C:\my projects\flashColorCardsApi)
2026-07-29 16:38:12.866 DEBUG c.f.springboot.app.Application - Running with Spring Boot v4.1.0, Spring v7.0.8
2026-07-29 16:38:12.866 INFO  c.f.springboot.app.Application - The following 1 profile is active: "dev"
2026-07-29 16:38:13.729 INFO  o.s.d.r.c.RepositoryConfigurationDelegate - Bootstrapping Spring Data JPA repositories in DEFAULT mode.
2026-07-29 16:38:13.760 WARN  o.s.b.w.s.s.c.AnnotationConfigServletWebServerApplicationContext - Exception encountered during context initialization - cancelling refresh attempt: java.lang.TypeNotPresentException: Type com.flashcolorcard.springboot.app.entities.Card not present
2026-07-29 16:38:13.762 INFO  o.s.b.a.l.ConditionEvaluationReportLogger - 

Error starting ApplicationContext. To display the condition evaluation report re-run your application with 'debug' enabled.
2026-07-29 16:38:13.768 ERROR o.s.boot.SpringApplication - Application run failed
java.lang.TypeNotPresentException: Type com.flashcolorcard.springboot.app.entities.Card not present
	at java.base/sun.reflect.generics.factory.CoreReflectionFactory.makeNamedType(CoreReflectionFactory.java:117)
	at java.base/sun.reflect.generics.visitor.Reifier.visitClassTypeSignature(Reifier.java:125)
	at java.base/sun.reflect.generics.tree.ClassTypeSignature.accept(ClassTypeSignature.java:49)
	at java.base/sun.reflect.generics.visitor.Reifier.reifyTypeArguments(Reifier.java:68)
	at java.base/sun.reflect.generics.visitor.Reifier.visitClassTypeSignature(Reifier.java:138)
	at java.base/sun.reflect.generics.tree.ClassTypeSignature.accept(ClassTypeSignature.java:49)
	at java.base/sun.reflect.generics.repository.ClassRepository.computeSuperInterfaces(ClassRepository.java:117)
	at java.base/sun.reflect.generics.repository.ClassRepository.getSuperInterfaces(ClassRepository.java:95)
	at java.base/java.lang.Class.getGenericInterfaces(Class.java:1296)
	at org.springframework.core.ResolvableType.getInterfaces(ResolvableType.java:544)
	at org.springframework.core.ResolvableType.as(ResolvableType.java:492)
	at org.springframework.data.core.TypeDiscoverer.getSuperTypeInformation(TypeDiscoverer.java:266)
	at org.springframework.data.core.TypeInformation.getRequiredSuperTypeInformation(TypeInformation.java:328)
	at org.springframework.data.repository.core.support.DefaultRepositoryMetadata.<init>(DefaultRepositoryMetadata.java:55)
	at org.springframework.data.repository.core.support.AbstractRepositoryMetadata.getMetadata(AbstractRepositoryMetadata.java:79)
	at org.springframework.data.repository.config.RepositoryConfigurationExtensionSupport.getRepositoryConfigurations(RepositoryConfigurationExtensionSupport.java:93)
	at org.springframework.data.repository.config.RepositoryConfigurationDelegate.registerRepositoriesIn(RepositoryConfigurationDelegate.java:170)
	at org.springframework.boot.autoconfigure.data.AbstractRepositoryConfigurationSourceSupport.registerBeanDefinitions(AbstractRepositoryConfigurationSourceSupport.java:67)
	at org.springframework.context.annotation.ConfigurationClassBeanDefinitionReader.lambda$loadBeanDefinitionsFromImportBeanDefinitionRegistrars$0(ConfigurationClassBeanDefinitionReader.java:422)
	at java.base/java.util.LinkedHashMap.forEach(LinkedHashMap.java:986)
	at org.springframework.context.annotation.ConfigurationClassBeanDefinitionReader.loadBeanDefinitionsFromImportBeanDefinitionRegistrars(ConfigurationClassBeanDefinitionReader.java:421)
	at org.springframework.context.annotation.ConfigurationClassBeanDefinitionReader.loadBeanDefinitionsForConfigurationClass(ConfigurationClassBeanDefinitionReader.java:152)
	at org.springframework.context.annotation.ConfigurationClassBeanDefinitionReader.loadBeanDefinitions(ConfigurationClassBeanDefinitionReader.java:124)
	at org.springframework.context.annotation.ConfigurationClassPostProcessor.processConfigBeanDefinitions(ConfigurationClassPostProcessor.java:464)
	at org.springframework.context.annotation.ConfigurationClassPostProcessor.postProcessBeanDefinitionRegistry(ConfigurationClassPostProcessor.java:316)
	at org.springframework.context.support.PostProcessorRegistrationDelegate.invokeBeanDefinitionRegistryPostProcessors(PostProcessorRegistrationDelegate.java:349)
	at org.springframework.context.support.PostProcessorRegistrationDelegate.invokeBeanFactoryPostProcessors(PostProcessorRegistrationDelegate.java:118)
	at org.springframework.context.support.AbstractApplicationContext.invokeBeanFactoryPostProcessors(AbstractApplicationContext.java:795)
	at org.springframework.context.support.AbstractApplicationContext.refresh(AbstractApplicationContext.java:603)
	at org.springframework.boot.web.server.servlet.context.ServletWebServerApplicationContext.refresh(ServletWebServerApplicationContext.java:143)
	at org.springframework.boot.SpringApplication.refresh(SpringApplication.java:756)
	at org.springframework.boot.SpringApplication.refreshContext(SpringApplication.java:445)
	at org.springframework.boot.SpringApplication.run(SpringApplication.java:321)
	at org.springframework.boot.SpringApplication.run(SpringApplication.java:1365)
	at org.springframework.boot.SpringApplication.run(SpringApplication.java:1354)
	at com.flashcolorcard.springboot.app.Application.main(Application.java:10)
	at java.base/jdk.internal.reflect.DirectMethodHandleAccessor.invoke(DirectMethodHandleAccessor.java:103)
	at java.base/java.lang.reflect.Method.invoke(Method.java:580)
	at org.springframework.boot.devtools.restart.RestartLauncher.run(RestartLauncher.java:52)
Caused by: java.lang.ClassNotFoundException: com.flashcolorcard.springboot.app.entities.Card
	at java.base/jdk.internal.loader.BuiltinClassLoader.loadClass(BuiltinClassLoader.java:641)
	at java.base/jdk.internal.loader.ClassLoaders$AppClassLoader.loadClass(ClassLoaders.java:188)
	at java.base/java.lang.ClassLoader.loadClass(ClassLoader.java:526)
	at java.base/java.lang.Class.forName0(Native Method)
	at java.base/java.lang.Class.forName(Class.java:534)
	at java.base/java.lang.Class.forName(Class.java:513)
	at org.springframework.boot.devtools.restart.classloader.RestartClassLoader.loadClass(RestartClassLoader.java:123)
	at java.base/java.lang.ClassLoader.loadClass(ClassLoader.java:526)
	at java.base/java.lang.Class.forName0(Native Method)
	at java.base/java.lang.Class.forName(Class.java:534)
	at java.base/java.lang.Class.forName(Class.java:513)
	at java.base/sun.reflect.generics.factory.CoreReflectionFactory.makeNamedType(CoreReflectionFactory.java:114)
	... 38 common frames omitted
2026-07-29 16:38:18.960 INFO  c.f.springboot.app.Application - Starting Application using Java 21.0.2 with PID 33592 (C:\my projects\flashColorCardsApi\target\classes started by aleonmer in C:\my projects\flashColorCardsApi)
2026-07-29 16:38:18.961 DEBUG c.f.springboot.app.Application - Running with Spring Boot v4.1.0, Spring v7.0.8
2026-07-29 16:38:18.961 INFO  c.f.springboot.app.Application - The following 1 profile is active: "dev"
2026-07-29 16:38:19.556 INFO  o.s.d.r.c.RepositoryConfigurationDelegate - Bootstrapping Spring Data JPA repositories in DEFAULT mode.
2026-07-29 16:38:19.623 INFO  o.s.d.r.c.RepositoryConfigurationDelegate - Finished Spring Data repository scanning in 61 ms. Found 3 JPA repository interfaces.
2026-07-29 16:38:19.824 INFO  o.s.boot.tomcat.TomcatWebServer - Tomcat initialized with port 8080 (http)
2026-07-29 16:38:19.826 INFO  o.a.coyote.http11.Http11NioProtocol - Initializing ProtocolHandler ["http-nio-8080"]
2026-07-29 16:38:19.827 INFO  o.a.catalina.core.StandardService - Starting service [Tomcat]
2026-07-29 16:38:19.828 INFO  o.a.catalina.core.StandardEngine - Starting Servlet engine: [Apache Tomcat/11.0.22]
2026-07-29 16:38:19.906 INFO  o.s.b.w.c.s.WebApplicationContextInitializer - Root WebApplicationContext: initialization completed in 941 ms
2026-07-29 16:38:19.978 INFO  org.hibernate.orm.jpa - HHH008540: Processing PersistenceUnitInfo [name: default]
2026-07-29 16:38:20.056 INFO  o.s.o.j.p.SpringPersistenceUnitInfo - No LoadTimeWeaver setup: ignoring JPA class transformer
2026-07-29 16:38:20.059 INFO  com.zaxxer.hikari.HikariDataSource - HikariPool-6 - Starting...
2026-07-29 16:38:20.488 INFO  com.zaxxer.hikari.pool.HikariPool - HikariPool-6 - Added connection org.postgresql.jdbc.PgConnection@366dbf76
2026-07-29 16:38:20.488 INFO  com.zaxxer.hikari.HikariDataSource - HikariPool-6 - Start completed.
2026-07-29 16:38:20.533 WARN  org.hibernate.orm.deprecation - HHH90000025: PostgreSQLDialect does not need to be specified explicitly using 'hibernate.dialect' (remove the property setting and it will be selected by default)
2026-07-29 16:38:20.703 INFO  o.hibernate.orm.connections.pooling - HHH10001005: Database info:
	Database JDBC URL [jdbc:postgresql://ep-super-river-ab15ua67-pooler.eu-west-2.aws.neon.tech/neondb]
	Database driver: PostgreSQL JDBC Driver
	Database dialect: PostgreSQLDialect
	Database version: 18.4
	Default catalog/schema: neondb/public
	Autocommit mode: undefined/unknown
	Isolation level: READ_COMMITTED [default READ_COMMITTED]
	JDBC fetch size: none
	Pool: DataSourceConnectionProvider
	Minimum pool size: undefined/unknown
	Maximum pool size: undefined/unknown
2026-07-29 16:38:20.893 INFO  org.hibernate.orm.core - HHH000489: No JTA platform available (set 'hibernate.transaction.jta.platform' to enable JTA platform integration)
2026-07-29 16:38:20.896 INFO  o.s.o.j.LocalContainerEntityManagerFactoryBean - Initialized JPA EntityManagerFactory for persistence unit 'default'
2026-07-29 16:38:21.064 INFO  o.s.s.c.a.a.c.InitializeUserDetailsBeanManagerConfigurer$InitializeUserDetailsManagerConfigurer - Global AuthenticationManager configured with UserDetailsService bean with name userDetailsService
2026-07-29 16:38:21.196 WARN  o.s.b.j.a.JpaBaseConfiguration$JpaWebConfiguration - spring.jpa.open-in-view is enabled by default. Therefore, database queries may be performed during view rendering. Explicitly configure spring.jpa.open-in-view to disable this warning
2026-07-29 16:38:21.475 INFO  o.a.coyote.http11.Http11NioProtocol - Starting ProtocolHandler ["http-nio-8080"]
2026-07-29 16:38:21.492 INFO  o.s.boot.tomcat.TomcatWebServer - Tomcat started on port 8080 (http) with context path '/'
2026-07-29 16:38:21.496 INFO  c.f.springboot.app.Application - Started Application in 2.592 seconds (process running for 1673.884)
2026-07-29 16:38:21.498 WARN  o.s.c.events.SpringDocAppInitializer - SpringDoc /v3/api-docs endpoint is enabled by default. To disable it in production, set the property 'springdoc.api-docs.enabled=false'
2026-07-29 16:38:21.498 WARN  o.s.c.events.SpringDocAppInitializer - SpringDoc /swagger-ui.html endpoint is enabled by default. To disable it in production, set the property 'springdoc.swagger-ui.enabled=false'
2026-07-29 16:38:21.499 INFO  o.s.b.d.a.ConditionEvaluationDeltaLoggingListener - Condition evaluation unchanged
2026-07-29 16:39:35.789 INFO  o.a.c.c.C.[Tomcat-1].[localhost].[/] - Initializing Spring DispatcherServlet 'dispatcherServlet'
2026-07-29 16:39:35.791 INFO  o.s.web.servlet.DispatcherServlet - Initializing Servlet 'dispatcherServlet'
2026-07-29 16:39:35.797 INFO  o.s.web.servlet.DispatcherServlet - Completed initialization in 6 ms
2026-07-29 16:39:37.561 INFO  o.s.api.AbstractOpenApiResource - Init duration for springdoc-openapi is: 681 ms
2026-07-29 16:40:10.117 WARN  o.s.w.s.m.m.a.ExceptionHandlerExceptionResolver - Resolved [org.springframework.http.converter.HttpMessageNotWritableException: Could not write JSON: Document nesting depth (501) exceeds the maximum allowed (500, from `StreamWriteConstraints.getMaxNestingDepth()`)]
2026-07-29 16:43:35.821 INFO  o.s.b.d.a.LocalDevToolsAutoConfiguration$RestartingClassPathChangeChangedEventListener - Restarting due to 4 class path changes (0 additions, 4 deletions, 0 modifications)
2026-07-29 16:43:35.825 INFO  o.s.boot.tomcat.GracefulShutdown - Commencing graceful shutdown. Waiting for active requests to complete
2026-07-29 16:43:35.827 INFO  o.a.coyote.http11.Http11NioProtocol - Pausing ProtocolHandler ["http-nio-8080"]
2026-07-29 16:43:35.844 INFO  o.s.boot.tomcat.GracefulShutdown - Graceful shutdown complete
2026-07-29 16:43:35.845 INFO  o.a.coyote.http11.Http11NioProtocol - Stopping ProtocolHandler ["http-nio-8080"]
2026-07-29 16:43:35.849 INFO  o.s.o.j.LocalContainerEntityManagerFactoryBean - Closing JPA EntityManagerFactory for persistence unit 'default'
2026-07-29 16:43:35.850 INFO  com.zaxxer.hikari.HikariDataSource - HikariPool-6 - Shutdown initiated...
2026-07-29 16:43:36.295 INFO  com.zaxxer.hikari.HikariDataSource - HikariPool-6 - Shutdown completed.
2026-07-29 16:43:36.580 INFO  c.f.springboot.app.Application - Starting Application using Java 21.0.2 with PID 33592 (C:\my projects\flashColorCardsApi\target\classes started by aleonmer in C:\my projects\flashColorCardsApi)
2026-07-29 16:43:36.581 DEBUG c.f.springboot.app.Application - Running with Spring Boot v4.1.0, Spring v7.0.8
2026-07-29 16:43:36.581 INFO  c.f.springboot.app.Application - The following 1 profile is active: "dev"
2026-07-29 16:43:37.098 INFO  o.s.d.r.c.RepositoryConfigurationDelegate - Bootstrapping Spring Data JPA repositories in DEFAULT mode.
2026-07-29 16:43:37.134 WARN  o.s.b.w.s.s.c.AnnotationConfigServletWebServerApplicationContext - Exception encountered during context initialization - cancelling refresh attempt: java.lang.TypeNotPresentException: Type com.flashcolorcard.springboot.app.entities.Card not present
2026-07-29 16:43:37.137 INFO  o.s.b.a.l.ConditionEvaluationReportLogger - 

Error starting ApplicationContext. To display the condition evaluation report re-run your application with 'debug' enabled.
2026-07-29 16:43:37.145 ERROR o.s.boot.SpringApplication - Application run failed
java.lang.TypeNotPresentException: Type com.flashcolorcard.springboot.app.entities.Card not present
	at java.base/sun.reflect.generics.factory.CoreReflectionFactory.makeNamedType(CoreReflectionFactory.java:117)
	at java.base/sun.reflect.generics.visitor.Reifier.visitClassTypeSignature(Reifier.java:125)
	at java.base/sun.reflect.generics.tree.ClassTypeSignature.accept(ClassTypeSignature.java:49)
	at java.base/sun.reflect.generics.visitor.Reifier.reifyTypeArguments(Reifier.java:68)
	at java.base/sun.reflect.generics.visitor.Reifier.visitClassTypeSignature(Reifier.java:138)
	at java.base/sun.reflect.generics.tree.ClassTypeSignature.accept(ClassTypeSignature.java:49)
	at java.base/sun.reflect.generics.repository.ClassRepository.computeSuperInterfaces(ClassRepository.java:117)
	at java.base/sun.reflect.generics.repository.ClassRepository.getSuperInterfaces(ClassRepository.java:95)
	at java.base/java.lang.Class.getGenericInterfaces(Class.java:1296)
	at org.springframework.core.ResolvableType.getInterfaces(ResolvableType.java:544)
	at org.springframework.core.ResolvableType.as(ResolvableType.java:492)
	at org.springframework.data.core.TypeDiscoverer.getSuperTypeInformation(TypeDiscoverer.java:266)
	at org.springframework.data.core.TypeInformation.getRequiredSuperTypeInformation(TypeInformation.java:328)
	at org.springframework.data.repository.core.support.DefaultRepositoryMetadata.<init>(DefaultRepositoryMetadata.java:55)
	at org.springframework.data.repository.core.support.AbstractRepositoryMetadata.getMetadata(AbstractRepositoryMetadata.java:79)
	at org.springframework.data.repository.config.RepositoryConfigurationExtensionSupport.getRepositoryConfigurations(RepositoryConfigurationExtensionSupport.java:93)
	at org.springframework.data.repository.config.RepositoryConfigurationDelegate.registerRepositoriesIn(RepositoryConfigurationDelegate.java:170)
	at org.springframework.boot.autoconfigure.data.AbstractRepositoryConfigurationSourceSupport.registerBeanDefinitions(AbstractRepositoryConfigurationSourceSupport.java:67)
	at org.springframework.context.annotation.ConfigurationClassBeanDefinitionReader.lambda$loadBeanDefinitionsFromImportBeanDefinitionRegistrars$0(ConfigurationClassBeanDefinitionReader.java:422)
	at java.base/java.util.LinkedHashMap.forEach(LinkedHashMap.java:986)
	at org.springframework.context.annotation.ConfigurationClassBeanDefinitionReader.loadBeanDefinitionsFromImportBeanDefinitionRegistrars(ConfigurationClassBeanDefinitionReader.java:421)
	at org.springframework.context.annotation.ConfigurationClassBeanDefinitionReader.loadBeanDefinitionsForConfigurationClass(ConfigurationClassBeanDefinitionReader.java:152)
	at org.springframework.context.annotation.ConfigurationClassBeanDefinitionReader.loadBeanDefinitions(ConfigurationClassBeanDefinitionReader.java:124)
	at org.springframework.context.annotation.ConfigurationClassPostProcessor.processConfigBeanDefinitions(ConfigurationClassPostProcessor.java:464)
	at org.springframework.context.annotation.ConfigurationClassPostProcessor.postProcessBeanDefinitionRegistry(ConfigurationClassPostProcessor.java:316)
	at org.springframework.context.support.PostProcessorRegistrationDelegate.invokeBeanDefinitionRegistryPostProcessors(PostProcessorRegistrationDelegate.java:349)
	at org.springframework.context.support.PostProcessorRegistrationDelegate.invokeBeanFactoryPostProcessors(PostProcessorRegistrationDelegate.java:118)
	at org.springframework.context.support.AbstractApplicationContext.invokeBeanFactoryPostProcessors(AbstractApplicationContext.java:795)
	at org.springframework.context.support.AbstractApplicationContext.refresh(AbstractApplicationContext.java:603)
	at org.springframework.boot.web.server.servlet.context.ServletWebServerApplicationContext.refresh(ServletWebServerApplicationContext.java:143)
	at org.springframework.boot.SpringApplication.refresh(SpringApplication.java:756)
	at org.springframework.boot.SpringApplication.refreshContext(SpringApplication.java:445)
	at org.springframework.boot.SpringApplication.run(SpringApplication.java:321)
	at org.springframework.boot.SpringApplication.run(SpringApplication.java:1365)
	at org.springframework.boot.SpringApplication.run(SpringApplication.java:1354)
	at com.flashcolorcard.springboot.app.Application.main(Application.java:10)
	at java.base/jdk.internal.reflect.DirectMethodHandleAccessor.invoke(DirectMethodHandleAccessor.java:103)
	at java.base/java.lang.reflect.Method.invoke(Method.java:580)
	at org.springframework.boot.devtools.restart.RestartLauncher.run(RestartLauncher.java:52)
Caused by: java.lang.ClassNotFoundException: com.flashcolorcard.springboot.app.entities.Card
	at java.base/jdk.internal.loader.BuiltinClassLoader.loadClass(BuiltinClassLoader.java:641)
	at java.base/jdk.internal.loader.ClassLoaders$AppClassLoader.loadClass(ClassLoaders.java:188)
	at java.base/java.lang.ClassLoader.loadClass(ClassLoader.java:526)
	at java.base/java.lang.Class.forName0(Native Method)
	at java.base/java.lang.Class.forName(Class.java:534)
	at java.base/java.lang.Class.forName(Class.java:513)
	at org.springframework.boot.devtools.restart.classloader.RestartClassLoader.loadClass(RestartClassLoader.java:123)
	at java.base/java.lang.ClassLoader.loadClass(ClassLoader.java:526)
	at java.base/java.lang.Class.forName0(Native Method)
	at java.base/java.lang.Class.forName(Class.java:534)
	at java.base/java.lang.Class.forName(Class.java:513)
	at java.base/sun.reflect.generics.factory.CoreReflectionFactory.makeNamedType(CoreReflectionFactory.java:114)
	... 38 common frames omitted
2026-07-29 16:43:41.490 INFO  c.f.springboot.app.Application - Starting Application using Java 21.0.2 with PID 33592 (C:\my projects\flashColorCardsApi\target\classes started by aleonmer in C:\my projects\flashColorCardsApi)
2026-07-29 16:43:41.491 DEBUG c.f.springboot.app.Application - Running with Spring Boot v4.1.0, Spring v7.0.8
2026-07-29 16:43:41.492 INFO  c.f.springboot.app.Application - The following 1 profile is active: "dev"
2026-07-29 16:43:42.564 INFO  o.s.d.r.c.RepositoryConfigurationDelegate - Bootstrapping Spring Data JPA repositories in DEFAULT mode.
2026-07-29 16:43:42.659 INFO  o.s.d.r.c.RepositoryConfigurationDelegate - Finished Spring Data repository scanning in 87 ms. Found 3 JPA repository interfaces.
2026-07-29 16:43:43.009 INFO  o.s.boot.tomcat.TomcatWebServer - Tomcat initialized with port 8080 (http)
2026-07-29 16:43:43.012 INFO  o.a.coyote.http11.Http11NioProtocol - Initializing ProtocolHandler ["http-nio-8080"]
2026-07-29 16:43:43.013 INFO  o.a.catalina.core.StandardService - Starting service [Tomcat]
2026-07-29 16:43:43.014 INFO  o.a.catalina.core.StandardEngine - Starting Servlet engine: [Apache Tomcat/11.0.22]
2026-07-29 16:43:43.185 INFO  o.s.b.w.c.s.WebApplicationContextInitializer - Root WebApplicationContext: initialization completed in 1685 ms
2026-07-29 16:43:43.326 INFO  org.hibernate.orm.jpa - HHH008540: Processing PersistenceUnitInfo [name: default]
2026-07-29 16:43:43.467 INFO  o.s.o.j.p.SpringPersistenceUnitInfo - No LoadTimeWeaver setup: ignoring JPA class transformer
2026-07-29 16:43:43.471 INFO  com.zaxxer.hikari.HikariDataSource - HikariPool-7 - Starting...
2026-07-29 16:43:43.968 INFO  com.zaxxer.hikari.pool.HikariPool - HikariPool-7 - Added connection org.postgresql.jdbc.PgConnection@44fe4503
2026-07-29 16:43:43.968 INFO  com.zaxxer.hikari.HikariDataSource - HikariPool-7 - Start completed.
2026-07-29 16:43:44.016 WARN  org.hibernate.orm.deprecation - HHH90000025: PostgreSQLDialect does not need to be specified explicitly using 'hibernate.dialect' (remove the property setting and it will be selected by default)
2026-07-29 16:43:44.240 INFO  o.hibernate.orm.connections.pooling - HHH10001005: Database info:
	Database JDBC URL [jdbc:postgresql://ep-super-river-ab15ua67-pooler.eu-west-2.aws.neon.tech/neondb]
	Database driver: PostgreSQL JDBC Driver
	Database dialect: PostgreSQLDialect
	Database version: 18.4
	Default catalog/schema: neondb/public
	Autocommit mode: undefined/unknown
	Isolation level: READ_COMMITTED [default READ_COMMITTED]
	JDBC fetch size: none
	Pool: DataSourceConnectionProvider
	Minimum pool size: undefined/unknown
	Maximum pool size: undefined/unknown
2026-07-29 16:43:44.486 INFO  org.hibernate.orm.core - HHH000489: No JTA platform available (set 'hibernate.transaction.jta.platform' to enable JTA platform integration)
2026-07-29 16:43:44.494 INFO  o.s.o.j.LocalContainerEntityManagerFactoryBean - Initialized JPA EntityManagerFactory for persistence unit 'default'
2026-07-29 16:43:44.686 INFO  o.s.s.c.a.a.c.InitializeUserDetailsBeanManagerConfigurer$InitializeUserDetailsManagerConfigurer - Global AuthenticationManager configured with UserDetailsService bean with name userDetailsService
2026-07-29 16:43:44.891 WARN  o.s.b.j.a.JpaBaseConfiguration$JpaWebConfiguration - spring.jpa.open-in-view is enabled by default. Therefore, database queries may be performed during view rendering. Explicitly configure spring.jpa.open-in-view to disable this warning
2026-07-29 16:43:45.323 INFO  o.a.coyote.http11.Http11NioProtocol - Starting ProtocolHandler ["http-nio-8080"]
2026-07-29 16:43:45.347 INFO  o.s.boot.tomcat.TomcatWebServer - Tomcat started on port 8080 (http) with context path '/'
2026-07-29 16:43:45.353 INFO  c.f.springboot.app.Application - Started Application in 3.965 seconds (process running for 1997.741)
2026-07-29 16:43:45.356 WARN  o.s.c.events.SpringDocAppInitializer - SpringDoc /v3/api-docs endpoint is enabled by default. To disable it in production, set the property 'springdoc.api-docs.enabled=false'
2026-07-29 16:43:45.357 WARN  o.s.c.events.SpringDocAppInitializer - SpringDoc /swagger-ui.html endpoint is enabled by default. To disable it in production, set the property 'springdoc.swagger-ui.enabled=false'
2026-07-29 16:43:45.358 INFO  o.s.b.d.a.ConditionEvaluationDeltaLoggingListener - Condition evaluation unchanged
2026-07-29 16:43:59.175 INFO  o.a.c.c.C.[Tomcat-1].[localhost].[/] - Initializing Spring DispatcherServlet 'dispatcherServlet'
2026-07-29 16:43:59.175 INFO  o.s.web.servlet.DispatcherServlet - Initializing Servlet 'dispatcherServlet'
2026-07-29 16:43:59.179 INFO  o.s.web.servlet.DispatcherServlet - Completed initialization in 4 ms
2026-07-29 16:44:00.978 INFO  o.s.api.AbstractOpenApiResource - Init duration for springdoc-openapi is: 677 ms
2026-07-29 16:49:17.470 INFO  o.s.b.d.a.LocalDevToolsAutoConfiguration$RestartingClassPathChangeChangedEventListener - Restarting due to 4 class path changes (0 additions, 4 deletions, 0 modifications)
2026-07-29 16:49:17.473 INFO  o.s.boot.tomcat.GracefulShutdown - Commencing graceful shutdown. Waiting for active requests to complete
2026-07-29 16:49:17.476 INFO  o.a.coyote.http11.Http11NioProtocol - Pausing ProtocolHandler ["http-nio-8080"]
2026-07-29 16:49:17.488 INFO  o.s.boot.tomcat.GracefulShutdown - Graceful shutdown complete
2026-07-29 16:49:17.489 INFO  o.a.coyote.http11.Http11NioProtocol - Stopping ProtocolHandler ["http-nio-8080"]
2026-07-29 16:49:17.492 INFO  o.s.o.j.LocalContainerEntityManagerFactoryBean - Closing JPA EntityManagerFactory for persistence unit 'default'
2026-07-29 16:49:17.494 INFO  com.zaxxer.hikari.HikariDataSource - HikariPool-7 - Shutdown initiated...
2026-07-29 16:49:17.909 INFO  com.zaxxer.hikari.HikariDataSource - HikariPool-7 - Shutdown completed.
2026-07-29 16:49:18.255 INFO  c.f.springboot.app.Application - Starting Application using Java 21.0.2 with PID 33592 (C:\my projects\flashColorCardsApi\target\classes started by aleonmer in C:\my projects\flashColorCardsApi)
2026-07-29 16:49:18.257 DEBUG c.f.springboot.app.Application - Running with Spring Boot v4.1.0, Spring v7.0.8
2026-07-29 16:49:18.257 INFO  c.f.springboot.app.Application - The following 1 profile is active: "dev"
2026-07-29 16:49:18.788 INFO  o.s.d.r.c.RepositoryConfigurationDelegate - Bootstrapping Spring Data JPA repositories in DEFAULT mode.
2026-07-29 16:49:18.808 WARN  o.s.b.w.s.s.c.AnnotationConfigServletWebServerApplicationContext - Exception encountered during context initialization - cancelling refresh attempt: java.lang.TypeNotPresentException: Type com.flashcolorcard.springboot.app.entities.Card not present
2026-07-29 16:49:18.810 INFO  o.s.b.a.l.ConditionEvaluationReportLogger - 

Error starting ApplicationContext. To display the condition evaluation report re-run your application with 'debug' enabled.
2026-07-29 16:49:18.813 ERROR o.s.boot.SpringApplication - Application run failed
java.lang.TypeNotPresentException: Type com.flashcolorcard.springboot.app.entities.Card not present
	at java.base/sun.reflect.generics.factory.CoreReflectionFactory.makeNamedType(CoreReflectionFactory.java:117)
	at java.base/sun.reflect.generics.visitor.Reifier.visitClassTypeSignature(Reifier.java:125)
	at java.base/sun.reflect.generics.tree.ClassTypeSignature.accept(ClassTypeSignature.java:49)
	at java.base/sun.reflect.generics.visitor.Reifier.reifyTypeArguments(Reifier.java:68)
	at java.base/sun.reflect.generics.visitor.Reifier.visitClassTypeSignature(Reifier.java:138)
	at java.base/sun.reflect.generics.tree.ClassTypeSignature.accept(ClassTypeSignature.java:49)
	at java.base/sun.reflect.generics.repository.ClassRepository.computeSuperInterfaces(ClassRepository.java:117)
	at java.base/sun.reflect.generics.repository.ClassRepository.getSuperInterfaces(ClassRepository.java:95)
	at java.base/java.lang.Class.getGenericInterfaces(Class.java:1296)
	at org.springframework.core.ResolvableType.getInterfaces(ResolvableType.java:544)
	at org.springframework.core.ResolvableType.as(ResolvableType.java:492)
	at org.springframework.data.core.TypeDiscoverer.getSuperTypeInformation(TypeDiscoverer.java:266)
	at org.springframework.data.core.TypeInformation.getRequiredSuperTypeInformation(TypeInformation.java:328)
	at org.springframework.data.repository.core.support.DefaultRepositoryMetadata.<init>(DefaultRepositoryMetadata.java:55)
	at org.springframework.data.repository.core.support.AbstractRepositoryMetadata.getMetadata(AbstractRepositoryMetadata.java:79)
	at org.springframework.data.repository.config.RepositoryConfigurationExtensionSupport.getRepositoryConfigurations(RepositoryConfigurationExtensionSupport.java:93)
	at org.springframework.data.repository.config.RepositoryConfigurationDelegate.registerRepositoriesIn(RepositoryConfigurationDelegate.java:170)
	at org.springframework.boot.autoconfigure.data.AbstractRepositoryConfigurationSourceSupport.registerBeanDefinitions(AbstractRepositoryConfigurationSourceSupport.java:67)
	at org.springframework.context.annotation.ConfigurationClassBeanDefinitionReader.lambda$loadBeanDefinitionsFromImportBeanDefinitionRegistrars$0(ConfigurationClassBeanDefinitionReader.java:422)
	at java.base/java.util.LinkedHashMap.forEach(LinkedHashMap.java:986)
	at org.springframework.context.annotation.ConfigurationClassBeanDefinitionReader.loadBeanDefinitionsFromImportBeanDefinitionRegistrars(ConfigurationClassBeanDefinitionReader.java:421)
	at org.springframework.context.annotation.ConfigurationClassBeanDefinitionReader.loadBeanDefinitionsForConfigurationClass(ConfigurationClassBeanDefinitionReader.java:152)
	at org.springframework.context.annotation.ConfigurationClassBeanDefinitionReader.loadBeanDefinitions(ConfigurationClassBeanDefinitionReader.java:124)
	at org.springframework.context.annotation.ConfigurationClassPostProcessor.processConfigBeanDefinitions(ConfigurationClassPostProcessor.java:464)
	at org.springframework.context.annotation.ConfigurationClassPostProcessor.postProcessBeanDefinitionRegistry(ConfigurationClassPostProcessor.java:316)
	at org.springframework.context.support.PostProcessorRegistrationDelegate.invokeBeanDefinitionRegistryPostProcessors(PostProcessorRegistrationDelegate.java:349)
	at org.springframework.context.support.PostProcessorRegistrationDelegate.invokeBeanFactoryPostProcessors(PostProcessorRegistrationDelegate.java:118)
	at org.springframework.context.support.AbstractApplicationContext.invokeBeanFactoryPostProcessors(AbstractApplicationContext.java:795)
	at org.springframework.context.support.AbstractApplicationContext.refresh(AbstractApplicationContext.java:603)
	at org.springframework.boot.web.server.servlet.context.ServletWebServerApplicationContext.refresh(ServletWebServerApplicationContext.java:143)
	at org.springframework.boot.SpringApplication.refresh(SpringApplication.java:756)
	at org.springframework.boot.SpringApplication.refreshContext(SpringApplication.java:445)
	at org.springframework.boot.SpringApplication.run(SpringApplication.java:321)
	at org.springframework.boot.SpringApplication.run(SpringApplication.java:1365)
	at org.springframework.boot.SpringApplication.run(SpringApplication.java:1354)
	at com.flashcolorcard.springboot.app.Application.main(Application.java:10)
	at java.base/jdk.internal.reflect.DirectMethodHandleAccessor.invoke(DirectMethodHandleAccessor.java:103)
	at java.base/java.lang.reflect.Method.invoke(Method.java:580)
	at org.springframework.boot.devtools.restart.RestartLauncher.run(RestartLauncher.java:52)
Caused by: java.lang.ClassNotFoundException: com.flashcolorcard.springboot.app.entities.Card
	at java.base/jdk.internal.loader.BuiltinClassLoader.loadClass(BuiltinClassLoader.java:641)
	at java.base/jdk.internal.loader.ClassLoaders$AppClassLoader.loadClass(ClassLoaders.java:188)
	at java.base/java.lang.ClassLoader.loadClass(ClassLoader.java:526)
	at java.base/java.lang.Class.forName0(Native Method)
	at java.base/java.lang.Class.forName(Class.java:534)
	at java.base/java.lang.Class.forName(Class.java:513)
	at org.springframework.boot.devtools.restart.classloader.RestartClassLoader.loadClass(RestartClassLoader.java:123)
	at java.base/java.lang.ClassLoader.loadClass(ClassLoader.java:526)
	at java.base/java.lang.Class.forName0(Native Method)
	at java.base/java.lang.Class.forName(Class.java:534)
	at java.base/java.lang.Class.forName(Class.java:513)
	at java.base/sun.reflect.generics.factory.CoreReflectionFactory.makeNamedType(CoreReflectionFactory.java:114)
	... 38 common frames omitted
2026-07-29 16:49:22.480 INFO  c.f.springboot.app.Application - Starting Application using Java 21.0.2 with PID 33592 (C:\my projects\flashColorCardsApi\target\classes started by aleonmer in C:\my projects\flashColorCardsApi)
2026-07-29 16:49:22.480 DEBUG c.f.springboot.app.Application - Running with Spring Boot v4.1.0, Spring v7.0.8
2026-07-29 16:49:22.480 INFO  c.f.springboot.app.Application - The following 1 profile is active: "dev"
2026-07-29 16:49:23.007 INFO  o.s.d.r.c.RepositoryConfigurationDelegate - Bootstrapping Spring Data JPA repositories in DEFAULT mode.
2026-07-29 16:49:23.068 INFO  o.s.d.r.c.RepositoryConfigurationDelegate - Finished Spring Data repository scanning in 56 ms. Found 3 JPA repository interfaces.
2026-07-29 16:49:23.284 INFO  o.s.boot.tomcat.TomcatWebServer - Tomcat initialized with port 8080 (http)
2026-07-29 16:49:23.285 INFO  o.a.coyote.http11.Http11NioProtocol - Initializing ProtocolHandler ["http-nio-8080"]
2026-07-29 16:49:23.286 INFO  o.a.catalina.core.StandardService - Starting service [Tomcat]
2026-07-29 16:49:23.286 INFO  o.a.catalina.core.StandardEngine - Starting Servlet engine: [Apache Tomcat/11.0.22]
2026-07-29 16:49:23.356 INFO  o.s.b.w.c.s.WebApplicationContextInitializer - Root WebApplicationContext: initialization completed in 873 ms
2026-07-29 16:49:23.426 INFO  org.hibernate.orm.jpa - HHH008540: Processing PersistenceUnitInfo [name: default]
2026-07-29 16:49:23.491 INFO  o.s.o.j.p.SpringPersistenceUnitInfo - No LoadTimeWeaver setup: ignoring JPA class transformer
2026-07-29 16:49:23.494 INFO  com.zaxxer.hikari.HikariDataSource - HikariPool-8 - Starting...
2026-07-29 16:49:23.911 INFO  com.zaxxer.hikari.pool.HikariPool - HikariPool-8 - Added connection org.postgresql.jdbc.PgConnection@188170b4
2026-07-29 16:49:23.912 INFO  com.zaxxer.hikari.HikariDataSource - HikariPool-8 - Start completed.
2026-07-29 16:49:23.958 WARN  org.hibernate.orm.deprecation - HHH90000025: PostgreSQLDialect does not need to be specified explicitly using 'hibernate.dialect' (remove the property setting and it will be selected by default)
2026-07-29 16:49:24.138 INFO  o.hibernate.orm.connections.pooling - HHH10001005: Database info:
	Database JDBC URL [jdbc:postgresql://ep-super-river-ab15ua67-pooler.eu-west-2.aws.neon.tech/neondb]
	Database driver: PostgreSQL JDBC Driver
	Database dialect: PostgreSQLDialect
	Database version: 18.4
	Default catalog/schema: neondb/public
	Autocommit mode: undefined/unknown
	Isolation level: READ_COMMITTED [default READ_COMMITTED]
	JDBC fetch size: none
	Pool: DataSourceConnectionProvider
	Minimum pool size: undefined/unknown
	Maximum pool size: undefined/unknown
2026-07-29 16:49:24.326 INFO  org.hibernate.orm.core - HHH000489: No JTA platform available (set 'hibernate.transaction.jta.platform' to enable JTA platform integration)
2026-07-29 16:49:24.329 INFO  o.s.o.j.LocalContainerEntityManagerFactoryBean - Initialized JPA EntityManagerFactory for persistence unit 'default'
2026-07-29 16:49:24.504 INFO  o.s.s.c.a.a.c.InitializeUserDetailsBeanManagerConfigurer$InitializeUserDetailsManagerConfigurer - Global AuthenticationManager configured with UserDetailsService bean with name userDetailsService
2026-07-29 16:49:24.663 WARN  o.s.b.j.a.JpaBaseConfiguration$JpaWebConfiguration - spring.jpa.open-in-view is enabled by default. Therefore, database queries may be performed during view rendering. Explicitly configure spring.jpa.open-in-view to disable this warning
2026-07-29 16:49:25.026 INFO  o.a.coyote.http11.Http11NioProtocol - Starting ProtocolHandler ["http-nio-8080"]
2026-07-29 16:49:25.043 INFO  o.s.boot.tomcat.TomcatWebServer - Tomcat started on port 8080 (http) with context path '/'
2026-07-29 16:49:25.046 INFO  c.f.springboot.app.Application - Started Application in 2.617 seconds (process running for 2337.434)
2026-07-29 16:49:25.048 WARN  o.s.c.events.SpringDocAppInitializer - SpringDoc /v3/api-docs endpoint is enabled by default. To disable it in production, set the property 'springdoc.api-docs.enabled=false'
2026-07-29 16:49:25.049 WARN  o.s.c.events.SpringDocAppInitializer - SpringDoc /swagger-ui.html endpoint is enabled by default. To disable it in production, set the property 'springdoc.swagger-ui.enabled=false'
2026-07-29 16:49:25.050 INFO  o.s.b.d.a.ConditionEvaluationDeltaLoggingListener - Condition evaluation unchanged
2026-07-29 16:50:14.324 INFO  o.s.b.d.a.LocalDevToolsAutoConfiguration$RestartingClassPathChangeChangedEventListener - Restarting due to 1 class path change (0 additions, 1 deletion, 0 modifications)
2026-07-29 16:50:14.329 INFO  o.s.boot.tomcat.GracefulShutdown - Commencing graceful shutdown. Waiting for active requests to complete
2026-07-29 16:50:14.331 INFO  o.a.coyote.http11.Http11NioProtocol - Pausing ProtocolHandler ["http-nio-8080"]
2026-07-29 16:50:14.354 INFO  o.s.boot.tomcat.GracefulShutdown - Graceful shutdown complete
2026-07-29 16:50:14.355 INFO  o.a.coyote.http11.Http11NioProtocol - Stopping ProtocolHandler ["http-nio-8080"]
2026-07-29 16:50:14.358 INFO  o.s.o.j.LocalContainerEntityManagerFactoryBean - Closing JPA EntityManagerFactory for persistence unit 'default'
2026-07-29 16:50:14.360 INFO  com.zaxxer.hikari.HikariDataSource - HikariPool-8 - Shutdown initiated...
2026-07-29 16:50:14.787 INFO  com.zaxxer.hikari.HikariDataSource - HikariPool-8 - Shutdown completed.
2026-07-29 16:50:15.087 INFO  c.f.springboot.app.Application - Starting Application using Java 21.0.2 with PID 33592 (C:\my projects\flashColorCardsApi\target\classes started by aleonmer in C:\my projects\flashColorCardsApi)
2026-07-29 16:50:15.087 DEBUG c.f.springboot.app.Application - Running with Spring Boot v4.1.0, Spring v7.0.8
2026-07-29 16:50:15.088 INFO  c.f.springboot.app.Application - The following 1 profile is active: "dev"
2026-07-29 16:50:15.606 INFO  o.s.d.r.c.RepositoryConfigurationDelegate - Bootstrapping Spring Data JPA repositories in DEFAULT mode.
2026-07-29 16:50:15.637 WARN  o.s.b.w.s.s.c.AnnotationConfigServletWebServerApplicationContext - Exception encountered during context initialization - cancelling refresh attempt: java.lang.TypeNotPresentException: Type com.flashcolorcard.springboot.app.entities.User not present
2026-07-29 16:50:15.638 INFO  o.s.b.a.l.ConditionEvaluationReportLogger - 

Error starting ApplicationContext. To display the condition evaluation report re-run your application with 'debug' enabled.
2026-07-29 16:50:15.643 ERROR o.s.boot.SpringApplication - Application run failed
java.lang.TypeNotPresentException: Type com.flashcolorcard.springboot.app.entities.User not present
	at java.base/sun.reflect.generics.factory.CoreReflectionFactory.makeNamedType(CoreReflectionFactory.java:117)
	at java.base/sun.reflect.generics.visitor.Reifier.visitClassTypeSignature(Reifier.java:125)
	at java.base/sun.reflect.generics.tree.ClassTypeSignature.accept(ClassTypeSignature.java:49)
	at java.base/sun.reflect.generics.visitor.Reifier.reifyTypeArguments(Reifier.java:68)
	at java.base/sun.reflect.generics.visitor.Reifier.visitClassTypeSignature(Reifier.java:138)
	at java.base/sun.reflect.generics.tree.ClassTypeSignature.accept(ClassTypeSignature.java:49)
	at java.base/sun.reflect.generics.repository.ClassRepository.computeSuperInterfaces(ClassRepository.java:117)
	at java.base/sun.reflect.generics.repository.ClassRepository.getSuperInterfaces(ClassRepository.java:95)
	at java.base/java.lang.Class.getGenericInterfaces(Class.java:1296)
	at org.springframework.core.ResolvableType.getInterfaces(ResolvableType.java:544)
	at org.springframework.core.ResolvableType.as(ResolvableType.java:492)
	at org.springframework.data.core.TypeDiscoverer.getSuperTypeInformation(TypeDiscoverer.java:266)
	at org.springframework.data.core.TypeInformation.getRequiredSuperTypeInformation(TypeInformation.java:328)
	at org.springframework.data.repository.core.support.DefaultRepositoryMetadata.<init>(DefaultRepositoryMetadata.java:55)
	at org.springframework.data.repository.core.support.AbstractRepositoryMetadata.getMetadata(AbstractRepositoryMetadata.java:79)
	at org.springframework.data.repository.config.RepositoryConfigurationExtensionSupport.getRepositoryConfigurations(RepositoryConfigurationExtensionSupport.java:93)
	at org.springframework.data.repository.config.RepositoryConfigurationDelegate.registerRepositoriesIn(RepositoryConfigurationDelegate.java:170)
	at org.springframework.boot.autoconfigure.data.AbstractRepositoryConfigurationSourceSupport.registerBeanDefinitions(AbstractRepositoryConfigurationSourceSupport.java:67)
	at org.springframework.context.annotation.ConfigurationClassBeanDefinitionReader.lambda$loadBeanDefinitionsFromImportBeanDefinitionRegistrars$0(ConfigurationClassBeanDefinitionReader.java:422)
	at java.base/java.util.LinkedHashMap.forEach(LinkedHashMap.java:986)
	at org.springframework.context.annotation.ConfigurationClassBeanDefinitionReader.loadBeanDefinitionsFromImportBeanDefinitionRegistrars(ConfigurationClassBeanDefinitionReader.java:421)
	at org.springframework.context.annotation.ConfigurationClassBeanDefinitionReader.loadBeanDefinitionsForConfigurationClass(ConfigurationClassBeanDefinitionReader.java:152)
	at org.springframework.context.annotation.ConfigurationClassBeanDefinitionReader.loadBeanDefinitions(ConfigurationClassBeanDefinitionReader.java:124)
	at org.springframework.context.annotation.ConfigurationClassPostProcessor.processConfigBeanDefinitions(ConfigurationClassPostProcessor.java:464)
	at org.springframework.context.annotation.ConfigurationClassPostProcessor.postProcessBeanDefinitionRegistry(ConfigurationClassPostProcessor.java:316)
	at org.springframework.context.support.PostProcessorRegistrationDelegate.invokeBeanDefinitionRegistryPostProcessors(PostProcessorRegistrationDelegate.java:349)
	at org.springframework.context.support.PostProcessorRegistrationDelegate.invokeBeanFactoryPostProcessors(PostProcessorRegistrationDelegate.java:118)
	at org.springframework.context.support.AbstractApplicationContext.invokeBeanFactoryPostProcessors(AbstractApplicationContext.java:795)
	at org.springframework.context.support.AbstractApplicationContext.refresh(AbstractApplicationContext.java:603)
	at org.springframework.boot.web.server.servlet.context.ServletWebServerApplicationContext.refresh(ServletWebServerApplicationContext.java:143)
	at org.springframework.boot.SpringApplication.refresh(SpringApplication.java:756)
	at org.springframework.boot.SpringApplication.refreshContext(SpringApplication.java:445)
	at org.springframework.boot.SpringApplication.run(SpringApplication.java:321)
	at org.springframework.boot.SpringApplication.run(SpringApplication.java:1365)
	at org.springframework.boot.SpringApplication.run(SpringApplication.java:1354)
	at com.flashcolorcard.springboot.app.Application.main(Application.java:10)
	at java.base/jdk.internal.reflect.DirectMethodHandleAccessor.invoke(DirectMethodHandleAccessor.java:103)
	at java.base/java.lang.reflect.Method.invoke(Method.java:580)
	at org.springframework.boot.devtools.restart.RestartLauncher.run(RestartLauncher.java:52)
Caused by: java.lang.ClassNotFoundException: com.flashcolorcard.springboot.app.entities.User
	at java.base/jdk.internal.loader.BuiltinClassLoader.loadClass(BuiltinClassLoader.java:641)
	at java.base/jdk.internal.loader.ClassLoaders$AppClassLoader.loadClass(ClassLoaders.java:188)
	at java.base/java.lang.ClassLoader.loadClass(ClassLoader.java:526)
	at java.base/java.lang.Class.forName0(Native Method)
	at java.base/java.lang.Class.forName(Class.java:534)
	at java.base/java.lang.Class.forName(Class.java:513)
	at org.springframework.boot.devtools.restart.classloader.RestartClassLoader.loadClass(RestartClassLoader.java:123)
	at java.base/java.lang.ClassLoader.loadClass(ClassLoader.java:526)
	at java.base/java.lang.Class.forName0(Native Method)
	at java.base/java.lang.Class.forName(Class.java:534)
	at java.base/java.lang.Class.forName(Class.java:513)
	at java.base/sun.reflect.generics.factory.CoreReflectionFactory.makeNamedType(CoreReflectionFactory.java:114)
	... 38 common frames omitted
2026-07-29 16:51:01.317 INFO  c.f.springboot.app.Application - Starting Application using Java 21.0.2 with PID 33592 (C:\my projects\flashColorCardsApi\target\classes started by aleonmer in C:\my projects\flashColorCardsApi)
2026-07-29 16:51:01.319 DEBUG c.f.springboot.app.Application - Running with Spring Boot v4.1.0, Spring v7.0.8
2026-07-29 16:51:01.319 INFO  c.f.springboot.app.Application - The following 1 profile is active: "dev"
2026-07-29 16:51:02.465 INFO  o.s.d.r.c.RepositoryConfigurationDelegate - Bootstrapping Spring Data JPA repositories in DEFAULT mode.
2026-07-29 16:51:02.505 WARN  o.s.b.w.s.s.c.AnnotationConfigServletWebServerApplicationContext - Exception encountered during context initialization - cancelling refresh attempt: java.lang.TypeNotPresentException: Type com.flashcolorcard.springboot.app.entities.Card not present
2026-07-29 16:51:02.509 INFO  o.s.b.a.l.ConditionEvaluationReportLogger - 

Error starting ApplicationContext. To display the condition evaluation report re-run your application with 'debug' enabled.
2026-07-29 16:51:02.518 ERROR o.s.boot.SpringApplication - Application run failed
java.lang.TypeNotPresentException: Type com.flashcolorcard.springboot.app.entities.Card not present
	at java.base/sun.reflect.generics.factory.CoreReflectionFactory.makeNamedType(CoreReflectionFactory.java:117)
	at java.base/sun.reflect.generics.visitor.Reifier.visitClassTypeSignature(Reifier.java:125)
	at java.base/sun.reflect.generics.tree.ClassTypeSignature.accept(ClassTypeSignature.java:49)
	at java.base/sun.reflect.generics.visitor.Reifier.reifyTypeArguments(Reifier.java:68)
	at java.base/sun.reflect.generics.visitor.Reifier.visitClassTypeSignature(Reifier.java:138)
	at java.base/sun.reflect.generics.tree.ClassTypeSignature.accept(ClassTypeSignature.java:49)
	at java.base/sun.reflect.generics.repository.ClassRepository.computeSuperInterfaces(ClassRepository.java:117)
	at java.base/sun.reflect.generics.repository.ClassRepository.getSuperInterfaces(ClassRepository.java:95)
	at java.base/java.lang.Class.getGenericInterfaces(Class.java:1296)
	at org.springframework.core.ResolvableType.getInterfaces(ResolvableType.java:544)
	at org.springframework.core.ResolvableType.as(ResolvableType.java:492)
	at org.springframework.data.core.TypeDiscoverer.getSuperTypeInformation(TypeDiscoverer.java:266)
	at org.springframework.data.core.TypeInformation.getRequiredSuperTypeInformation(TypeInformation.java:328)
	at org.springframework.data.repository.core.support.DefaultRepositoryMetadata.<init>(DefaultRepositoryMetadata.java:55)
	at org.springframework.data.repository.core.support.AbstractRepositoryMetadata.getMetadata(AbstractRepositoryMetadata.java:79)
	at org.springframework.data.repository.config.RepositoryConfigurationExtensionSupport.getRepositoryConfigurations(RepositoryConfigurationExtensionSupport.java:93)
	at org.springframework.data.repository.config.RepositoryConfigurationDelegate.registerRepositoriesIn(RepositoryConfigurationDelegate.java:170)
	at org.springframework.boot.autoconfigure.data.AbstractRepositoryConfigurationSourceSupport.registerBeanDefinitions(AbstractRepositoryConfigurationSourceSupport.java:67)
	at org.springframework.context.annotation.ConfigurationClassBeanDefinitionReader.lambda$loadBeanDefinitionsFromImportBeanDefinitionRegistrars$0(ConfigurationClassBeanDefinitionReader.java:422)
	at java.base/java.util.LinkedHashMap.forEach(LinkedHashMap.java:986)
	at org.springframework.context.annotation.ConfigurationClassBeanDefinitionReader.loadBeanDefinitionsFromImportBeanDefinitionRegistrars(ConfigurationClassBeanDefinitionReader.java:421)
	at org.springframework.context.annotation.ConfigurationClassBeanDefinitionReader.loadBeanDefinitionsForConfigurationClass(ConfigurationClassBeanDefinitionReader.java:152)
	at org.springframework.context.annotation.ConfigurationClassBeanDefinitionReader.loadBeanDefinitions(ConfigurationClassBeanDefinitionReader.java:124)
	at org.springframework.context.annotation.ConfigurationClassPostProcessor.processConfigBeanDefinitions(ConfigurationClassPostProcessor.java:464)
	at org.springframework.context.annotation.ConfigurationClassPostProcessor.postProcessBeanDefinitionRegistry(ConfigurationClassPostProcessor.java:316)
	at org.springframework.context.support.PostProcessorRegistrationDelegate.invokeBeanDefinitionRegistryPostProcessors(PostProcessorRegistrationDelegate.java:349)
	at org.springframework.context.support.PostProcessorRegistrationDelegate.invokeBeanFactoryPostProcessors(PostProcessorRegistrationDelegate.java:118)
	at org.springframework.context.support.AbstractApplicationContext.invokeBeanFactoryPostProcessors(AbstractApplicationContext.java:795)
	at org.springframework.context.support.AbstractApplicationContext.refresh(AbstractApplicationContext.java:603)
	at org.springframework.boot.web.server.servlet.context.ServletWebServerApplicationContext.refresh(ServletWebServerApplicationContext.java:143)
	at org.springframework.boot.SpringApplication.refresh(SpringApplication.java:756)
	at org.springframework.boot.SpringApplication.refreshContext(SpringApplication.java:445)
	at org.springframework.boot.SpringApplication.run(SpringApplication.java:321)
	at org.springframework.boot.SpringApplication.run(SpringApplication.java:1365)
	at org.springframework.boot.SpringApplication.run(SpringApplication.java:1354)
	at com.flashcolorcard.springboot.app.Application.main(Application.java:10)
	at java.base/jdk.internal.reflect.DirectMethodHandleAccessor.invoke(DirectMethodHandleAccessor.java:103)
	at java.base/java.lang.reflect.Method.invoke(Method.java:580)
	at org.springframework.boot.devtools.restart.RestartLauncher.run(RestartLauncher.java:52)
Caused by: java.lang.ClassNotFoundException: com.flashcolorcard.springboot.app.entities.Card
	at java.base/jdk.internal.loader.BuiltinClassLoader.loadClass(BuiltinClassLoader.java:641)
	at java.base/jdk.internal.loader.ClassLoaders$AppClassLoader.loadClass(ClassLoaders.java:188)
	at java.base/java.lang.ClassLoader.loadClass(ClassLoader.java:526)
	at java.base/java.lang.Class.forName0(Native Method)
	at java.base/java.lang.Class.forName(Class.java:534)
	at java.base/java.lang.Class.forName(Class.java:513)
	at org.springframework.boot.devtools.restart.classloader.RestartClassLoader.loadClass(RestartClassLoader.java:123)
	at java.base/java.lang.ClassLoader.loadClass(ClassLoader.java:526)
	at java.base/java.lang.Class.forName0(Native Method)
	at java.base/java.lang.Class.forName(Class.java:534)
	at java.base/java.lang.Class.forName(Class.java:513)
	at java.base/sun.reflect.generics.factory.CoreReflectionFactory.makeNamedType(CoreReflectionFactory.java:114)
	... 38 common frames omitted
2026-07-29 16:51:20.216 INFO  c.f.springboot.app.Application - Starting Application using Java 21.0.2 with PID 33592 (C:\my projects\flashColorCardsApi\target\classes started by aleonmer in C:\my projects\flashColorCardsApi)
2026-07-29 16:51:20.216 DEBUG c.f.springboot.app.Application - Running with Spring Boot v4.1.0, Spring v7.0.8
2026-07-29 16:51:20.218 INFO  c.f.springboot.app.Application - The following 1 profile is active: "dev"
2026-07-29 16:51:21.037 INFO  o.s.d.r.c.RepositoryConfigurationDelegate - Bootstrapping Spring Data JPA repositories in DEFAULT mode.
2026-07-29 16:51:21.127 INFO  o.s.d.r.c.RepositoryConfigurationDelegate - Finished Spring Data repository scanning in 83 ms. Found 3 JPA repository interfaces.
2026-07-29 16:51:21.433 INFO  o.s.boot.tomcat.TomcatWebServer - Tomcat initialized with port 8080 (http)
2026-07-29 16:51:21.435 INFO  o.a.coyote.http11.Http11NioProtocol - Initializing ProtocolHandler ["http-nio-8080"]
2026-07-29 16:51:21.437 INFO  o.a.catalina.core.StandardService - Starting service [Tomcat]
2026-07-29 16:51:21.437 INFO  o.a.catalina.core.StandardEngine - Starting Servlet engine: [Apache Tomcat/11.0.22]
2026-07-29 16:51:21.583 INFO  o.s.b.w.c.s.WebApplicationContextInitializer - Root WebApplicationContext: initialization completed in 1360 ms
2026-07-29 16:51:21.714 INFO  org.hibernate.orm.jpa - HHH008540: Processing PersistenceUnitInfo [name: default]
2026-07-29 16:51:21.853 INFO  o.s.o.j.p.SpringPersistenceUnitInfo - No LoadTimeWeaver setup: ignoring JPA class transformer
2026-07-29 16:51:21.855 INFO  com.zaxxer.hikari.HikariDataSource - HikariPool-9 - Starting...
2026-07-29 16:51:22.284 INFO  com.zaxxer.hikari.pool.HikariPool - HikariPool-9 - Added connection org.postgresql.jdbc.PgConnection@7129d83f
2026-07-29 16:51:22.284 INFO  com.zaxxer.hikari.HikariDataSource - HikariPool-9 - Start completed.
2026-07-29 16:51:22.327 WARN  org.hibernate.orm.deprecation - HHH90000025: PostgreSQLDialect does not need to be specified explicitly using 'hibernate.dialect' (remove the property setting and it will be selected by default)
2026-07-29 16:51:22.490 INFO  o.hibernate.orm.connections.pooling - HHH10001005: Database info:
	Database JDBC URL [jdbc:postgresql://ep-super-river-ab15ua67-pooler.eu-west-2.aws.neon.tech/neondb]
	Database driver: PostgreSQL JDBC Driver
	Database dialect: PostgreSQLDialect
	Database version: 18.4
	Default catalog/schema: neondb/public
	Autocommit mode: undefined/unknown
	Isolation level: READ_COMMITTED [default READ_COMMITTED]
	JDBC fetch size: none
	Pool: DataSourceConnectionProvider
	Minimum pool size: undefined/unknown
	Maximum pool size: undefined/unknown
2026-07-29 16:51:22.664 ERROR o.s.o.j.LocalContainerEntityManagerFactoryBean - Failed to initialize JPA EntityManagerFactory: Unable to build Hibernate SessionFactory  [persistence unit: default] ; nested exception is org.hibernate.MappingException: Column 'id_set' is duplicated in mapping for entity 'com.flashcolorcard.springboot.app.entities.Card' (use '@Column(insertable=false, updatable=false)' when mapping multiple properties to the same column)
2026-07-29 16:51:22.665 WARN  o.s.b.w.s.s.c.AnnotationConfigServletWebServerApplicationContext - Exception encountered during context initialization - cancelling refresh attempt: org.springframework.beans.factory.BeanCreationException: Error creating bean with name 'entityManagerFactory' defined in class path resource [org/springframework/boot/hibernate/autoconfigure/HibernateJpaConfiguration.class]: Unable to build Hibernate SessionFactory  [persistence unit: default] ; nested exception is org.hibernate.MappingException: Column 'id_set' is duplicated in mapping for entity 'com.flashcolorcard.springboot.app.entities.Card' (use '@Column(insertable=false, updatable=false)' when mapping multiple properties to the same column)
2026-07-29 16:51:22.667 INFO  com.zaxxer.hikari.HikariDataSource - HikariPool-9 - Shutdown initiated...
2026-07-29 16:51:22.803 INFO  com.zaxxer.hikari.HikariDataSource - HikariPool-9 - Shutdown completed.
2026-07-29 16:51:22.807 INFO  o.a.catalina.core.StandardService - Stopping service [Tomcat]
2026-07-29 16:51:22.859 INFO  o.s.b.a.l.ConditionEvaluationReportLogger - 

Error starting ApplicationContext. To display the condition evaluation report re-run your application with 'debug' enabled.
2026-07-29 16:51:22.874 ERROR o.s.boot.SpringApplication - Application run failed
org.springframework.beans.factory.BeanCreationException: Error creating bean with name 'entityManagerFactory' defined in class path resource [org/springframework/boot/hibernate/autoconfigure/HibernateJpaConfiguration.class]: Unable to build Hibernate SessionFactory  [persistence unit: default] ; nested exception is org.hibernate.MappingException: Column 'id_set' is duplicated in mapping for entity 'com.flashcolorcard.springboot.app.entities.Card' (use '@Column(insertable=false, updatable=false)' when mapping multiple properties to the same column)
	at org.springframework.beans.factory.support.AbstractAutowireCapableBeanFactory.initializeBean(AbstractAutowireCapableBeanFactory.java:1815)
	at org.springframework.beans.factory.support.AbstractAutowireCapableBeanFactory.doCreateBean(AbstractAutowireCapableBeanFactory.java:603)
	at org.springframework.beans.factory.support.AbstractAutowireCapableBeanFactory.createBean(AbstractAutowireCapableBeanFactory.java:525)
	at org.springframework.beans.factory.support.AbstractBeanFactory.lambda$doGetBean$0(AbstractBeanFactory.java:333)
	at org.springframework.beans.factory.support.DefaultSingletonBeanRegistry.getSingleton(DefaultSingletonBeanRegistry.java:371)
	at org.springframework.beans.factory.support.AbstractBeanFactory.doGetBean(AbstractBeanFactory.java:331)
	at org.springframework.beans.factory.support.AbstractBeanFactory.getBean(AbstractBeanFactory.java:201)
	at org.springframework.context.support.AbstractApplicationContext.finishBeanFactoryInitialization(AbstractApplicationContext.java:977)
	at org.springframework.context.support.AbstractApplicationContext.refresh(AbstractApplicationContext.java:621)
	at org.springframework.boot.web.server.servlet.context.ServletWebServerApplicationContext.refresh(ServletWebServerApplicationContext.java:143)
	at org.springframework.boot.SpringApplication.refresh(SpringApplication.java:756)
	at org.springframework.boot.SpringApplication.refreshContext(SpringApplication.java:445)
	at org.springframework.boot.SpringApplication.run(SpringApplication.java:321)
	at org.springframework.boot.SpringApplication.run(SpringApplication.java:1365)
	at org.springframework.boot.SpringApplication.run(SpringApplication.java:1354)
	at com.flashcolorcard.springboot.app.Application.main(Application.java:10)
	at java.base/jdk.internal.reflect.DirectMethodHandleAccessor.invoke(DirectMethodHandleAccessor.java:103)
	at java.base/java.lang.reflect.Method.invoke(Method.java:580)
	at org.springframework.boot.devtools.restart.RestartLauncher.run(RestartLauncher.java:52)
Caused by: jakarta.persistence.PersistenceException: Unable to build Hibernate SessionFactory  [persistence unit: default] ; nested exception is org.hibernate.MappingException: Column 'id_set' is duplicated in mapping for entity 'com.flashcolorcard.springboot.app.entities.Card' (use '@Column(insertable=false, updatable=false)' when mapping multiple properties to the same column)
	at org.springframework.orm.jpa.AbstractEntityManagerFactoryBean.buildNativeEntityManagerFactory(AbstractEntityManagerFactoryBean.java:448)
	at org.springframework.orm.jpa.AbstractEntityManagerFactoryBean.afterPropertiesSet(AbstractEntityManagerFactoryBean.java:411)
	at org.springframework.orm.jpa.LocalContainerEntityManagerFactoryBean.afterPropertiesSet(LocalContainerEntityManagerFactoryBean.java:419)
	at org.springframework.beans.factory.support.AbstractAutowireCapableBeanFactory.invokeInitMethods(AbstractAutowireCapableBeanFactory.java:1862)
	at org.springframework.beans.factory.support.AbstractAutowireCapableBeanFactory.initializeBean(AbstractAutowireCapableBeanFactory.java:1811)
	... 18 common frames omitted
Caused by: org.hibernate.MappingException: Column 'id_set' is duplicated in mapping for entity 'com.flashcolorcard.springboot.app.entities.Card' (use '@Column(insertable=false, updatable=false)' when mapping multiple properties to the same column)
	at org.hibernate.mapping.Value.checkColumnDuplication(Value.java:214)
	at org.hibernate.mapping.MappingHelper.checkPropertyColumnDuplication(MappingHelper.java:112)
	at org.hibernate.mapping.PersistentClass.checkColumnDuplication(PersistentClass.java:971)
	at org.hibernate.mapping.PersistentClass.validate(PersistentClass.java:718)
	at org.hibernate.mapping.RootClass.validate(RootClass.java:286)
	at org.hibernate.boot.internal.MetadataImpl.validate(MetadataImpl.java:464)
	at org.hibernate.internal.SessionFactoryImpl.<init>(SessionFactoryImpl.java:269)
	at org.hibernate.internal.SessionFactoryRegistry.instantiateSessionFactory(SessionFactoryRegistry.java:64)
	at org.hibernate.boot.internal.SessionFactoryBuilderImpl.build(SessionFactoryBuilderImpl.java:458)
	at org.hibernate.jpa.boot.internal.EntityManagerFactoryBuilderImpl.build(EntityManagerFactoryBuilderImpl.java:1452)
	at org.springframework.orm.jpa.vendor.SpringHibernateJpaPersistenceProvider.createContainerEntityManagerFactory(SpringHibernateJpaPersistenceProvider.java:93)
	at org.springframework.orm.jpa.LocalContainerEntityManagerFactoryBean.createNativeEntityManagerFactory(LocalContainerEntityManagerFactoryBean.java:443)
	at org.springframework.orm.jpa.AbstractEntityManagerFactoryBean.buildNativeEntityManagerFactory(AbstractEntityManagerFactoryBean.java:436)
	... 22 common frames omitted
2026-07-29 16:54:30.592 INFO  c.f.springboot.app.Application - Starting Application using Java 21.0.2 with PID 29192 (C:\my projects\flashColorCardsApi\target\classes started by aleonmer in C:\my projects\flashColorCardsApi)
2026-07-29 16:54:30.598 DEBUG c.f.springboot.app.Application - Running with Spring Boot v4.1.0, Spring v7.0.8
2026-07-29 16:54:30.599 INFO  c.f.springboot.app.Application - The following 1 profile is active: "dev"
2026-07-29 16:54:30.748 INFO  o.s.b.d.e.DevToolsPropertyDefaultsPostProcessor - Devtools property defaults active! Set 'spring.devtools.add-properties' to 'false' to disable
2026-07-29 16:54:30.750 INFO  o.s.b.d.e.DevToolsPropertyDefaultsPostProcessor - For additional web related logging consider setting the 'logging.level.web' property to 'DEBUG'
2026-07-29 16:54:31.869 INFO  o.h.validator.internal.util.Version - HV000001: Hibernate Validator 9.1.0.Final
2026-07-29 16:54:33.913 INFO  o.s.d.r.c.RepositoryConfigurationDelegate - Bootstrapping Spring Data JPA repositories in DEFAULT mode.
2026-07-29 16:54:34.111 INFO  o.s.d.r.c.RepositoryConfigurationDelegate - Finished Spring Data repository scanning in 165 ms. Found 3 JPA repository interfaces.
2026-07-29 16:54:36.276 INFO  o.s.boot.tomcat.TomcatWebServer - Tomcat initialized with port 8080 (http)
2026-07-29 16:54:36.322 INFO  o.a.coyote.http11.Http11NioProtocol - Initializing ProtocolHandler ["http-nio-8080"]
2026-07-29 16:54:36.330 INFO  o.a.catalina.core.StandardService - Starting service [Tomcat]
2026-07-29 16:54:36.331 INFO  o.a.catalina.core.StandardEngine - Starting Servlet engine: [Apache Tomcat/11.0.22]
2026-07-29 16:54:36.576 INFO  o.s.b.w.c.s.WebApplicationContextInitializer - Root WebApplicationContext: initialization completed in 5821 ms
2026-07-29 16:54:37.115 INFO  org.hibernate.orm.jpa - HHH008540: Processing PersistenceUnitInfo [name: default]
2026-07-29 16:54:37.311 INFO  org.hibernate.orm.core - HHH000001: Hibernate ORM core version 7.4.1.Final
2026-07-29 16:54:38.221 INFO  o.s.o.j.p.SpringPersistenceUnitInfo - No LoadTimeWeaver setup: ignoring JPA class transformer
2026-07-29 16:54:38.282 INFO  com.zaxxer.hikari.HikariDataSource - HikariPool-1 - Starting...
2026-07-29 16:54:39.423 INFO  com.zaxxer.hikari.pool.HikariPool - HikariPool-1 - Added connection org.postgresql.jdbc.PgConnection@5fa2563
2026-07-29 16:54:39.426 INFO  com.zaxxer.hikari.HikariDataSource - HikariPool-1 - Start completed.
2026-07-29 16:54:39.526 WARN  org.hibernate.orm.deprecation - HHH90000025: PostgreSQLDialect does not need to be specified explicitly using 'hibernate.dialect' (remove the property setting and it will be selected by default)
2026-07-29 16:54:39.741 INFO  o.hibernate.orm.connections.pooling - HHH10001005: Database info:
	Database JDBC URL [jdbc:postgresql://ep-super-river-ab15ua67-pooler.eu-west-2.aws.neon.tech/neondb]
	Database driver: PostgreSQL JDBC Driver
	Database dialect: PostgreSQLDialect
	Database version: 18.4
	Default catalog/schema: neondb/public
	Autocommit mode: undefined/unknown
	Isolation level: READ_COMMITTED [default READ_COMMITTED]
	JDBC fetch size: none
	Pool: DataSourceConnectionProvider
	Minimum pool size: undefined/unknown
	Maximum pool size: undefined/unknown
2026-07-29 16:54:40.700 ERROR o.s.o.j.LocalContainerEntityManagerFactoryBean - Failed to initialize JPA EntityManagerFactory: Unable to build Hibernate SessionFactory  [persistence unit: default] ; nested exception is org.hibernate.MappingException: Column 'id_set' is duplicated in mapping for entity 'com.flashcolorcard.springboot.app.entities.Card' (use '@Column(insertable=false, updatable=false)' when mapping multiple properties to the same column)
2026-07-29 16:54:40.701 WARN  o.s.b.w.s.s.c.AnnotationConfigServletWebServerApplicationContext - Exception encountered during context initialization - cancelling refresh attempt: org.springframework.beans.factory.BeanCreationException: Error creating bean with name 'entityManagerFactory' defined in class path resource [org/springframework/boot/hibernate/autoconfigure/HibernateJpaConfiguration.class]: Unable to build Hibernate SessionFactory  [persistence unit: default] ; nested exception is org.hibernate.MappingException: Column 'id_set' is duplicated in mapping for entity 'com.flashcolorcard.springboot.app.entities.Card' (use '@Column(insertable=false, updatable=false)' when mapping multiple properties to the same column)
2026-07-29 16:54:40.705 INFO  com.zaxxer.hikari.HikariDataSource - HikariPool-1 - Shutdown initiated...
2026-07-29 16:54:41.086 INFO  com.zaxxer.hikari.HikariDataSource - HikariPool-1 - Shutdown completed.
2026-07-29 16:54:41.092 INFO  o.a.catalina.core.StandardService - Stopping service [Tomcat]
2026-07-29 16:54:41.148 INFO  o.s.b.a.l.ConditionEvaluationReportLogger - 

Error starting ApplicationContext. To display the condition evaluation report re-run your application with 'debug' enabled.
2026-07-29 16:54:41.195 ERROR o.s.boot.SpringApplication - Application run failed
org.springframework.beans.factory.BeanCreationException: Error creating bean with name 'entityManagerFactory' defined in class path resource [org/springframework/boot/hibernate/autoconfigure/HibernateJpaConfiguration.class]: Unable to build Hibernate SessionFactory  [persistence unit: default] ; nested exception is org.hibernate.MappingException: Column 'id_set' is duplicated in mapping for entity 'com.flashcolorcard.springboot.app.entities.Card' (use '@Column(insertable=false, updatable=false)' when mapping multiple properties to the same column)
	at org.springframework.beans.factory.support.AbstractAutowireCapableBeanFactory.initializeBean(AbstractAutowireCapableBeanFactory.java:1815)
	at org.springframework.beans.factory.support.AbstractAutowireCapableBeanFactory.doCreateBean(AbstractAutowireCapableBeanFactory.java:603)
	at org.springframework.beans.factory.support.AbstractAutowireCapableBeanFactory.createBean(AbstractAutowireCapableBeanFactory.java:525)
	at org.springframework.beans.factory.support.AbstractBeanFactory.lambda$doGetBean$0(AbstractBeanFactory.java:333)
	at org.springframework.beans.factory.support.DefaultSingletonBeanRegistry.getSingleton(DefaultSingletonBeanRegistry.java:371)
	at org.springframework.beans.factory.support.AbstractBeanFactory.doGetBean(AbstractBeanFactory.java:331)
	at org.springframework.beans.factory.support.AbstractBeanFactory.getBean(AbstractBeanFactory.java:201)
	at org.springframework.context.support.AbstractApplicationContext.finishBeanFactoryInitialization(AbstractApplicationContext.java:977)
	at org.springframework.context.support.AbstractApplicationContext.refresh(AbstractApplicationContext.java:621)
	at org.springframework.boot.web.server.servlet.context.ServletWebServerApplicationContext.refresh(ServletWebServerApplicationContext.java:143)
	at org.springframework.boot.SpringApplication.refresh(SpringApplication.java:756)
	at org.springframework.boot.SpringApplication.refreshContext(SpringApplication.java:445)
	at org.springframework.boot.SpringApplication.run(SpringApplication.java:321)
	at org.springframework.boot.SpringApplication.run(SpringApplication.java:1365)
	at org.springframework.boot.SpringApplication.run(SpringApplication.java:1354)
	at com.flashcolorcard.springboot.app.Application.main(Application.java:10)
	at java.base/jdk.internal.reflect.DirectMethodHandleAccessor.invoke(DirectMethodHandleAccessor.java:103)
	at java.base/java.lang.reflect.Method.invoke(Method.java:580)
	at org.springframework.boot.devtools.restart.RestartLauncher.run(RestartLauncher.java:52)
Caused by: jakarta.persistence.PersistenceException: Unable to build Hibernate SessionFactory  [persistence unit: default] ; nested exception is org.hibernate.MappingException: Column 'id_set' is duplicated in mapping for entity 'com.flashcolorcard.springboot.app.entities.Card' (use '@Column(insertable=false, updatable=false)' when mapping multiple properties to the same column)
	at org.springframework.orm.jpa.AbstractEntityManagerFactoryBean.buildNativeEntityManagerFactory(AbstractEntityManagerFactoryBean.java:448)
	at org.springframework.orm.jpa.AbstractEntityManagerFactoryBean.afterPropertiesSet(AbstractEntityManagerFactoryBean.java:411)
	at org.springframework.orm.jpa.LocalContainerEntityManagerFactoryBean.afterPropertiesSet(LocalContainerEntityManagerFactoryBean.java:419)
	at org.springframework.beans.factory.support.AbstractAutowireCapableBeanFactory.invokeInitMethods(AbstractAutowireCapableBeanFactory.java:1862)
	at org.springframework.beans.factory.support.AbstractAutowireCapableBeanFactory.initializeBean(AbstractAutowireCapableBeanFactory.java:1811)
	... 18 common frames omitted
Caused by: org.hibernate.MappingException: Column 'id_set' is duplicated in mapping for entity 'com.flashcolorcard.springboot.app.entities.Card' (use '@Column(insertable=false, updatable=false)' when mapping multiple properties to the same column)
	at org.hibernate.mapping.Value.checkColumnDuplication(Value.java:214)
	at org.hibernate.mapping.MappingHelper.checkPropertyColumnDuplication(MappingHelper.java:112)
	at org.hibernate.mapping.PersistentClass.checkColumnDuplication(PersistentClass.java:971)
	at org.hibernate.mapping.PersistentClass.validate(PersistentClass.java:718)
	at org.hibernate.mapping.RootClass.validate(RootClass.java:286)
	at org.hibernate.boot.internal.MetadataImpl.validate(MetadataImpl.java:464)
	at org.hibernate.internal.SessionFactoryImpl.<init>(SessionFactoryImpl.java:269)
	at org.hibernate.internal.SessionFactoryRegistry.instantiateSessionFactory(SessionFactoryRegistry.java:64)
	at org.hibernate.boot.internal.SessionFactoryBuilderImpl.build(SessionFactoryBuilderImpl.java:458)
	at org.hibernate.jpa.boot.internal.EntityManagerFactoryBuilderImpl.build(EntityManagerFactoryBuilderImpl.java:1452)
	at org.springframework.orm.jpa.vendor.SpringHibernateJpaPersistenceProvider.createContainerEntityManagerFactory(SpringHibernateJpaPersistenceProvider.java:93)
	at org.springframework.orm.jpa.LocalContainerEntityManagerFactoryBean.createNativeEntityManagerFactory(LocalContainerEntityManagerFactoryBean.java:443)
	at org.springframework.orm.jpa.AbstractEntityManagerFactoryBean.buildNativeEntityManagerFactory(AbstractEntityManagerFactoryBean.java:436)
	... 22 common frames omitted
2026-07-29 16:55:48.615 INFO  c.f.springboot.app.Application - Starting Application using Java 21.0.2 with PID 29504 (C:\my projects\flashColorCardsApi\target\classes started by aleonmer in C:\my projects\flashColorCardsApi)
2026-07-29 16:55:48.626 DEBUG c.f.springboot.app.Application - Running with Spring Boot v4.1.0, Spring v7.0.8
2026-07-29 16:55:48.627 INFO  c.f.springboot.app.Application - The following 1 profile is active: "dev"
2026-07-29 16:55:48.781 INFO  o.s.b.d.e.DevToolsPropertyDefaultsPostProcessor - Devtools property defaults active! Set 'spring.devtools.add-properties' to 'false' to disable
2026-07-29 16:55:48.782 INFO  o.s.b.d.e.DevToolsPropertyDefaultsPostProcessor - For additional web related logging consider setting the 'logging.level.web' property to 'DEBUG'
2026-07-29 16:55:49.939 INFO  o.h.validator.internal.util.Version - HV000001: Hibernate Validator 9.1.0.Final
2026-07-29 16:55:51.445 INFO  o.s.d.r.c.RepositoryConfigurationDelegate - Bootstrapping Spring Data JPA repositories in DEFAULT mode.
2026-07-29 16:55:51.592 INFO  o.s.d.r.c.RepositoryConfigurationDelegate - Finished Spring Data repository scanning in 123 ms. Found 3 JPA repository interfaces.
2026-07-29 16:55:53.129 INFO  o.s.boot.tomcat.TomcatWebServer - Tomcat initialized with port 8080 (http)
2026-07-29 16:55:53.172 INFO  o.a.coyote.http11.Http11NioProtocol - Initializing ProtocolHandler ["http-nio-8080"]
2026-07-29 16:55:53.179 INFO  o.a.catalina.core.StandardService - Starting service [Tomcat]
2026-07-29 16:55:53.180 INFO  o.a.catalina.core.StandardEngine - Starting Servlet engine: [Apache Tomcat/11.0.22]
2026-07-29 16:55:53.357 INFO  o.s.b.w.c.s.WebApplicationContextInitializer - Root WebApplicationContext: initialization completed in 4572 ms
2026-07-29 16:55:54.125 INFO  org.hibernate.orm.jpa - HHH008540: Processing PersistenceUnitInfo [name: default]
2026-07-29 16:55:54.282 INFO  org.hibernate.orm.core - HHH000001: Hibernate ORM core version 7.4.1.Final
2026-07-29 16:55:55.206 INFO  o.s.o.j.p.SpringPersistenceUnitInfo - No LoadTimeWeaver setup: ignoring JPA class transformer
2026-07-29 16:55:55.267 INFO  com.zaxxer.hikari.HikariDataSource - HikariPool-1 - Starting...
2026-07-29 16:55:56.327 INFO  com.zaxxer.hikari.pool.HikariPool - HikariPool-1 - Added connection org.postgresql.jdbc.PgConnection@595d0060
2026-07-29 16:55:56.329 INFO  com.zaxxer.hikari.HikariDataSource - HikariPool-1 - Start completed.
2026-07-29 16:55:56.420 WARN  org.hibernate.orm.deprecation - HHH90000025: PostgreSQLDialect does not need to be specified explicitly using 'hibernate.dialect' (remove the property setting and it will be selected by default)
2026-07-29 16:55:56.625 INFO  o.hibernate.orm.connections.pooling - HHH10001005: Database info:
	Database JDBC URL [jdbc:postgresql://ep-super-river-ab15ua67-pooler.eu-west-2.aws.neon.tech/neondb]
	Database driver: PostgreSQL JDBC Driver
	Database dialect: PostgreSQLDialect
	Database version: 18.4
	Default catalog/schema: neondb/public
	Autocommit mode: undefined/unknown
	Isolation level: READ_COMMITTED [default READ_COMMITTED]
	JDBC fetch size: none
	Pool: DataSourceConnectionProvider
	Minimum pool size: undefined/unknown
	Maximum pool size: undefined/unknown
2026-07-29 16:55:59.009 INFO  org.hibernate.orm.core - HHH000489: No JTA platform available (set 'hibernate.transaction.jta.platform' to enable JTA platform integration)
2026-07-29 16:55:59.043 INFO  o.s.o.j.LocalContainerEntityManagerFactoryBean - Initialized JPA EntityManagerFactory for persistence unit 'default'
2026-07-29 16:55:59.770 INFO  o.s.d.j.r.q.QueryEnhancerFactories - Hibernate is in classpath; If applicable, HQL parser will be used.
2026-07-29 16:56:00.677 INFO  o.s.s.c.a.a.c.InitializeUserDetailsBeanManagerConfigurer$InitializeUserDetailsManagerConfigurer - Global AuthenticationManager configured with UserDetailsService bean with name userDetailsService
2026-07-29 16:56:02.101 WARN  o.s.b.j.a.JpaBaseConfiguration$JpaWebConfiguration - spring.jpa.open-in-view is enabled by default. Therefore, database queries may be performed during view rendering. Explicitly configure spring.jpa.open-in-view to disable this warning
2026-07-29 16:56:05.926 INFO  o.a.coyote.http11.Http11NioProtocol - Starting ProtocolHandler ["http-nio-8080"]
2026-07-29 16:56:06.050 INFO  o.s.boot.tomcat.TomcatWebServer - Tomcat started on port 8080 (http) with context path '/'
2026-07-29 16:56:06.088 INFO  c.f.springboot.app.Application - Started Application in 18.872 seconds (process running for 20.633)
2026-07-29 16:56:06.108 WARN  o.s.c.events.SpringDocAppInitializer - SpringDoc /v3/api-docs endpoint is enabled by default. To disable it in production, set the property 'springdoc.api-docs.enabled=false'
2026-07-29 16:56:06.109 WARN  o.s.c.events.SpringDocAppInitializer - SpringDoc /swagger-ui.html endpoint is enabled by default. To disable it in production, set the property 'springdoc.swagger-ui.enabled=false'
2026-07-29 16:56:16.323 INFO  o.a.c.c.C.[Tomcat].[localhost].[/] - Initializing Spring DispatcherServlet 'dispatcherServlet'
2026-07-29 16:56:16.324 INFO  o.s.web.servlet.DispatcherServlet - Initializing Servlet 'dispatcherServlet'
2026-07-29 16:56:16.330 INFO  o.s.web.servlet.DispatcherServlet - Completed initialization in 4 ms
2026-07-29 16:56:20.266 INFO  o.s.api.AbstractOpenApiResource - Init duration for springdoc-openapi is: 1788 ms
2026-07-29 17:01:26.452 WARN  o.s.w.s.m.m.a.ExceptionHandlerExceptionResolver - Resolved [org.springframework.http.converter.HttpMessageNotReadableException: JSON parse error: Unexpected character ('}' (code 125)): was expecting double-quote to start property name]
2026-07-29 17:01:42.254 WARN  org.hibernate.orm.jdbc.error - HHH000247: ErrorCode: 0, SQLState: 23503
2026-07-29 17:01:42.255 WARN  org.hibernate.orm.jdbc.error - ERROR: insert or update on table "set" violates foreign key constraint "fk_set_user"
  Detail: Key (id_user)=(2) is not present in table "users".
2026-07-29 17:01:42.348 WARN  o.s.w.s.m.m.a.ExceptionHandlerExceptionResolver - Resolved [org.springframework.dao.DataIntegrityViolationException: could not execute statement [ERROR: insert or update on table "set" violates foreign key constraint "fk_set_user"<EOL>  Detail: Key (id_user)=(2) is not present in table "users".] [insert into set (color,id_user,remain,title,total) values (?,?,?,?,?)]; SQL [insert into set (color,id_user,remain,title,total) values (?,?,?,?,?)]; constraint [fk_set_user]]
2026-07-29 17:02:05.777 WARN  o.s.w.s.m.m.a.ExceptionHandlerExceptionResolver - Resolved [org.springframework.http.converter.HttpMessageNotReadableException: JSON parse error: Unexpected close marker '}': expected ']' (for Array starting at [Source: REDACTED (`StreamReadFeature.INCLUDE_SOURCE_IN_LOCATION` disabled); byte offset: #UNKNOWN])]
2026-07-29 17:02:29.359 WARN  org.hibernate.orm.jdbc.error - HHH000247: ErrorCode: 0, SQLState: 23503
2026-07-29 17:02:29.361 WARN  org.hibernate.orm.jdbc.error - ERROR: insert or update on table "set" violates foreign key constraint "fk_set_user"
  Detail: Key (id_user)=(2) is not present in table "users".
2026-07-29 17:02:29.408 WARN  o.s.w.s.m.m.a.ExceptionHandlerExceptionResolver - Resolved [org.springframework.dao.DataIntegrityViolationException: could not execute statement [ERROR: insert or update on table "set" violates foreign key constraint "fk_set_user"<EOL>  Detail: Key (id_user)=(2) is not present in table "users".] [insert into set (color,id_user,remain,title,total) values (?,?,?,?,?)]; SQL [insert into set (color,id_user,remain,title,total) values (?,?,?,?,?)]; constraint [fk_set_user]]
2026-07-29 17:02:46.917 WARN  o.s.w.s.m.m.a.ExceptionHandlerExceptionResolver - Resolved [org.springframework.http.converter.HttpMessageNotReadableException: JSON parse error: Cannot coerce empty String ("") to `com.flashcolorcard.springboot.app.entities.Card` value (but could if coercion was enabled using `CoercionConfig`)]
2026-07-29 17:08:16.400 INFO  o.s.boot.tomcat.GracefulShutdown - Commencing graceful shutdown. Waiting for active requests to complete
2026-07-29 17:08:16.439 INFO  o.s.boot.tomcat.GracefulShutdown - Graceful shutdown complete
2026-07-29 17:08:16.471 INFO  o.s.o.j.LocalContainerEntityManagerFactoryBean - Closing JPA EntityManagerFactory for persistence unit 'default'
2026-07-29 17:08:16.502 INFO  com.zaxxer.hikari.HikariDataSource - HikariPool-1 - Shutdown initiated...
2026-07-29 17:08:16.952 INFO  com.zaxxer.hikari.HikariDataSource - HikariPool-1 - Shutdown completed.
2026-07-29 17:08:46.048 INFO  c.f.springboot.app.Application - Starting Application using Java 21.0.2 with PID 34092 (C:\my projects\flashColorCardsApi\target\classes started by aleonmer in C:\my projects\flashColorCardsApi)
2026-07-29 17:08:46.064 DEBUG c.f.springboot.app.Application - Running with Spring Boot v4.1.0, Spring v7.0.8
2026-07-29 17:08:46.065 INFO  c.f.springboot.app.Application - The following 1 profile is active: "dev"
2026-07-29 17:08:46.293 INFO  o.s.b.d.e.DevToolsPropertyDefaultsPostProcessor - Devtools property defaults active! Set 'spring.devtools.add-properties' to 'false' to disable
2026-07-29 17:08:46.294 INFO  o.s.b.d.e.DevToolsPropertyDefaultsPostProcessor - For additional web related logging consider setting the 'logging.level.web' property to 'DEBUG'
2026-07-29 17:08:48.538 INFO  o.h.validator.internal.util.Version - HV000001: Hibernate Validator 9.1.0.Final
2026-07-29 17:08:51.907 INFO  o.s.d.r.c.RepositoryConfigurationDelegate - Bootstrapping Spring Data JPA repositories in DEFAULT mode.
2026-07-29 17:08:52.214 INFO  o.s.d.r.c.RepositoryConfigurationDelegate - Finished Spring Data repository scanning in 266 ms. Found 3 JPA repository interfaces.
2026-07-29 17:08:55.073 INFO  o.s.boot.tomcat.TomcatWebServer - Tomcat initialized with port 8080 (http)
2026-07-29 17:08:55.134 INFO  o.a.coyote.http11.Http11NioProtocol - Initializing ProtocolHandler ["http-nio-8080"]
2026-07-29 17:08:55.145 INFO  o.a.catalina.core.StandardService - Starting service [Tomcat]
2026-07-29 17:08:55.147 INFO  o.a.catalina.core.StandardEngine - Starting Servlet engine: [Apache Tomcat/11.0.22]
2026-07-29 17:08:55.474 INFO  o.s.b.w.c.s.WebApplicationContextInitializer - Root WebApplicationContext: initialization completed in 9173 ms
2026-07-29 17:08:56.480 INFO  org.hibernate.orm.jpa - HHH008540: Processing PersistenceUnitInfo [name: default]
2026-07-29 17:08:56.821 INFO  org.hibernate.orm.core - HHH000001: Hibernate ORM core version 7.4.1.Final
2026-07-29 17:08:59.444 INFO  o.s.o.j.p.SpringPersistenceUnitInfo - No LoadTimeWeaver setup: ignoring JPA class transformer
2026-07-29 17:08:59.613 INFO  com.zaxxer.hikari.HikariDataSource - HikariPool-1 - Starting...
2026-07-29 17:09:02.016 INFO  com.zaxxer.hikari.pool.HikariPool - HikariPool-1 - Added connection org.postgresql.jdbc.PgConnection@4b09877e
2026-07-29 17:09:02.026 INFO  com.zaxxer.hikari.HikariDataSource - HikariPool-1 - Start completed.
2026-07-29 17:09:02.209 WARN  org.hibernate.orm.deprecation - HHH90000025: PostgreSQLDialect does not need to be specified explicitly using 'hibernate.dialect' (remove the property setting and it will be selected by default)
2026-07-29 17:09:02.495 INFO  o.hibernate.orm.connections.pooling - HHH10001005: Database info:
	Database JDBC URL [jdbc:postgresql://ep-super-river-ab15ua67-pooler.eu-west-2.aws.neon.tech/neondb]
	Database driver: PostgreSQL JDBC Driver
	Database dialect: PostgreSQLDialect
	Database version: 18.4
	Default catalog/schema: neondb/public
	Autocommit mode: undefined/unknown
	Isolation level: READ_COMMITTED [default READ_COMMITTED]
	JDBC fetch size: none
	Pool: DataSourceConnectionProvider
	Minimum pool size: undefined/unknown
	Maximum pool size: undefined/unknown
2026-07-29 17:09:07.248 INFO  org.hibernate.orm.core - HHH000489: No JTA platform available (set 'hibernate.transaction.jta.platform' to enable JTA platform integration)
2026-07-29 17:09:07.331 INFO  o.s.o.j.LocalContainerEntityManagerFactoryBean - Initialized JPA EntityManagerFactory for persistence unit 'default'
2026-07-29 17:09:08.315 INFO  o.s.d.j.r.q.QueryEnhancerFactories - Hibernate is in classpath; If applicable, HQL parser will be used.
2026-07-29 17:09:10.025 INFO  o.s.s.c.a.a.c.InitializeUserDetailsBeanManagerConfigurer$InitializeUserDetailsManagerConfigurer - Global AuthenticationManager configured with UserDetailsService bean with name userDetailsService
2026-07-29 17:09:11.434 WARN  o.s.b.j.a.JpaBaseConfiguration$JpaWebConfiguration - spring.jpa.open-in-view is enabled by default. Therefore, database queries may be performed during view rendering. Explicitly configure spring.jpa.open-in-view to disable this warning
2026-07-29 17:09:14.676 INFO  o.a.coyote.http11.Http11NioProtocol - Starting ProtocolHandler ["http-nio-8080"]
2026-07-29 17:09:14.782 INFO  o.s.boot.tomcat.TomcatWebServer - Tomcat started on port 8080 (http) with context path '/'
2026-07-29 17:09:14.812 INFO  c.f.springboot.app.Application - Started Application in 31.113 seconds (process running for 33.906)
2026-07-29 17:09:14.829 WARN  o.s.c.events.SpringDocAppInitializer - SpringDoc /v3/api-docs endpoint is enabled by default. To disable it in production, set the property 'springdoc.api-docs.enabled=false'
2026-07-29 17:09:14.830 WARN  o.s.c.events.SpringDocAppInitializer - SpringDoc /swagger-ui.html endpoint is enabled by default. To disable it in production, set the property 'springdoc.swagger-ui.enabled=false'
2026-07-29 17:09:19.162 INFO  o.a.c.c.C.[Tomcat].[localhost].[/] - Initializing Spring DispatcherServlet 'dispatcherServlet'
2026-07-29 17:09:19.167 INFO  o.s.web.servlet.DispatcherServlet - Initializing Servlet 'dispatcherServlet'
2026-07-29 17:09:19.186 INFO  o.s.web.servlet.DispatcherServlet - Completed initialization in 13 ms
2026-07-29 17:09:26.560 INFO  o.s.api.AbstractOpenApiResource - Init duration for springdoc-openapi is: 3009 ms
2026-07-29 17:19:57.817 INFO  o.s.b.d.a.LocalDevToolsAutoConfiguration$RestartingClassPathChangeChangedEventListener - Restarting due to 2 class path changes (0 additions, 2 deletions, 0 modifications)
2026-07-29 17:19:57.838 INFO  o.s.boot.tomcat.GracefulShutdown - Commencing graceful shutdown. Waiting for active requests to complete
2026-07-29 17:19:57.842 INFO  o.a.coyote.http11.Http11NioProtocol - Pausing ProtocolHandler ["http-nio-8080"]
2026-07-29 17:19:57.874 INFO  o.s.boot.tomcat.GracefulShutdown - Graceful shutdown complete
2026-07-29 17:19:57.876 INFO  o.a.coyote.http11.Http11NioProtocol - Stopping ProtocolHandler ["http-nio-8080"]
2026-07-29 17:19:57.901 INFO  o.s.o.j.LocalContainerEntityManagerFactoryBean - Closing JPA EntityManagerFactory for persistence unit 'default'
2026-07-29 17:19:57.920 INFO  com.zaxxer.hikari.HikariDataSource - HikariPool-1 - Shutdown initiated...
2026-07-29 17:19:58.986 INFO  com.zaxxer.hikari.HikariDataSource - HikariPool-1 - Shutdown completed.
2026-07-29 17:19:59.627 INFO  c.f.springboot.app.Application - Starting Application using Java 21.0.2 with PID 34092 (C:\my projects\flashColorCardsApi\target\classes started by aleonmer in C:\my projects\flashColorCardsApi)
2026-07-29 17:19:59.629 DEBUG c.f.springboot.app.Application - Running with Spring Boot v4.1.0, Spring v7.0.8
2026-07-29 17:19:59.633 INFO  c.f.springboot.app.Application - The following 1 profile is active: "dev"
2026-07-29 17:20:02.181 INFO  o.s.d.r.c.RepositoryConfigurationDelegate - Bootstrapping Spring Data JPA repositories in DEFAULT mode.
2026-07-29 17:20:02.281 WARN  o.s.b.w.s.s.c.AnnotationConfigServletWebServerApplicationContext - Exception encountered during context initialization - cancelling refresh attempt: java.lang.TypeNotPresentException: Type com.flashcolorcard.springboot.app.entities.Sets not present
2026-07-29 17:20:02.302 INFO  o.s.b.a.l.ConditionEvaluationReportLogger - 

Error starting ApplicationContext. To display the condition evaluation report re-run your application with 'debug' enabled.
2026-07-29 17:20:02.394 ERROR o.s.boot.SpringApplication - Application run failed
java.lang.TypeNotPresentException: Type com.flashcolorcard.springboot.app.entities.Sets not present
	at java.base/sun.reflect.generics.factory.CoreReflectionFactory.makeNamedType(CoreReflectionFactory.java:117)
	at java.base/sun.reflect.generics.visitor.Reifier.visitClassTypeSignature(Reifier.java:125)
	at java.base/sun.reflect.generics.tree.ClassTypeSignature.accept(ClassTypeSignature.java:49)
	at java.base/sun.reflect.generics.visitor.Reifier.reifyTypeArguments(Reifier.java:68)
	at java.base/sun.reflect.generics.visitor.Reifier.visitClassTypeSignature(Reifier.java:138)
	at java.base/sun.reflect.generics.tree.ClassTypeSignature.accept(ClassTypeSignature.java:49)
	at java.base/sun.reflect.generics.repository.ClassRepository.computeSuperInterfaces(ClassRepository.java:117)
	at java.base/sun.reflect.generics.repository.ClassRepository.getSuperInterfaces(ClassRepository.java:95)
	at java.base/java.lang.Class.getGenericInterfaces(Class.java:1296)
	at org.springframework.core.ResolvableType.getInterfaces(ResolvableType.java:544)
	at org.springframework.core.ResolvableType.as(ResolvableType.java:492)
	at org.springframework.data.core.TypeDiscoverer.getSuperTypeInformation(TypeDiscoverer.java:266)
	at org.springframework.data.core.TypeInformation.getRequiredSuperTypeInformation(TypeInformation.java:328)
	at org.springframework.data.repository.core.support.DefaultRepositoryMetadata.<init>(DefaultRepositoryMetadata.java:55)
	at org.springframework.data.repository.core.support.AbstractRepositoryMetadata.getMetadata(AbstractRepositoryMetadata.java:79)
	at org.springframework.data.repository.config.RepositoryConfigurationExtensionSupport.getRepositoryConfigurations(RepositoryConfigurationExtensionSupport.java:93)
	at org.springframework.data.repository.config.RepositoryConfigurationDelegate.registerRepositoriesIn(RepositoryConfigurationDelegate.java:170)
	at org.springframework.boot.autoconfigure.data.AbstractRepositoryConfigurationSourceSupport.registerBeanDefinitions(AbstractRepositoryConfigurationSourceSupport.java:67)
	at org.springframework.context.annotation.ConfigurationClassBeanDefinitionReader.lambda$loadBeanDefinitionsFromImportBeanDefinitionRegistrars$0(ConfigurationClassBeanDefinitionReader.java:422)
	at java.base/java.util.LinkedHashMap.forEach(LinkedHashMap.java:986)
	at org.springframework.context.annotation.ConfigurationClassBeanDefinitionReader.loadBeanDefinitionsFromImportBeanDefinitionRegistrars(ConfigurationClassBeanDefinitionReader.java:421)
	at org.springframework.context.annotation.ConfigurationClassBeanDefinitionReader.loadBeanDefinitionsForConfigurationClass(ConfigurationClassBeanDefinitionReader.java:152)
	at org.springframework.context.annotation.ConfigurationClassBeanDefinitionReader.loadBeanDefinitions(ConfigurationClassBeanDefinitionReader.java:124)
	at org.springframework.context.annotation.ConfigurationClassPostProcessor.processConfigBeanDefinitions(ConfigurationClassPostProcessor.java:464)
	at org.springframework.context.annotation.ConfigurationClassPostProcessor.postProcessBeanDefinitionRegistry(ConfigurationClassPostProcessor.java:316)
	at org.springframework.context.support.PostProcessorRegistrationDelegate.invokeBeanDefinitionRegistryPostProcessors(PostProcessorRegistrationDelegate.java:349)
	at org.springframework.context.support.PostProcessorRegistrationDelegate.invokeBeanFactoryPostProcessors(PostProcessorRegistrationDelegate.java:118)
	at org.springframework.context.support.AbstractApplicationContext.invokeBeanFactoryPostProcessors(AbstractApplicationContext.java:795)
	at org.springframework.context.support.AbstractApplicationContext.refresh(AbstractApplicationContext.java:603)
	at org.springframework.boot.web.server.servlet.context.ServletWebServerApplicationContext.refresh(ServletWebServerApplicationContext.java:143)
	at org.springframework.boot.SpringApplication.refresh(SpringApplication.java:756)
	at org.springframework.boot.SpringApplication.refreshContext(SpringApplication.java:445)
	at org.springframework.boot.SpringApplication.run(SpringApplication.java:321)
	at org.springframework.boot.SpringApplication.run(SpringApplication.java:1365)
	at org.springframework.boot.SpringApplication.run(SpringApplication.java:1354)
	at com.flashcolorcard.springboot.app.Application.main(Application.java:10)
	at java.base/jdk.internal.reflect.DirectMethodHandleAccessor.invoke(DirectMethodHandleAccessor.java:103)
	at java.base/java.lang.reflect.Method.invoke(Method.java:580)
	at org.springframework.boot.devtools.restart.RestartLauncher.run(RestartLauncher.java:52)
Caused by: java.lang.ClassNotFoundException: com.flashcolorcard.springboot.app.entities.Sets
	at java.base/jdk.internal.loader.BuiltinClassLoader.loadClass(BuiltinClassLoader.java:641)
	at java.base/jdk.internal.loader.ClassLoaders$AppClassLoader.loadClass(ClassLoaders.java:188)
	at java.base/java.lang.ClassLoader.loadClass(ClassLoader.java:526)
	at java.base/java.lang.Class.forName0(Native Method)
	at java.base/java.lang.Class.forName(Class.java:534)
	at java.base/java.lang.Class.forName(Class.java:513)
	at org.springframework.boot.devtools.restart.classloader.RestartClassLoader.loadClass(RestartClassLoader.java:123)
	at java.base/java.lang.ClassLoader.loadClass(ClassLoader.java:526)
	at java.base/java.lang.Class.forName0(Native Method)
	at java.base/java.lang.Class.forName(Class.java:534)
	at java.base/java.lang.Class.forName(Class.java:513)
	at java.base/sun.reflect.generics.factory.CoreReflectionFactory.makeNamedType(CoreReflectionFactory.java:114)
	... 38 common frames omitted
2026-07-29 17:20:16.242 INFO  c.f.springboot.app.Application - Starting Application using Java 21.0.2 with PID 34092 (C:\my projects\flashColorCardsApi\target\classes started by aleonmer in C:\my projects\flashColorCardsApi)
2026-07-29 17:20:16.244 DEBUG c.f.springboot.app.Application - Running with Spring Boot v4.1.0, Spring v7.0.8
2026-07-29 17:20:16.244 INFO  c.f.springboot.app.Application - The following 1 profile is active: "dev"
2026-07-29 17:20:17.437 INFO  o.s.d.r.c.RepositoryConfigurationDelegate - Bootstrapping Spring Data JPA repositories in DEFAULT mode.
2026-07-29 17:20:17.560 INFO  o.s.d.r.c.RepositoryConfigurationDelegate - Finished Spring Data repository scanning in 112 ms. Found 3 JPA repository interfaces.
2026-07-29 17:20:18.077 INFO  o.s.boot.tomcat.TomcatWebServer - Tomcat initialized with port 8080 (http)
2026-07-29 17:20:18.077 INFO  o.a.coyote.http11.Http11NioProtocol - Initializing ProtocolHandler ["http-nio-8080"]
2026-07-29 17:20:18.079 INFO  o.a.catalina.core.StandardService - Starting service [Tomcat]
2026-07-29 17:20:18.080 INFO  o.a.catalina.core.StandardEngine - Starting Servlet engine: [Apache Tomcat/11.0.22]
2026-07-29 17:20:18.311 INFO  o.s.b.w.c.s.WebApplicationContextInitializer - Root WebApplicationContext: initialization completed in 2057 ms
2026-07-29 17:20:18.600 INFO  org.hibernate.orm.jpa - HHH008540: Processing PersistenceUnitInfo [name: default]
2026-07-29 17:20:18.815 INFO  o.s.o.j.p.SpringPersistenceUnitInfo - No LoadTimeWeaver setup: ignoring JPA class transformer
2026-07-29 17:20:18.825 INFO  com.zaxxer.hikari.HikariDataSource - HikariPool-2 - Starting...
2026-07-29 17:20:19.379 INFO  com.zaxxer.hikari.pool.HikariPool - HikariPool-2 - Added connection org.postgresql.jdbc.PgConnection@22fac730
2026-07-29 17:20:19.381 INFO  com.zaxxer.hikari.HikariDataSource - HikariPool-2 - Start completed.
2026-07-29 17:20:19.429 WARN  org.hibernate.orm.deprecation - HHH90000025: PostgreSQLDialect does not need to be specified explicitly using 'hibernate.dialect' (remove the property setting and it will be selected by default)
2026-07-29 17:20:19.607 INFO  o.hibernate.orm.connections.pooling - HHH10001005: Database info:
	Database JDBC URL [jdbc:postgresql://ep-super-river-ab15ua67-pooler.eu-west-2.aws.neon.tech/neondb]
	Database driver: PostgreSQL JDBC Driver
	Database dialect: PostgreSQLDialect
	Database version: 18.4
	Default catalog/schema: neondb/public
	Autocommit mode: undefined/unknown
	Isolation level: READ_COMMITTED [default READ_COMMITTED]
	JDBC fetch size: none
	Pool: DataSourceConnectionProvider
	Minimum pool size: undefined/unknown
	Maximum pool size: undefined/unknown
2026-07-29 17:20:20.439 INFO  org.hibernate.orm.core - HHH000489: No JTA platform available (set 'hibernate.transaction.jta.platform' to enable JTA platform integration)
2026-07-29 17:20:20.446 INFO  o.s.o.j.LocalContainerEntityManagerFactoryBean - Initialized JPA EntityManagerFactory for persistence unit 'default'
2026-07-29 17:20:20.830 INFO  o.s.s.c.a.a.c.InitializeUserDetailsBeanManagerConfigurer$InitializeUserDetailsManagerConfigurer - Global AuthenticationManager configured with UserDetailsService bean with name userDetailsService
2026-07-29 17:20:21.196 WARN  o.s.b.j.a.JpaBaseConfiguration$JpaWebConfiguration - spring.jpa.open-in-view is enabled by default. Therefore, database queries may be performed during view rendering. Explicitly configure spring.jpa.open-in-view to disable this warning
2026-07-29 17:20:22.207 INFO  o.a.coyote.http11.Http11NioProtocol - Starting ProtocolHandler ["http-nio-8080"]
2026-07-29 17:20:22.244 INFO  o.s.boot.tomcat.TomcatWebServer - Tomcat started on port 8080 (http) with context path '/'
2026-07-29 17:20:22.259 INFO  c.f.springboot.app.Application - Started Application in 6.225 seconds (process running for 701.353)
2026-07-29 17:20:22.263 WARN  o.s.c.events.SpringDocAppInitializer - SpringDoc /v3/api-docs endpoint is enabled by default. To disable it in production, set the property 'springdoc.api-docs.enabled=false'
2026-07-29 17:20:22.264 WARN  o.s.c.events.SpringDocAppInitializer - SpringDoc /swagger-ui.html endpoint is enabled by default. To disable it in production, set the property 'springdoc.swagger-ui.enabled=false'
2026-07-29 17:20:22.274 INFO  o.s.b.d.a.ConditionEvaluationDeltaLoggingListener - Condition evaluation unchanged
2026-07-29 17:21:35.089 INFO  o.a.c.c.C.[Tomcat].[localhost].[/] - Initializing Spring DispatcherServlet 'dispatcherServlet'
2026-07-29 17:21:35.090 INFO  o.s.web.servlet.DispatcherServlet - Initializing Servlet 'dispatcherServlet'
2026-07-29 17:21:35.096 INFO  o.s.web.servlet.DispatcherServlet - Completed initialization in 4 ms
2026-07-29 17:21:37.157 INFO  o.s.api.AbstractOpenApiResource - Init duration for springdoc-openapi is: 783 ms
2026-07-29 17:23:25.534 WARN  org.hibernate.orm.jdbc.error - HHH000247: ErrorCode: 0, SQLState: 23503
2026-07-29 17:23:25.535 WARN  org.hibernate.orm.jdbc.error - ERROR: insert or update on table "set" violates foreign key constraint "fk_set_user"
  Detail: Key (id_user)=(2) is not present in table "users".
2026-07-29 17:23:25.639 WARN  o.s.w.s.m.m.a.ExceptionHandlerExceptionResolver - Resolved [org.springframework.dao.DataIntegrityViolationException: could not execute statement [ERROR: insert or update on table "set" violates foreign key constraint "fk_set_user"<EOL>  Detail: Key (id_user)=(2) is not present in table "users".] [insert into set (color,id_user,remain,title,total) values (?,?,?,?,?)]; SQL [insert into set (color,id_user,remain,title,total) values (?,?,?,?,?)]; constraint [fk_set_user]]
2026-07-29 17:29:36.627 WARN  com.zaxxer.hikari.pool.PoolBase - HikariPool-2 - Failed to validate connection org.postgresql.jdbc.PgConnection@2783344f (This connection has been closed.). Possibly consider using a shorter maxLifetime value.
2026-07-29 17:29:36.631 WARN  com.zaxxer.hikari.pool.HikariPool - HikariPool-2 - Thread starvation or clock leap detected (housekeeper delta=1m46s997ms203µs100ns).
2026-07-29 17:29:36.649 WARN  com.zaxxer.hikari.pool.PoolBase - HikariPool-2 - Failed to validate connection org.postgresql.jdbc.PgConnection@7933b925 (This connection has been closed.). Possibly consider using a shorter maxLifetime value.
2026-07-29 17:29:36.657 WARN  com.zaxxer.hikari.pool.PoolBase - HikariPool-2 - Failed to validate connection org.postgresql.jdbc.PgConnection@47accb00 (This connection has been closed.). Possibly consider using a shorter maxLifetime value.
2026-07-29 17:29:36.670 WARN  com.zaxxer.hikari.pool.PoolBase - HikariPool-2 - Failed to validate connection org.postgresql.jdbc.PgConnection@22fac730 (This connection has been closed.). Possibly consider using a shorter maxLifetime value.
2026-07-29 17:29:36.684 WARN  com.zaxxer.hikari.pool.PoolBase - HikariPool-2 - Failed to validate connection org.postgresql.jdbc.PgConnection@631d7a78 (This connection has been closed.). Possibly consider using a shorter maxLifetime value.
2026-07-29 17:29:36.693 WARN  com.zaxxer.hikari.pool.PoolBase - HikariPool-2 - Failed to validate connection org.postgresql.jdbc.PgConnection@6a9a8e9 (This connection has been closed.). Possibly consider using a shorter maxLifetime value.
2026-07-29 17:29:36.699 WARN  com.zaxxer.hikari.pool.PoolBase - HikariPool-2 - Failed to validate connection org.postgresql.jdbc.PgConnection@6237d388 (This connection has been closed.). Possibly consider using a shorter maxLifetime value.
2026-07-29 18:26:12.230 WARN  com.zaxxer.hikari.pool.PoolBase - HikariPool-2 - Failed to validate connection org.postgresql.jdbc.PgConnection@43e2f005 (This connection has been closed.). Possibly consider using a shorter maxLifetime value.
2026-07-29 18:26:12.256 WARN  com.zaxxer.hikari.pool.PoolBase - HikariPool-2 - Failed to validate connection org.postgresql.jdbc.PgConnection@18bd6 (This connection has been closed.). Possibly consider using a shorter maxLifetime value.
2026-07-29 18:26:12.268 WARN  com.zaxxer.hikari.pool.PoolBase - HikariPool-2 - Failed to validate connection org.postgresql.jdbc.PgConnection@5cf6b3cd (This connection has been closed.). Possibly consider using a shorter maxLifetime value.
2026-07-29 18:26:12.280 WARN  com.zaxxer.hikari.pool.HikariPool - HikariPool-2 - Thread starvation or clock leap detected (housekeeper delta=56m35s649ms642µs600ns).
2026-07-29 18:26:27.061 WARN  com.zaxxer.hikari.pool.PoolBase - HikariPool-2 - Pool is empty, failed to create/setup connection (93de4d20-c257-42db-90bd-bed714c82925)
org.postgresql.util.PSQLException: The connection attempt failed.
	at org.postgresql.core.v3.ConnectionFactoryImpl.openConnectionImpl(ConnectionFactoryImpl.java:385)
	at org.postgresql.core.ConnectionFactory.openConnection(ConnectionFactory.java:57)
	at org.postgresql.jdbc.PgConnection.<init>(PgConnection.java:277)
	at org.postgresql.Driver.makeConnection(Driver.java:448)
	at org.postgresql.Driver.connect(Driver.java:298)
	at com.zaxxer.hikari.util.DriverDataSource.getConnection(DriverDataSource.java:144)
	at com.zaxxer.hikari.pool.PoolBase.newConnection(PoolBase.java:373)
	at com.zaxxer.hikari.pool.PoolBase.newPoolEntry(PoolBase.java:210)
	at com.zaxxer.hikari.pool.HikariPool.createPoolEntry(HikariPool.java:488)
	at com.zaxxer.hikari.pool.HikariPool$PoolEntryCreator.call(HikariPool.java:752)
	at com.zaxxer.hikari.pool.HikariPool$PoolEntryCreator.call(HikariPool.java:731)
	at java.base/java.util.concurrent.FutureTask.run(FutureTask.java:317)
	at java.base/java.util.concurrent.ThreadPoolExecutor.runWorker(ThreadPoolExecutor.java:1144)
	at java.base/java.util.concurrent.ThreadPoolExecutor$Worker.run(ThreadPoolExecutor.java:642)
	at java.base/java.lang.Thread.run(Thread.java:1583)
Caused by: java.net.SocketTimeoutException: Connect timed out
	at java.base/sun.nio.ch.NioSocketImpl.timedFinishConnect(NioSocketImpl.java:546)
	at java.base/sun.nio.ch.NioSocketImpl.connect(NioSocketImpl.java:592)
	at java.base/java.net.SocksSocketImpl.connect(SocksSocketImpl.java:327)
	at java.base/java.net.Socket.connect(Socket.java:751)
	at org.postgresql.core.PGStream.createSocket(PGStream.java:261)
	at org.postgresql.core.PGStream.<init>(PGStream.java:122)
	at org.postgresql.core.v3.ConnectionFactoryImpl.tryConnect(ConnectionFactoryImpl.java:146)
	at org.postgresql.core.v3.ConnectionFactoryImpl.openConnectionImpl(ConnectionFactoryImpl.java:289)
	... 14 common frames omitted
